year,district,junior_high_school,junior_high_school_code,senior_high_school,senior_high_school_code,min_score,score_full_mark,is_tie_preferred,s综合评价,yw_sx,yw_math,yw_chinese,yw_comprehensive,source_doc,source_page,note
2022,黄浦区,上海市格致初级中学,,上海市格致中学,,749,800,,,413,148,121,140,【黄浦】【2022】名额到校最低分数线.pdf,1,2022 官方表无「是否同分优待」与「综合素质评价」列，综合素质评价按官方注明 50 填入
2022,黄浦区,上海市格致初级中学,,上海市格致中学（奉贤校区）,,726,800,,,402,130,130,129,【黄浦】【2022】名额到校最低分数线.pdf,1,2022 官方表无「是否同分优待」与「综合素质评价」列，综合素质评价按官方注明 50 填入
2022,黄浦区,上海市格致初级中学,,上海市大同中学,,739,800,,,412,141,130,133,【黄浦】【2022】名额到校最低分数线.pdf,1,2022 官方表无「是否同分优待」与「综合素质评价」列，综合素质评价按官方注明 50 填入
2022,黄浦区,上海市格致初级中学,,上海市向明中学,,736,800,,,403,131,130,136,【黄浦】【2022】名额到校最低分数线.pdf,1,2022 官方表无「是否同分优待」与「综合素质评价」列，综合素质评价按官方注明 50 填入
2022,黄浦区,上海市格致初级中学,,上海市向明中学（浦江校区）,,673.5,800,,,355.5,124,118,122,【黄浦】【2022】名额到校最低分数线.pdf,1,2022 官方表无「是否同分优待」与「综合素质评价」列，综合素质评价按官方注明 50 填入
2022,黄浦区,上海市格致初级中学,,上海外国语大学附属大境中学,,689.5,800,,,371.5,117,120,127,【黄浦】【2022】名额到校最低分数线.pdf,1,2022 官方表无「是否同分优待」与「综合素质评价」列，综合素质评价按官方注明 50 填入
2022,黄浦区,上海市格致初级中学,,上海市光明中学,,696.5,800,,,386.5,126,126,118,【黄浦】【2022】名额到校最低分数线.pdf,1,2022 官方表无「是否同分优待」与「综合素质评价」列，综合素质评价按官方注明 50 填入
2022,黄浦区,上海市格致初级中学,,上海市敬业中学,,708.5,800,,,398.5,127,137,122,【黄浦】【2022】名额到校最低分数线.pdf,1,2022 官方表无「是否同分优待」与「综合素质评价」列，综合素质评价按官方注明 50 填入
2022,黄浦区,上海市格致初级中学,,上海市卢湾高级中学,,700.5,800,,,381.5,112,134,124,【黄浦】【2022】名额到校最低分数线.pdf,1,2022 官方表无「是否同分优待」与「综合素质评价」列，综合素质评价按官方注明 50 填入
2022,黄浦区,上海市格致初级中学,,上海师范大学附属中学,,726,800,,,389,125,124,137,【黄浦】【2022】名额到校最低分数线.pdf,1,2022 官方表无「是否同分优待」与「综合素质评价」列，综合素质评价按官方注明 50 填入
2022,黄浦区,上海市大同初级中学,,上海市格致中学,,746,800,,,417,134,138,131,【黄浦】【2022】名额到校最低分数线.pdf,1,2022 官方表无「是否同分优待」与「综合素质评价」列，综合素质评价按官方注明 50 填入
2022,黄浦区,上海市大同初级中学,,上海市格致中学（奉贤校区）,,721.5,800,,,391.5,125,129,134,【黄浦】【2022】名额到校最低分数线.pdf,1,2022 官方表无「是否同分优待」与「综合素质评价」列，综合素质评价按官方注明 50 填入
2022,黄浦区,上海市大同初级中学,,上海市大同中学,,752,800,,,409,133,133,144,【黄浦】【2022】名额到校最低分数线.pdf,1,2022 官方表无「是否同分优待」与「综合素质评价」列，综合素质评价按官方注明 50 填入
2022,黄浦区,上海市大同初级中学,,上海市向明中学,,735,800,,,398,133,128,139,【黄浦】【2022】名额到校最低分数线.pdf,1,2022 官方表无「是否同分优待」与「综合素质评价」列，综合素质评价按官方注明 50 填入
2022,黄浦区,上海市大同初级中学,,上海外国语大学附属大境中学,,726,800,,,401,129,125,127,【黄浦】【2022】名额到校最低分数线.pdf,1,2022 官方表无「是否同分优待」与「综合素质评价」列，综合素质评价按官方注明 50 填入
2022,黄浦区,上海市大同初级中学,,上海市光明中学,,704.5,800,,,398.5,125,132,117,【黄浦】【2022】名额到校最低分数线.pdf,1,2022 官方表无「是否同分优待」与「综合素质评价」列，综合素质评价按官方注明 50 填入
2022,黄浦区,上海市大同初级中学,,上海市敬业中学,,672,800,,,353,119,120,121,【黄浦】【2022】名额到校最低分数线.pdf,1,2022 官方表无「是否同分优待」与「综合素质评价」列，综合素质评价按官方注明 50 填入
2022,黄浦区,上海市大同初级中学,,上海市卢湾高级中学,,709,800,,,379,125,132,117,【黄浦】【2022】名额到校最低分数线.pdf,1,2022 官方表无「是否同分优待」与「综合素质评价」列，综合素质评价按官方注明 50 填入
2022,黄浦区,上海市大同初级中学,,上海交通大学附属中学,,763,800,,,421,143,134,140,【黄浦】【2022】名额到校最低分数线.pdf,1,2022 官方表无「是否同分优待」与「综合素质评价」列，综合素质评价按官方注明 50 填入
2022,黄浦区,上海市向明初级中学,,上海市格致中学,,728,800,,,396,118,135,137,【黄浦】【2022】名额到校最低分数线.pdf,1,2022 官方表无「是否同分优待」与「综合素质评价」列，综合素质评价按官方注明 50 填入
2022,黄浦区,上海市向明初级中学,,上海市格致中学（奉贤校区）,,736,800,,,404,122,137,137,【黄浦】【2022】名额到校最低分数线.pdf,1,2022 官方表无「是否同分优待」与「综合素质评价」列，综合素质评价按官方注明 50 填入
2022,黄浦区,上海市向明初级中学,,上海市大同中学,,730,800,,,400,131,129,137,【黄浦】【2022】名额到校最低分数线.pdf,1,2022 官方表无「是否同分优待」与「综合素质评价」列，综合素质评价按官方注明 50 填入
2022,黄浦区,上海市向明初级中学,,上海市向明中学,,741.5,800,,,401.5,133,130,147,【黄浦】【2022】名额到校最低分数线.pdf,1,2022 官方表无「是否同分优待」与「综合素质评价」列，综合素质评价按官方注明 50 填入
2022,黄浦区,上海市向明初级中学,,上海市向明中学（浦江校区）,,735.5,800,,,398.5,130,125,140,【黄浦】【2022】名额到校最低分数线.pdf,2,2022 官方表无「是否同分优待」与「综合素质评价」列，综合素质评价按官方注明 50 填入
2022,黄浦区,上海市向明初级中学,,上海外国语大学附属大境中学,,709,800,,,388,113,134,130,【黄浦】【2022】名额到校最低分数线.pdf,2,2022 官方表无「是否同分优待」与「综合素质评价」列，综合素质评价按官方注明 50 填入
2022,黄浦区,上海市向明初级中学,,上海市光明中学,,708.5,800,,,395.5,116,138,117,【黄浦】【2022】名额到校最低分数线.pdf,2,2022 官方表无「是否同分优待」与「综合素质评价」列，综合素质评价按官方注明 50 填入
2022,黄浦区,上海市向明初级中学,,上海市敬业中学,,710.5,800,,,388.5,114,131,132,【黄浦】【2022】名额到校最低分数线.pdf,2,2022 官方表无「是否同分优待」与「综合素质评价」列，综合素质评价按官方注明 50 填入
2022,黄浦区,上海市向明初级中学,,上海市卢湾高级中学,,714.5,800,,,385.5,125,126,133,【黄浦】【2022】名额到校最低分数线.pdf,2,2022 官方表无「是否同分优待」与「综合素质评价」列，综合素质评价按官方注明 50 填入
2022,黄浦区,上海市向明初级中学,,华东师范大学第二附属中学,,770,800,,,428,146,141,145,【黄浦】【2022】名额到校最低分数线.pdf,2,2022 官方表无「是否同分优待」与「综合素质评价」列，综合素质评价按官方注明 50 填入
2022,黄浦区,上海外国语大学附属大境初级中学,,上海市格致中学,,747,800,,,402,134,129,146,【黄浦】【2022】名额到校最低分数线.pdf,2,2022 官方表无「是否同分优待」与「综合素质评价」列，综合素质评价按官方注明 50 填入
2022,黄浦区,上海外国语大学附属大境初级中学,,上海市格致中学（奉贤校区）,,730,800,,,391,125,131,137,【黄浦】【2022】名额到校最低分数线.pdf,2,2022 官方表无「是否同分优待」与「综合素质评价」列，综合素质评价按官方注明 50 填入
2022,黄浦区,上海外国语大学附属大境初级中学,,上海市大同中学,,742,800,,,408,141,127,136,【黄浦】【2022】名额到校最低分数线.pdf,2,2022 官方表无「是否同分优待」与「综合素质评价」列，综合素质评价按官方注明 50 填入
2022,黄浦区,上海外国语大学附属大境初级中学,,上海市向明中学,,672.5,800,,,364.5,121,125,116,【黄浦】【2022】名额到校最低分数线.pdf,2,2022 官方表无「是否同分优待」与「综合素质评价」列，综合素质评价按官方注明 50 填入
2022,黄浦区,上海外国语大学附属大境初级中学,,上海市向明中学（浦江校区）,,723.5,800,,,395.5,125,128,131,【黄浦】【2022】名额到校最低分数线.pdf,2,2022 官方表无「是否同分优待」与「综合素质评价」列，综合素质评价按官方注明 50 填入
2022,黄浦区,上海外国语大学附属大境初级中学,,上海外国语大学附属大境中学,,706,800,,,387,128,123,123,【黄浦】【2022】名额到校最低分数线.pdf,2,2022 官方表无「是否同分优待」与「综合素质评价」列，综合素质评价按官方注明 50 填入
2022,黄浦区,上海外国语大学附属大境初级中学,,上海市光明中学,,703.5,800,,,384.5,119,128,126,【黄浦】【2022】名额到校最低分数线.pdf,2,2022 官方表无「是否同分优待」与「综合素质评价」列，综合素质评价按官方注明 50 填入
2022,黄浦区,上海外国语大学附属大境初级中学,,上海市敬业中学,,727,800,,,410,135,132,126,【黄浦】【2022】名额到校最低分数线.pdf,2,2022 官方表无「是否同分优待」与「综合素质评价」列，综合素质评价按官方注明 50 填入
2022,黄浦区,上海外国语大学附属大境初级中学,,上海市卢湾高级中学,,704.5,800,,,399.5,129,131,115,【黄浦】【2022】名额到校最低分数线.pdf,2,2022 官方表无「是否同分优待」与「综合素质评价」列，综合素质评价按官方注明 50 填入
2022,黄浦区,上海市光明初级中学,,上海市格致中学,,731.5,800,,,394.5,119,132,138,【黄浦】【2022】名额到校最低分数线.pdf,2,2022 官方表无「是否同分优待」与「综合素质评价」列，综合素质评价按官方注明 50 填入
2022,黄浦区,上海市光明初级中学,,上海市格致中学（奉贤校区）,,708,800,,,384,122,129,134,【黄浦】【2022】名额到校最低分数线.pdf,2,2022 官方表无「是否同分优待」与「综合素质评价」列，综合素质评价按官方注明 50 填入
2022,黄浦区,上海市光明初级中学,,上海市大同中学,,755,800,,,422,146,134,138,【黄浦】【2022】名额到校最低分数线.pdf,2,2022 官方表无「是否同分优待」与「综合素质评价」列，综合素质评价按官方注明 50 填入
2022,黄浦区,上海市光明初级中学,,上海市向明中学,,720,800,,,397,126,132,127,【黄浦】【2022】名额到校最低分数线.pdf,2,2022 官方表无「是否同分优待」与「综合素质评价」列，综合素质评价按官方注明 50 填入
2022,黄浦区,上海市光明初级中学,,上海市向明中学（浦江校区）,,702,800,,,382,123,121,127,【黄浦】【2022】名额到校最低分数线.pdf,2,2022 官方表无「是否同分优待」与「综合素质评价」列，综合素质评价按官方注明 50 填入
2022,黄浦区,上海市光明初级中学,,上海外国语大学附属大境中学,,696.5,800,,,387.5,128,130,121,【黄浦】【2022】名额到校最低分数线.pdf,2,2022 官方表无「是否同分优待」与「综合素质评价」列，综合素质评价按官方注明 50 填入
2022,黄浦区,上海市光明初级中学,,上海市光明中学,,674,800,,,367,111,122,113,【黄浦】【2022】名额到校最低分数线.pdf,2,2022 官方表无「是否同分优待」与「综合素质评价」列，综合素质评价按官方注明 50 填入
2022,黄浦区,上海市光明初级中学,,上海市敬业中学,,710.5,800,,,377.5,127,131,141,【黄浦】【2022】名额到校最低分数线.pdf,2,2022 官方表无「是否同分优待」与「综合素质评价」列，综合素质评价按官方注明 50 填入
2022,黄浦区,上海市光明初级中学,,上海市卢湾高级中学,,665,800,,,362,119,123,111,【黄浦】【2022】名额到校最低分数线.pdf,3,2022 官方表无「是否同分优待」与「综合素质评价」列，综合素质评价按官方注明 50 填入
2022,黄浦区,上海市光明初级中学,,上海交通大学附属中学,,758.5,800,,,413.5,144,129,148,【黄浦】【2022】名额到校最低分数线.pdf,3,2022 官方表无「是否同分优待」与「综合素质评价」列，综合素质评价按官方注明 50 填入
2022,黄浦区,上海市敬业初级中学,,上海市格致中学,,719.5,800,,,403.5,133,127,122,【黄浦】【2022】名额到校最低分数线.pdf,3,2022 官方表无「是否同分优待」与「综合素质评价」列，综合素质评价按官方注明 50 填入
2022,黄浦区,上海市敬业初级中学,,上海市格致中学（奉贤校区）,,703.5,800,,,382.5,114,128,126,【黄浦】【2022】名额到校最低分数线.pdf,3,2022 官方表无「是否同分优待」与「综合素质评价」列，综合素质评价按官方注明 50 填入
2022,黄浦区,上海市敬业初级中学,,上海市大同中学,,754.5,800,,,415.5,137,136,142,【黄浦】【2022】名额到校最低分数线.pdf,3,2022 官方表无「是否同分优待」与「综合素质评价」列，综合素质评价按官方注明 50 填入
2022,黄浦区,上海市敬业初级中学,,上海市向明中学,,726,800,,,400,136,130,131,【黄浦】【2022】名额到校最低分数线.pdf,3,2022 官方表无「是否同分优待」与「综合素质评价」列，综合素质评价按官方注明 50 填入
2022,黄浦区,上海市敬业初级中学,,上海市向明中学（浦江校区）,,689.5,800,,,384.5,126,123,115,【黄浦】【2022】名额到校最低分数线.pdf,3,2022 官方表无「是否同分优待」与「综合素质评价」列，综合素质评价按官方注明 50 填入
2022,黄浦区,上海市敬业初级中学,,上海外国语大学附属大境中学,,695.5,800,,,385.5,119,129,125,【黄浦】【2022】名额到校最低分数线.pdf,3,2022 官方表无「是否同分优待」与「综合素质评价」列，综合素质评价按官方注明 50 填入
2022,黄浦区,上海市敬业初级中学,,上海市光明中学,,692,800,,,366,116,127,129,【黄浦】【2022】名额到校最低分数线.pdf,3,2022 官方表无「是否同分优待」与「综合素质评价」列，综合素质评价按官方注明 50 填入
2022,黄浦区,上海市敬业初级中学,,上海市敬业中学,,696,800,,,388,116,133,115,【黄浦】【2022】名额到校最低分数线.pdf,3,2022 官方表无「是否同分优待」与「综合素质评价」列，综合素质评价按官方注明 50 填入
2022,黄浦区,上海市敬业初级中学,,上海市卢湾高级中学,,689.5,800,,,367.5,113,121,129,【黄浦】【2022】名额到校最低分数线.pdf,3,2022 官方表无「是否同分优待」与「综合素质评价」列，综合素质评价按官方注明 50 填入
2022,黄浦区,上海市卢湾中学,,上海市格致中学,,744.5,800,,,407.5,143,125,139,【黄浦】【2022】名额到校最低分数线.pdf,3,2022 官方表无「是否同分优待」与「综合素质评价」列，综合素质评价按官方注明 50 填入
2022,黄浦区,上海市卢湾中学,,上海市格致中学（奉贤校区）,,745.5,800,,,408.5,143,128,142,【黄浦】【2022】名额到校最低分数线.pdf,3,2022 官方表无「是否同分优待」与「综合素质评价」列，综合素质评价按官方注明 50 填入
2022,黄浦区,上海市卢湾中学,,上海市大同中学,,759,800,,,412,137,132,143,【黄浦】【2022】名额到校最低分数线.pdf,3,2022 官方表无「是否同分优待」与「综合素质评价」列，综合素质评价按官方注明 50 填入
2022,黄浦区,上海市卢湾中学,,上海市向明中学,,736,800,,,398,134,128,141,【黄浦】【2022】名额到校最低分数线.pdf,3,2022 官方表无「是否同分优待」与「综合素质评价」列，综合素质评价按官方注明 50 填入
2022,黄浦区,上海市卢湾中学,,上海市向明中学（浦江校区）,,732,800,,,399,145,119,135,【黄浦】【2022】名额到校最低分数线.pdf,3,2022 官方表无「是否同分优待」与「综合素质评价」列，综合素质评价按官方注明 50 填入
2022,黄浦区,上海市卢湾中学,,上海外国语大学附属大境中学,,718,800,,,391,119,131,130,【黄浦】【2022】名额到校最低分数线.pdf,3,2022 官方表无「是否同分优待」与「综合素质评价」列，综合素质评价按官方注明 50 填入
2022,黄浦区,上海市卢湾中学,,上海市光明中学,,698.5,800,,,382.5,127,125,121,【黄浦】【2022】名额到校最低分数线.pdf,3,2022 官方表无「是否同分优待」与「综合素质评价」列，综合素质评价按官方注明 50 填入
2022,黄浦区,上海市卢湾中学,,上海市敬业中学,,718.5,800,,,392.5,137,123,134,【黄浦】【2022】名额到校最低分数线.pdf,3,2022 官方表无「是否同分优待」与「综合素质评价」列，综合素质评价按官方注明 50 填入
2022,黄浦区,上海市卢湾中学,,上海市卢湾高级中学,,721.5,800,,,386.5,120,130,141,【黄浦】【2022】名额到校最低分数线.pdf,3,2022 官方表无「是否同分优待」与「综合素质评价」列，综合素质评价按官方注明 50 填入
2022,黄浦区,上海市市八初级中学,,上海市格致中学,,708,800,,,390,127,123,122,【黄浦】【2022】名额到校最低分数线.pdf,3,2022 官方表无「是否同分优待」与「综合素质评价」列，综合素质评价按官方注明 50 填入
2022,黄浦区,上海市市八初级中学,,上海市格致中学（奉贤校区）,,737,800,,,401,132,135,140,【黄浦】【2022】名额到校最低分数线.pdf,3,2022 官方表无「是否同分优待」与「综合素质评价」列，综合素质评价按官方注明 50 填入
2022,黄浦区,上海市市八初级中学,,上海市大同中学,,734.5,800,,,405.5,138,130,134,【黄浦】【2022】名额到校最低分数线.pdf,3,2022 官方表无「是否同分优待」与「综合素质评价」列，综合素质评价按官方注明 50 填入
2022,黄浦区,上海市市八初级中学,,上海市向明中学,,706,800,,,387,123,129,120,【黄浦】【2022】名额到校最低分数线.pdf,4,2022 官方表无「是否同分优待」与「综合素质评价」列，综合素质评价按官方注明 50 填入
2022,黄浦区,上海市市八初级中学,,上海市向明中学（浦江校区）,,721.5,800,,,393.5,122,129,134,【黄浦】【2022】名额到校最低分数线.pdf,4,2022 官方表无「是否同分优待」与「综合素质评价」列，综合素质评价按官方注明 50 填入
2022,黄浦区,上海市市八初级中学,,上海外国语大学附属大境中学,,707,800,,,382,120,131,128,【黄浦】【2022】名额到校最低分数线.pdf,4,2022 官方表无「是否同分优待」与「综合素质评价」列，综合素质评价按官方注明 50 填入
2022,黄浦区,上海市市八初级中学,,上海市光明中学,,689,800,,,370,106,126,123,【黄浦】【2022】名额到校最低分数线.pdf,4,2022 官方表无「是否同分优待」与「综合素质评价」列，综合素质评价按官方注明 50 填入
2022,黄浦区,上海市市八初级中学,,上海市敬业中学,,717,800,,,399,124,132,126,【黄浦】【2022】名额到校最低分数线.pdf,4,2022 官方表无「是否同分优待」与「综合素质评价」列，综合素质评价按官方注明 50 填入
2022,黄浦区,上海市市八初级中学,,上海市卢湾高级中学,,689.5,800,,,377.5,109,131,122,【黄浦】【2022】名额到校最低分数线.pdf,4,2022 官方表无「是否同分优待」与「综合素质评价」列，综合素质评价按官方注明 50 填入
2022,黄浦区,上海市市八初级中学,,华东师范大学第二附属中学,,758.5,800,,,417.5,139,137,143,【黄浦】【2022】名额到校最低分数线.pdf,4,2022 官方表无「是否同分优待」与「综合素质评价」列，综合素质评价按官方注明 50 填入
2022,黄浦区,上海市尚文中学,,上海市格致中学,,709,800,,,398,131,127,122,【黄浦】【2022】名额到校最低分数线.pdf,4,2022 官方表无「是否同分优待」与「综合素质评价」列，综合素质评价按官方注明 50 填入
2022,黄浦区,上海市尚文中学,,上海市格致中学（奉贤校区）,,728,800,,,410,142,130,130,【黄浦】【2022】名额到校最低分数线.pdf,4,2022 官方表无「是否同分优待」与「综合素质评价」列，综合素质评价按官方注明 50 填入
2022,黄浦区,上海市尚文中学,,上海市大同中学,,735,800,,,404,130,132,134,【黄浦】【2022】名额到校最低分数线.pdf,4,2022 官方表无「是否同分优待」与「综合素质评价」列，综合素质评价按官方注明 50 填入
2022,黄浦区,上海市尚文中学,,上海市向明中学,,707,800,,,389,133,127,130,【黄浦】【2022】名额到校最低分数线.pdf,4,2022 官方表无「是否同分优待」与「综合素质评价」列，综合素质评价按官方注明 50 填入
2022,黄浦区,上海市尚文中学,,上海市向明中学（浦江校区）,,679,800,,,378,113,129,109,【黄浦】【2022】名额到校最低分数线.pdf,4,2022 官方表无「是否同分优待」与「综合素质评价」列，综合素质评价按官方注明 50 填入
2022,黄浦区,上海市尚文中学,,上海外国语大学附属大境中学,,671,800,,,374,115,125,108,【黄浦】【2022】名额到校最低分数线.pdf,4,2022 官方表无「是否同分优待」与「综合素质评价」列，综合素质评价按官方注明 50 填入
2022,黄浦区,上海市尚文中学,,上海市光明中学,,695.5,800,,,387.5,126,131,116,【黄浦】【2022】名额到校最低分数线.pdf,4,2022 官方表无「是否同分优待」与「综合素质评价」列，综合素质评价按官方注明 50 填入
2022,黄浦区,上海市尚文中学,,上海市敬业中学,,700.5,800,,,378.5,134,119,130,【黄浦】【2022】名额到校最低分数线.pdf,4,2022 官方表无「是否同分优待」与「综合素质评价」列，综合素质评价按官方注明 50 填入
2022,黄浦区,上海市尚文中学,,上海市卢湾高级中学,,681.5,800,,,375.5,117,128,114,【黄浦】【2022】名额到校最低分数线.pdf,4,2022 官方表无「是否同分优待」与「综合素质评价」列，综合素质评价按官方注明 50 填入
2022,黄浦区,上海市尚文中学,,上海市上海中学,,766,800,,,432,148,141,138,【黄浦】【2022】名额到校最低分数线.pdf,4,2022 官方表无「是否同分优待」与「综合素质评价」列，综合素质评价按官方注明 50 填入
2022,黄浦区,上海交通大学附属黄浦实验中学,,上海市格致中学,,714.5,800,,,390.5,126,132,129,【黄浦】【2022】名额到校最低分数线.pdf,4,2022 官方表无「是否同分优待」与「综合素质评价」列，综合素质评价按官方注明 50 填入
2022,黄浦区,上海交通大学附属黄浦实验中学,,上海市格致中学（奉贤校区）,,703,800,,,382,123,125,125,【黄浦】【2022】名额到校最低分数线.pdf,4,2022 官方表无「是否同分优待」与「综合素质评价」列，综合素质评价按官方注明 50 填入
2022,黄浦区,上海交通大学附属黄浦实验中学,,上海市大同中学,,724,800,,,395,133,128,133,【黄浦】【2022】名额到校最低分数线.pdf,4,2022 官方表无「是否同分优待」与「综合素质评价」列，综合素质评价按官方注明 50 填入
2022,黄浦区,上海交通大学附属黄浦实验中学,,上海市向明中学,,726.5,800,,,393.5,124,130,136,【黄浦】【2022】名额到校最低分数线.pdf,4,2022 官方表无「是否同分优待」与「综合素质评价」列，综合素质评价按官方注明 50 填入
2022,黄浦区,上海交通大学附属黄浦实验中学,,上海市向明中学（浦江校区）,,725,800,,,402,135,129,127,【黄浦】【2022】名额到校最低分数线.pdf,4,2022 官方表无「是否同分优待」与「综合素质评价」列，综合素质评价按官方注明 50 填入
2022,黄浦区,上海交通大学附属黄浦实验中学,,上海外国语大学附属大境中学,,705,800,,,386,134,123,124,【黄浦】【2022】名额到校最低分数线.pdf,4,2022 官方表无「是否同分优待」与「综合素质评价」列，综合素质评价按官方注明 50 填入
2022,黄浦区,上海交通大学附属黄浦实验中学,,上海市光明中学,,681.5,800,,,380.5,130,120,109,【黄浦】【2022】名额到校最低分数线.pdf,5,2022 官方表无「是否同分优待」与「综合素质评价」列，综合素质评价按官方注明 50 填入
2022,黄浦区,上海交通大学附属黄浦实验中学,,上海市敬业中学,,703,800,,,385,125,128,129,【黄浦】【2022】名额到校最低分数线.pdf,5,2022 官方表无「是否同分优待」与「综合素质评价」列，综合素质评价按官方注明 50 填入
2022,黄浦区,上海交通大学附属黄浦实验中学,,上海市卢湾高级中学,,702.5,800,,,389.5,125,132,118,【黄浦】【2022】名额到校最低分数线.pdf,5,2022 官方表无「是否同分优待」与「综合素质评价」列，综合素质评价按官方注明 50 填入
2022,黄浦区,上海交通大学附属黄浦实验中学,,复旦大学附属中学,,746,800,,,414,132,137,134,【黄浦】【2022】名额到校最低分数线.pdf,5,2022 官方表无「是否同分优待」与「综合素质评价」列，综合素质评价按官方注明 50 填入
2022,黄浦区,上海市清华中学,,上海市格致中学,,718.5,800,,,399,126,132,128,【黄浦】【2022】名额到校最低分数线.pdf,5,2022 官方表无「是否同分优待」与「综合素质评价」列，综合素质评价按官方注明 50 填入
2022,黄浦区,上海市清华中学,,上海市格致中学（奉贤校区）,,704.5,800,,,386,127,124,127,【黄浦】【2022】名额到校最低分数线.pdf,5,2022 官方表无「是否同分优待」与「综合素质评价」列，综合素质评价按官方注明 50 填入
2022,黄浦区,上海市清华中学,,上海市大同中学,,743,800,,,418,138,138,130,【黄浦】【2022】名额到校最低分数线.pdf,5,2022 官方表无「是否同分优待」与「综合素质评价」列，综合素质评价按官方注明 50 填入
2022,黄浦区,上海市清华中学,,上海市向明中学,,724,800,,,404.5,124,137,128,【黄浦】【2022】名额到校最低分数线.pdf,5,2022 官方表无「是否同分优待」与「综合素质评价」列，综合素质评价按官方注明 50 填入
2022,黄浦区,上海市清华中学,,上海市向明中学（浦江校区）,,673.5,800,,,374.5,121,118,107,【黄浦】【2022】名额到校最低分数线.pdf,5,2022 官方表无「是否同分优待」与「综合素质评价」列，综合素质评价按官方注明 50 填入
2022,黄浦区,上海市清华中学,,上海外国语大学附属大境中学,,689,800,,,372,104,132,127,【黄浦】【2022】名额到校最低分数线.pdf,5,2022 官方表无「是否同分优待」与「综合素质评价」列，综合素质评价按官方注明 50 填入
2022,黄浦区,上海市清华中学,,上海市光明中学,,694,800,,,380.5,112,130,119,【黄浦】【2022】名额到校最低分数线.pdf,5,2022 官方表无「是否同分优待」与「综合素质评价」列，综合素质评价按官方注明 50 填入
2022,黄浦区,上海市清华中学,,上海市敬业中学,,686,800,,,366,110,119,128,【黄浦】【2022】名额到校最低分数线.pdf,5,2022 官方表无「是否同分优待」与「综合素质评价」列，综合素质评价按官方注明 50 填入
2022,黄浦区,上海市清华中学,,上海市卢湾高级中学,,674.5,800,,,361.5,120,117,117,【黄浦】【2022】名额到校最低分数线.pdf,5,2022 官方表无「是否同分优待」与「综合素质评价」列，综合素质评价按官方注明 50 填入
2022,黄浦区,上海市第十中学,,上海市格致中学,,740,800,,,407,138,131,139,【黄浦】【2022】名额到校最低分数线.pdf,5,2022 官方表无「是否同分优待」与「综合素质评价」列，综合素质评价按官方注明 50 填入
2022,黄浦区,上海市第十中学,,上海市格致中学（奉贤校区）,,737.5,800,,,405.5,125,140,139,【黄浦】【2022】名额到校最低分数线.pdf,5,2022 官方表无「是否同分优待」与「综合素质评价」列，综合素质评价按官方注明 50 填入
2022,黄浦区,上海市第十中学,,上海市大同中学,,722.5,800,,,393.5,133,126,134,【黄浦】【2022】名额到校最低分数线.pdf,5,2022 官方表无「是否同分优待」与「综合素质评价」列，综合素质评价按官方注明 50 填入
2022,黄浦区,上海市第十中学,,上海市向明中学,,712,800,,,393,132,126,124,【黄浦】【2022】名额到校最低分数线.pdf,5,2022 官方表无「是否同分优待」与「综合素质评价」列，综合素质评价按官方注明 50 填入
2022,黄浦区,上海市第十中学,,上海市向明中学（浦江校区）,,722,800,,,397,126,131,131,【黄浦】【2022】名额到校最低分数线.pdf,5,2022 官方表无「是否同分优待」与「综合素质评价」列，综合素质评价按官方注明 50 填入
2022,黄浦区,上海市第十中学,,上海外国语大学附属大境中学,,697.5,800,,,384.5,126,118,121,【黄浦】【2022】名额到校最低分数线.pdf,5,2022 官方表无「是否同分优待」与「综合素质评价」列，综合素质评价按官方注明 50 填入
2022,黄浦区,上海市第十中学,,上海市光明中学,,693,800,,,394,122,130,107,【黄浦】【2022】名额到校最低分数线.pdf,5,2022 官方表无「是否同分优待」与「综合素质评价」列，综合素质评价按官方注明 50 填入
2022,黄浦区,上海市第十中学,,上海市敬业中学,,702.5,800,,,376.5,128,125,140,【黄浦】【2022】名额到校最低分数线.pdf,5,2022 官方表无「是否同分优待」与「综合素质评价」列，综合素质评价按官方注明 50 填入
2022,黄浦区,上海市第十中学,,上海市卢湾高级中学,,694,800,,,366,115,119,131,【黄浦】【2022】名额到校最低分数线.pdf,5,2022 官方表无「是否同分优待」与「综合素质评价」列，综合素质评价按官方注明 50 填入
2022,黄浦区,上海理工大学附属储能中学,,上海市格致中学,,741.5,800,,,402.5,140,119,143,【黄浦】【2022】名额到校最低分数线.pdf,5,2022 官方表无「是否同分优待」与「综合素质评价」列，综合素质评价按官方注明 50 填入
2022,黄浦区,上海理工大学附属储能中学,,上海市格致中学（奉贤校区）,,716.5,800,,,395.5,130,129,130,【黄浦】【2022】名额到校最低分数线.pdf,6,2022 官方表无「是否同分优待」与「综合素质评价」列，综合素质评价按官方注明 50 填入
2022,黄浦区,上海理工大学附属储能中学,,上海市大同中学,,710.5,800,,,400.5,130,131,118,【黄浦】【2022】名额到校最低分数线.pdf,6,2022 官方表无「是否同分优待」与「综合素质评价」列，综合素质评价按官方注明 50 填入
2022,黄浦区,上海理工大学附属储能中学,,上海市向明中学,,713.5,800,,,396.5,130,123,124,【黄浦】【2022】名额到校最低分数线.pdf,6,2022 官方表无「是否同分优待」与「综合素质评价」列，综合素质评价按官方注明 50 填入
2022,黄浦区,上海理工大学附属储能中学,,上海市向明中学（浦江校区）,,691.5,800,,,374.5,114,130,123,【黄浦】【2022】名额到校最低分数线.pdf,6,2022 官方表无「是否同分优待」与「综合素质评价」列，综合素质评价按官方注明 50 填入
2022,黄浦区,上海理工大学附属储能中学,,上海外国语大学附属大境中学,,700,800,,,387,120,128,119,【黄浦】【2022】名额到校最低分数线.pdf,6,2022 官方表无「是否同分优待」与「综合素质评价」列，综合素质评价按官方注明 50 填入
2022,黄浦区,上海理工大学附属储能中学,,上海市光明中学,,686,800,,,377,118,123,117,【黄浦】【2022】名额到校最低分数线.pdf,6,2022 官方表无「是否同分优待」与「综合素质评价」列，综合素质评价按官方注明 50 填入
2022,黄浦区,上海理工大学附属储能中学,,上海市敬业中学,,715.5,800,,,389.5,127,124,134,【黄浦】【2022】名额到校最低分数线.pdf,6,2022 官方表无「是否同分优待」与「综合素质评价」列，综合素质评价按官方注明 50 填入
2022,黄浦区,上海理工大学附属储能中学,,上海市卢湾高级中学,,693,800,,,379,128,119,120,【黄浦】【2022】名额到校最低分数线.pdf,6,2022 官方表无「是否同分优待」与「综合素质评价」列，综合素质评价按官方注明 50 填入
2022,黄浦区,上海市金陵中学,,上海市格致中学,,711.5,800,,,387.5,125,130,136,【黄浦】【2022】名额到校最低分数线.pdf,6,2022 官方表无「是否同分优待」与「综合素质评价」列，综合素质评价按官方注明 50 填入
2022,黄浦区,上海市金陵中学,,上海市格致中学（奉贤校区）,,714.5,800,,,396.5,130,133,123,【黄浦】【2022】名额到校最低分数线.pdf,6,2022 官方表无「是否同分优待」与「综合素质评价」列，综合素质评价按官方注明 50 填入
2022,黄浦区,上海市金陵中学,,上海市大同中学,,722.5,800,,,393.5,138,122,143,【黄浦】【2022】名额到校最低分数线.pdf,6,2022 官方表无「是否同分优待」与「综合素质评价」列，综合素质评价按官方注明 50 填入
2022,黄浦区,上海市金陵中学,,上海市向明中学,,706.5,800,,,397,130,128,118,【黄浦】【2022】名额到校最低分数线.pdf,6,2022 官方表无「是否同分优待」与「综合素质评价」列，综合素质评价按官方注明 50 填入
2022,黄浦区,上海市金陵中学,,上海市向明中学（浦江校区）,,693.5,800,,,368.5,121,121,136,【黄浦】【2022】名额到校最低分数线.pdf,6,2022 官方表无「是否同分优待」与「综合素质评价」列，综合素质评价按官方注明 50 填入
2022,黄浦区,上海市金陵中学,,上海外国语大学附属大境中学,,663.5,800,,,362.5,125,118,121,【黄浦】【2022】名额到校最低分数线.pdf,6,2022 官方表无「是否同分优待」与「综合素质评价」列，综合素质评价按官方注明 50 填入
2022,黄浦区,上海市金陵中学,,上海市光明中学,,678.5,800,,,372.5,120,122,121,【黄浦】【2022】名额到校最低分数线.pdf,6,2022 官方表无「是否同分优待」与「综合素质评价」列，综合素质评价按官方注明 50 填入
2022,黄浦区,上海市金陵中学,,上海市敬业中学,,692,800,,,369,116,123,129,【黄浦】【2022】名额到校最低分数线.pdf,6,2022 官方表无「是否同分优待」与「综合素质评价」列，综合素质评价按官方注明 50 填入
2022,黄浦区,上海市金陵中学,,上海市卢湾高级中学,,677.5,800,,,360.5,122,126,127,【黄浦】【2022】名额到校最低分数线.pdf,6,2022 官方表无「是否同分优待」与「综合素质评价」列，综合素质评价按官方注明 50 填入
2022,黄浦区,上海市金陵中学,,复旦大学附属中学,,773,800,,,430,150,137,144,【黄浦】【2022】名额到校最低分数线.pdf,6,2022 官方表无「是否同分优待」与「综合素质评价」列，综合素质评价按官方注明 50 填入
2022,黄浦区,上海市市南中学,,上海市格致中学,,722.5,800,,,395.5,131,124,130,【黄浦】【2022】名额到校最低分数线.pdf,6,2022 官方表无「是否同分优待」与「综合素质评价」列，综合素质评价按官方注明 50 填入
2022,黄浦区,上海市市南中学,,上海市格致中学（奉贤校区）,,739,800,,,406,124,137,135,【黄浦】【2022】名额到校最低分数线.pdf,6,2022 官方表无「是否同分优待」与「综合素质评价」列，综合素质评价按官方注明 50 填入
2022,黄浦区,上海市市南中学,,上海市大同中学,,733,800,,,403,133,130,138,【黄浦】【2022】名额到校最低分数线.pdf,6,2022 官方表无「是否同分优待」与「综合素质评价」列，综合素质评价按官方注明 50 填入
2022,黄浦区,上海市市南中学,,上海市向明中学,,719,800,,,399,141,125,123,【黄浦】【2022】名额到校最低分数线.pdf,6,2022 官方表无「是否同分优待」与「综合素质评价」列，综合素质评价按官方注明 50 填入
2022,黄浦区,上海市市南中学,,上海市向明中学（浦江校区）,,698.5,800,,,376,127,122,127,【黄浦】【2022】名额到校最低分数线.pdf,6,2022 官方表无「是否同分优待」与「综合素质评价」列，综合素质评价按官方注明 50 填入
2022,黄浦区,上海市市南中学,,上海外国语大学附属大境中学,,717,800,,,402.5,142,123,126,【黄浦】【2022】名额到校最低分数线.pdf,7,2022 官方表无「是否同分优待」与「综合素质评价」列，综合素质评价按官方注明 50 填入
2022,黄浦区,上海市市南中学,,上海市光明中学,,688,800,,,376,116,128,115,【黄浦】【2022】名额到校最低分数线.pdf,7,2022 官方表无「是否同分优待」与「综合素质评价」列，综合素质评价按官方注明 50 填入
2022,黄浦区,上海市市南中学,,上海市敬业中学,,690.5,800,,,371.5,118,117,118,【黄浦】【2022】名额到校最低分数线.pdf,7,2022 官方表无「是否同分优待」与「综合素质评价」列，综合素质评价按官方注明 50 填入
2022,黄浦区,上海市市南中学,,上海市卢湾高级中学,,712.5,800,,,390.5,131,124,127,【黄浦】【2022】名额到校最低分数线.pdf,7,2022 官方表无「是否同分优待」与「综合素质评价」列，综合素质评价按官方注明 50 填入
2022,黄浦区,上海音乐学院附属黄浦比乐中学,,上海市格致中学,,722.5,800,,,390.5,122,128,135,【黄浦】【2022】名额到校最低分数线.pdf,7,2022 官方表无「是否同分优待」与「综合素质评价」列，综合素质评价按官方注明 50 填入
2022,黄浦区,上海音乐学院附属黄浦比乐中学,,上海市格致中学（奉贤校区）,,729.5,800,,,407.5,142,123,135,【黄浦】【2022】名额到校最低分数线.pdf,7,2022 官方表无「是否同分优待」与「综合素质评价」列，综合素质评价按官方注明 50 填入
2022,黄浦区,上海音乐学院附属黄浦比乐中学,,上海市大同中学,,709.5,800,,,397.5,127,132,118,【黄浦】【2022】名额到校最低分数线.pdf,7,2022 官方表无「是否同分优待」与「综合素质评价」列，综合素质评价按官方注明 50 填入
2022,黄浦区,上海音乐学院附属黄浦比乐中学,,上海市向明中学,,687,800,,,361,106,130,129,【黄浦】【2022】名额到校最低分数线.pdf,7,2022 官方表无「是否同分优待」与「综合素质评价」列，综合素质评价按官方注明 50 填入
2022,黄浦区,上海音乐学院附属黄浦比乐中学,,上海市向明中学（浦江校区）,,696,800,,,385,121,128,118,【黄浦】【2022】名额到校最低分数线.pdf,7,2022 官方表无「是否同分优待」与「综合素质评价」列，综合素质评价按官方注明 50 填入
2022,黄浦区,上海音乐学院附属黄浦比乐中学,,上海外国语大学附属大境中学,,687,800,,,378,119,125,113,【黄浦】【2022】名额到校最低分数线.pdf,7,2022 官方表无「是否同分优待」与「综合素质评价」列，综合素质评价按官方注明 50 填入
2022,黄浦区,上海音乐学院附属黄浦比乐中学,,上海市光明中学,,676,800,,,369,109,130,118,【黄浦】【2022】名额到校最低分数线.pdf,7,2022 官方表无「是否同分优待」与「综合素质评价」列，综合素质评价按官方注明 50 填入
2022,黄浦区,上海音乐学院附属黄浦比乐中学,,上海市敬业中学,,693,800,,,386,128,124,113,【黄浦】【2022】名额到校最低分数线.pdf,7,2022 官方表无「是否同分优待」与「综合素质评价」列，综合素质评价按官方注明 50 填入
2022,黄浦区,上海音乐学院附属黄浦比乐中学,,上海市卢湾高级中学,,667,800,,,386.5,118,126,97,【黄浦】【2022】名额到校最低分数线.pdf,7,2022 官方表无「是否同分优待」与「综合素质评价」列，综合素质评价按官方注明 50 填入
2022,黄浦区,上海市黄浦学校,,上海市格致中学,,733,800,,,402,126,138,136,【黄浦】【2022】名额到校最低分数线.pdf,7,2022 官方表无「是否同分优待」与「综合素质评价」列，综合素质评价按官方注明 50 填入
2022,黄浦区,上海市黄浦学校,,上海市格致中学（奉贤校区）,,714,800,,,384.5,123,123,135,【黄浦】【2022】名额到校最低分数线.pdf,7,2022 官方表无「是否同分优待」与「综合素质评价」列，综合素质评价按官方注明 50 填入
2022,黄浦区,上海市黄浦学校,,上海市大同中学,,739.5,800,,,396.5,126,130,143,【黄浦】【2022】名额到校最低分数线.pdf,7,2022 官方表无「是否同分优待」与「综合素质评价」列，综合素质评价按官方注明 50 填入
2022,黄浦区,上海市黄浦学校,,上海市向明中学,,723,800,,,388,116,127,138,【黄浦】【2022】名额到校最低分数线.pdf,7,2022 官方表无「是否同分优待」与「综合素质评价」列，综合素质评价按官方注明 50 填入
2022,黄浦区,上海市黄浦学校,,上海市向明中学（浦江校区）,,697.5,800,,,383.5,112,135,118,【黄浦】【2022】名额到校最低分数线.pdf,7,2022 官方表无「是否同分优待」与「综合素质评价」列，综合素质评价按官方注明 50 填入
2022,黄浦区,上海市黄浦学校,,上海外国语大学附属大境中学,,697,800,,,379,117,127,128,【黄浦】【2022】名额到校最低分数线.pdf,7,2022 官方表无「是否同分优待」与「综合素质评价」列，综合素质评价按官方注明 50 填入
2022,黄浦区,上海市黄浦学校,,上海市光明中学,,676.5,800,,,369.5,118,118,118,【黄浦】【2022】名额到校最低分数线.pdf,7,2022 官方表无「是否同分优待」与「综合素质评价」列，综合素质评价按官方注明 50 填入
2022,黄浦区,上海市黄浦学校,,上海市敬业中学,,697.5,800,,,380.5,119,127,123,【黄浦】【2022】名额到校最低分数线.pdf,7,2022 官方表无「是否同分优待」与「综合素质评价」列，综合素质评价按官方注明 50 填入
2022,黄浦区,上海市黄浦学校,,上海市卢湾高级中学,,697.5,800,,,384.5,120,130,120,【黄浦】【2022】名额到校最低分数线.pdf,7,2022 官方表无「是否同分优待」与「综合素质评价」列，综合素质评价按官方注明 50 填入
2022,黄浦区,上海市黄浦区教育学院附属中山学校,,上海市格致中学,,745.5,800,,,400.5,132,128,149,【黄浦】【2022】名额到校最低分数线.pdf,7,2022 官方表无「是否同分优待」与「综合素质评价」列，综合素质评价按官方注明 50 填入
2022,黄浦区,上海市黄浦区教育学院附属中山学校,,上海市格致中学（奉贤校区）,,743.5,800,,,407.5,130,133,136,【黄浦】【2022】名额到校最低分数线.pdf,8,2022 官方表无「是否同分优待」与「综合素质评价」列，综合素质评价按官方注明 50 填入
2022,黄浦区,上海市黄浦区教育学院附属中山学校,,上海市大同中学,,745.5,800,,,408.5,138,132,143,【黄浦】【2022】名额到校最低分数线.pdf,8,2022 官方表无「是否同分优待」与「综合素质评价」列，综合素质评价按官方注明 50 填入
2022,黄浦区,上海市黄浦区教育学院附属中山学校,,上海市向明中学,,730.5,800,,,398.5,133,128,133,【黄浦】【2022】名额到校最低分数线.pdf,8,2022 官方表无「是否同分优待」与「综合素质评价」列，综合素质评价按官方注明 50 填入
2022,黄浦区,上海市黄浦区教育学院附属中山学校,,上海市向明中学（浦江校区）,,717.5,800,,,385.5,125,127,134,【黄浦】【2022】名额到校最低分数线.pdf,8,2022 官方表无「是否同分优待」与「综合素质评价」列，综合素质评价按官方注明 50 填入
2022,黄浦区,上海市黄浦区教育学院附属中山学校,,上海外国语大学附属大境中学,,724.5,800,,,402.5,134,135,129,【黄浦】【2022】名额到校最低分数线.pdf,8,2022 官方表无「是否同分优待」与「综合素质评价」列，综合素质评价按官方注明 50 填入
2022,黄浦区,上海市黄浦区教育学院附属中山学校,,上海市光明中学,,712,800,,,384,122,125,133,【黄浦】【2022】名额到校最低分数线.pdf,8,2022 官方表无「是否同分优待」与「综合素质评价」列，综合素质评价按官方注明 50 填入
2022,黄浦区,上海市黄浦区教育学院附属中山学校,,上海市敬业中学,,679,800,,,358,113,120,128,【黄浦】【2022】名额到校最低分数线.pdf,8,2022 官方表无「是否同分优待」与「综合素质评价」列，综合素质评价按官方注明 50 填入
2022,黄浦区,上海市黄浦区教育学院附属中山学校,,上海市卢湾高级中学,,718.5,800,,,385.5,118,126,136,【黄浦】【2022】名额到校最低分数线.pdf,8,2022 官方表无「是否同分优待」与「综合素质评价」列，综合素质评价按官方注明 50 填入
2023,黄浦区,上海市格致初级中学,,上海市格致中学,,734,800,否,,407,132,130,134,【黄浦】【2023】名额到校最低分数线.pdf,1,2023 官方表无「综合素质评价」列
2023,黄浦区,上海市格致初级中学,,上海市格致中学（奉贤校区）,,729.5,800,否,,389.5,130,131,144,【黄浦】【2023】名额到校最低分数线.pdf,1,2023 官方表无「综合素质评价」列
2023,黄浦区,上海市格致初级中学,,上海市大同中学,,735.5,800,否,,403.5,138,128,135,【黄浦】【2023】名额到校最低分数线.pdf,1,2023 官方表无「综合素质评价」列
2023,黄浦区,上海市格致初级中学,,上海市向明中学,,725.5,800,否,,398.5,131,127,131,【黄浦】【2023】名额到校最低分数线.pdf,1,2023 官方表无「综合素质评价」列
2023,黄浦区,上海市格致初级中学,,上海市向明中学（浦江校区）,,723,800,否,,386,124,123,139,【黄浦】【2023】名额到校最低分数线.pdf,1,2023 官方表无「综合素质评价」列
2023,黄浦区,上海市格致初级中学,,上海外国语大学附属大境中学,,699,800,否,,388,124,123,113,【黄浦】【2023】名额到校最低分数线.pdf,1,2023 官方表无「综合素质评价」列
2023,黄浦区,上海市格致初级中学,,上海市光明中学,,686.5,800,否,,375.5,123,122,118,【黄浦】【2023】名额到校最低分数线.pdf,1,2023 官方表无「综合素质评价」列
2023,黄浦区,上海市格致初级中学,,上海市敬业中学,,712.5,800,否,,383.5,136,120,138,【黄浦】【2023】名额到校最低分数线.pdf,1,2023 官方表无「综合素质评价」列
2023,黄浦区,上海市格致初级中学,,上海市卢湾高级中学,,685,800,否,,382,128,123,108,【黄浦】【2023】名额到校最低分数线.pdf,1,2023 官方表无「综合素质评价」列
2023,黄浦区,上海市大同初级中学,,上海市格致中学,,738,800,否,,403,135,127,138,【黄浦】【2023】名额到校最低分数线.pdf,1,2023 官方表无「综合素质评价」列
2023,黄浦区,上海市大同初级中学,,上海市格致中学（奉贤校区）,,728,800,否,,393,124,125,135,【黄浦】【2023】名额到校最低分数线.pdf,1,2023 官方表无「综合素质评价」列
2023,黄浦区,上海市大同初级中学,,上海市大同中学,,742,800,否,,410,136,137,137,【黄浦】【2023】名额到校最低分数线.pdf,1,2023 官方表无「综合素质评价」列
2023,黄浦区,上海市大同初级中学,,上海市向明中学,,727,800,否,,399,133,129,135,【黄浦】【2023】名额到校最低分数线.pdf,1,2023 官方表无「综合素质评价」列
2023,黄浦区,上海市大同初级中学,,上海市向明中学（浦江校区）,,727,800,否,,403,135,128,129,【黄浦】【2023】名额到校最低分数线.pdf,1,2023 官方表无「综合素质评价」列
2023,黄浦区,上海市大同初级中学,,上海外国语大学附属大境中学,,711,800,否,,397,129,129,126,【黄浦】【2023】名额到校最低分数线.pdf,1,2023 官方表无「综合素质评价」列
2023,黄浦区,上海市大同初级中学,,上海市光明中学,,684,800,否,,373,119,121,123,【黄浦】【2023】名额到校最低分数线.pdf,1,2023 官方表无「综合素质评价」列
2023,黄浦区,上海市大同初级中学,,上海市敬业中学,,712,800,否,,390,124,124,127,【黄浦】【2023】名额到校最低分数线.pdf,1,2023 官方表无「综合素质评价」列
2023,黄浦区,上海市大同初级中学,,上海市卢湾高级中学,,698,800,否,,377,116,125,128,【黄浦】【2023】名额到校最低分数线.pdf,1,2023 官方表无「综合素质评价」列
2023,黄浦区,上海市向明初级中学,,上海市格致中学,,730,800,否,,403,125,134,132,【黄浦】【2023】名额到校最低分数线.pdf,1,2023 官方表无「综合素质评价」列
2023,黄浦区,上海市向明初级中学,,上海市格致中学（奉贤校区）,,723,800,否,,404,128,132,125,【黄浦】【2023】名额到校最低分数线.pdf,1,2023 官方表无「综合素质评价」列
2023,黄浦区,上海市向明初级中学,,上海市大同中学,,726,800,否,,406,133,129,123,【黄浦】【2023】名额到校最低分数线.pdf,1,2023 官方表无「综合素质评价」列
2023,黄浦区,上海市向明初级中学,,上海市向明中学,,720.5,800,否,,394.5,124,127,133,【黄浦】【2023】名额到校最低分数线.pdf,1,2023 官方表无「综合素质评价」列
2023,黄浦区,上海市向明初级中学,,上海市向明中学（浦江校区）,,710.5,800,否,,395.5,121,126,121,【黄浦】【2023】名额到校最低分数线.pdf,1,2023 官方表无「综合素质评价」列
2023,黄浦区,上海市向明初级中学,,上海外国语大学附属大境中学,,699,800,否,,371,119,116,127,【黄浦】【2023】名额到校最低分数线.pdf,1,2023 官方表无「综合素质评价」列
2023,黄浦区,上海市向明初级中学,,上海市光明中学,,691,800,否,,372,127,123,125,【黄浦】【2023】名额到校最低分数线.pdf,1,2023 官方表无「综合素质评价」列
2023,黄浦区,上海市向明初级中学,,上海市敬业中学,,709.5,800,否,,379.5,120,122,132,【黄浦】【2023】名额到校最低分数线.pdf,1,2023 官方表无「综合素质评价」列
2023,黄浦区,上海市向明初级中学,,上海市卢湾高级中学,,701.5,800,否,,385.5,118,126,123,【黄浦】【2023】名额到校最低分数线.pdf,1,2023 官方表无「综合素质评价」列
2023,黄浦区,上海外国语大学附属大境初级中学,,上海市格致中学,,734,800,否,,405,133,125,133,【黄浦】【2023】名额到校最低分数线.pdf,1,2023 官方表无「综合素质评价」列
2023,黄浦区,上海外国语大学附属大境初级中学,,上海市格致中学（奉贤校区）,,716,800,否,,393,136,117,131,【黄浦】【2023】名额到校最低分数线.pdf,1,2023 官方表无「综合素质评价」列
2023,黄浦区,上海外国语大学附属大境初级中学,,上海市大同中学,,736.5,800,否,,413.5,141,127,130,【黄浦】【2023】名额到校最低分数线.pdf,2,2023 官方表无「综合素质评价」列
2023,黄浦区,上海外国语大学附属大境初级中学,,上海市向明中学,,721.5,800,否,,398.5,126,131,129,【黄浦】【2023】名额到校最低分数线.pdf,2,2023 官方表无「综合素质评价」列
2023,黄浦区,上海外国语大学附属大境初级中学,,上海市向明中学（浦江校区）,,719.5,800,否,,393.5,123,129,130,【黄浦】【2023】名额到校最低分数线.pdf,2,2023 官方表无「综合素质评价」列
2023,黄浦区,上海外国语大学附属大境初级中学,,上海外国语大学附属大境中学,,713,800,否,,391,119,129,125,【黄浦】【2023】名额到校最低分数线.pdf,2,2023 官方表无「综合素质评价」列
2023,黄浦区,上海外国语大学附属大境初级中学,,上海市光明中学,,693,800,否,,372,112,125,124,【黄浦】【2023】名额到校最低分数线.pdf,2,2023 官方表无「综合素质评价」列
2023,黄浦区,上海外国语大学附属大境初级中学,,上海市敬业中学,,705,800,否,,383,116,123,130,【黄浦】【2023】名额到校最低分数线.pdf,2,2023 官方表无「综合素质评价」列
2023,黄浦区,上海外国语大学附属大境初级中学,,上海市卢湾高级中学,,702,800,否,,383,114,127,123,【黄浦】【2023】名额到校最低分数线.pdf,2,2023 官方表无「综合素质评价」列
2023,黄浦区,上海市光明初级中学,,上海市格致中学,,716,800,否,,392.5,128,118,126.5,【黄浦】【2023】名额到校最低分数线.pdf,2,2023 官方表无「综合素质评价」列
2023,黄浦区,上海市光明初级中学,,上海市格致中学（奉贤校区）,,740,800,否,,408,136,132,136,【黄浦】【2023】名额到校最低分数线.pdf,2,2023 官方表无「综合素质评价」列
2023,黄浦区,上海市光明初级中学,,上海市大同中学,,709,800,否,,390,130,120,123,【黄浦】【2023】名额到校最低分数线.pdf,2,2023 官方表无「综合素质评价」列
2023,黄浦区,上海市光明初级中学,,上海市向明中学,,706,800,否,,380,106,132,132,【黄浦】【2023】名额到校最低分数线.pdf,2,2023 官方表无「综合素质评价」列
2023,黄浦区,上海市光明初级中学,,上海市向明中学（浦江校区）,,714,800,否,,390,128,126,126,【黄浦】【2023】名额到校最低分数线.pdf,2,2023 官方表无「综合素质评价」列
2023,黄浦区,上海市光明初级中学,,上海外国语大学附属大境中学,,713.5,800,否,,386.5,132,123,132,【黄浦】【2023】名额到校最低分数线.pdf,2,2023 官方表无「综合素质评价」列
2023,黄浦区,上海市光明初级中学,,上海市光明中学,,688,800,否,,371,116,118,123,【黄浦】【2023】名额到校最低分数线.pdf,2,2023 官方表无「综合素质评价」列
2023,黄浦区,上海市光明初级中学,,上海市敬业中学,,686,800,否,,369,122,121,127,【黄浦】【2023】名额到校最低分数线.pdf,2,2023 官方表无「综合素质评价」列
2023,黄浦区,上海市光明初级中学,,上海市卢湾高级中学,,700.5,800,否,,383.5,119,125,117,【黄浦】【2023】名额到校最低分数线.pdf,2,2023 官方表无「综合素质评价」列
2023,黄浦区,上海市光明初级中学,,复旦大学附属中学,,720.5,800,否,,393.5,120,131,131,【黄浦】【2023】名额到校最低分数线.pdf,2,2023 官方表无「综合素质评价」列
2023,黄浦区,上海市敬业初级中学,,上海市格致中学,,726.5,800,否,,397.5,127,128,133,【黄浦】【2023】名额到校最低分数线.pdf,2,2023 官方表无「综合素质评价」列
2023,黄浦区,上海市敬业初级中学,,上海市格致中学（奉贤校区）,,708.5,800,否,,382.5,129,117,133,【黄浦】【2023】名额到校最低分数线.pdf,2,2023 官方表无「综合素质评价」列
2023,黄浦区,上海市敬业初级中学,,上海市大同中学,,707.5,800,否,,377.5,129,117,137,【黄浦】【2023】名额到校最低分数线.pdf,2,2023 官方表无「综合素质评价」列
2023,黄浦区,上海市敬业初级中学,,上海市向明中学,,706,800,否,,387,122,124,125,【黄浦】【2023】名额到校最低分数线.pdf,2,2023 官方表无「综合素质评价」列
2023,黄浦区,上海市敬业初级中学,,上海市向明中学（浦江校区）,,706.5,800,否,,386.5,124,125,123,【黄浦】【2023】名额到校最低分数线.pdf,2,2023 官方表无「综合素质评价」列
2023,黄浦区,上海市敬业初级中学,,上海外国语大学附属大境中学,,688,800,否,,370,124,124,127,【黄浦】【2023】名额到校最低分数线.pdf,2,2023 官方表无「综合素质评价」列
2023,黄浦区,上海市敬业初级中学,,上海市光明中学,,683,800,否,,363,117,116,123,【黄浦】【2023】名额到校最低分数线.pdf,2,2023 官方表无「综合素质评价」列
2023,黄浦区,上海市敬业初级中学,,上海市敬业中学,,697,800,否,,379,126,120,122,【黄浦】【2023】名额到校最低分数线.pdf,2,2023 官方表无「综合素质评价」列
2023,黄浦区,上海市敬业初级中学,,上海市卢湾高级中学,,686,800,否,,374,115,130,120,【黄浦】【2023】名额到校最低分数线.pdf,2,2023 官方表无「综合素质评价」列
2023,黄浦区,上海市卢湾中学,,上海市格致中学,,736.5,800,否,,411.5,142,126,132,【黄浦】【2023】名额到校最低分数线.pdf,2,2023 官方表无「综合素质评价」列
2023,黄浦区,上海市卢湾中学,,上海市格致中学（奉贤校区）,,730,800,否,,408,138,130,130,【黄浦】【2023】名额到校最低分数线.pdf,2,2023 官方表无「综合素质评价」列
2023,黄浦区,上海市卢湾中学,,上海市大同中学,,739.5,800,否,,405.5,133,131,139,【黄浦】【2023】名额到校最低分数线.pdf,2,2023 官方表无「综合素质评价」列
2023,黄浦区,上海市卢湾中学,,上海市向明中学,,727.5,800,否,,400.5,135,126,128,【黄浦】【2023】名额到校最低分数线.pdf,3,2023 官方表无「综合素质评价」列
2023,黄浦区,上海市卢湾中学,,上海市向明中学（浦江校区）,,729.5,800,否,,393.5,134,124,142,【黄浦】【2023】名额到校最低分数线.pdf,3,2023 官方表无「综合素质评价」列
2023,黄浦区,上海市卢湾中学,,上海外国语大学附属大境中学,,708,800,否,,390,121,125,123,【黄浦】【2023】名额到校最低分数线.pdf,3,2023 官方表无「综合素质评价」列
2023,黄浦区,上海市卢湾中学,,上海市光明中学,,689.5,800,否,,370.5,120,119,127,【黄浦】【2023】名额到校最低分数线.pdf,3,2023 官方表无「综合素质评价」列
2023,黄浦区,上海市卢湾中学,,上海市敬业中学,,717.5,800,否,,397.5,127,127,129,【黄浦】【2023】名额到校最低分数线.pdf,3,2023 官方表无「综合素质评价」列
2023,黄浦区,上海市卢湾中学,,上海市卢湾高级中学,,701.5,800,否,,374.5,128,116,134,【黄浦】【2023】名额到校最低分数线.pdf,3,2023 官方表无「综合素质评价」列
2023,黄浦区,上海市卢湾中学,,上海师范大学附属中学,,730,800,否,,394,125,130,137,【黄浦】【2023】名额到校最低分数线.pdf,3,2023 官方表无「综合素质评价」列
2023,黄浦区,上海市市八初级中学,,上海市格致中学,,719.5,800,否,,398.5,129,128,124,【黄浦】【2023】名额到校最低分数线.pdf,3,2023 官方表无「综合素质评价」列
2023,黄浦区,上海市市八初级中学,,上海市格致中学（奉贤校区）,,709.5,800,否,,394.5,123,135,120,【黄浦】【2023】名额到校最低分数线.pdf,3,2023 官方表无「综合素质评价」列
2023,黄浦区,上海市市八初级中学,,上海市大同中学,,724,800,否,,397,126,131,133,【黄浦】【2023】名额到校最低分数线.pdf,3,2023 官方表无「综合素质评价」列
2023,黄浦区,上海市市八初级中学,,上海市向明中学,,718.5,800,否,,393.5,132,121,131,【黄浦】【2023】名额到校最低分数线.pdf,3,2023 官方表无「综合素质评价」列
2023,黄浦区,上海市市八初级中学,,上海市向明中学（浦江校区）,,725.5,800,否,,399.5,128,127,131,【黄浦】【2023】名额到校最低分数线.pdf,3,2023 官方表无「综合素质评价」列
2023,黄浦区,上海市市八初级中学,,上海外国语大学附属大境中学,,709,800,否,,383,131,122,134,【黄浦】【2023】名额到校最低分数线.pdf,3,2023 官方表无「综合素质评价」列
2023,黄浦区,上海市市八初级中学,,上海市光明中学,,689.5,800,否,,378.5,117,130,118,【黄浦】【2023】名额到校最低分数线.pdf,3,2023 官方表无「综合素质评价」列
2023,黄浦区,上海市市八初级中学,,上海市敬业中学,,698,800,否,,375,119,118,127,【黄浦】【2023】名额到校最低分数线.pdf,3,2023 官方表无「综合素质评价」列
2023,黄浦区,上海市市八初级中学,,上海市卢湾高级中学,,699,800,否,,382,122,118,125,【黄浦】【2023】名额到校最低分数线.pdf,3,2023 官方表无「综合素质评价」列
2023,黄浦区,上海市市八初级中学,,上海交通大学附属中学,,750,800,否,,414,138,135,139,【黄浦】【2023】名额到校最低分数线.pdf,3,2023 官方表无「综合素质评价」列
2023,黄浦区,上海市尚文中学,,上海市格致中学,,722.5,800,否,,401.5,134,126,131,【黄浦】【2023】名额到校最低分数线.pdf,3,2023 官方表无「综合素质评价」列
2023,黄浦区,上海市尚文中学,,上海市格致中学（奉贤校区）,,724,800,否,,396,138,123,133,【黄浦】【2023】名额到校最低分数线.pdf,3,2023 官方表无「综合素质评价」列
2023,黄浦区,上海市尚文中学,,上海市大同中学,,714,800,否,,396,123,134,130,【黄浦】【2023】名额到校最低分数线.pdf,3,2023 官方表无「综合素质评价」列
2023,黄浦区,上海市尚文中学,,上海市向明中学,,719,800,否,,394,133,123,132,【黄浦】【2023】名额到校最低分数线.pdf,3,2023 官方表无「综合素质评价」列
2023,黄浦区,上海市尚文中学,,上海市向明中学（浦江校区）,,706.5,800,否,,387.5,118,129,125,【黄浦】【2023】名额到校最低分数线.pdf,3,2023 官方表无「综合素质评价」列
2023,黄浦区,上海市尚文中学,,上海外国语大学附属大境中学,,706.5,800,否,,390.5,123,123,123,【黄浦】【2023】名额到校最低分数线.pdf,3,2023 官方表无「综合素质评价」列
2023,黄浦区,上海市尚文中学,,上海市光明中学,,686,800,否,,381,115,127,110,【黄浦】【2023】名额到校最低分数线.pdf,3,2023 官方表无「综合素质评价」列
2023,黄浦区,上海市尚文中学,,上海市敬业中学,,707.5,800,否,,374.5,125,113,136,【黄浦】【2023】名额到校最低分数线.pdf,3,2023 官方表无「综合素质评价」列
2023,黄浦区,上海市尚文中学,,上海市卢湾高级中学,,699,800,否,,362,120,128,132,【黄浦】【2023】名额到校最低分数线.pdf,3,2023 官方表无「综合素质评价」列
2023,黄浦区,上海交通大学附属黄浦实验中学,,上海市格致中学,,718,800,否,,392,120,127,128,【黄浦】【2023】名额到校最低分数线.pdf,3,2023 官方表无「综合素质评价」列
2023,黄浦区,上海交通大学附属黄浦实验中学,,上海市格致中学（奉贤校区）,,683,800,否,,367,118,121,123,【黄浦】【2023】名额到校最低分数线.pdf,3,2023 官方表无「综合素质评价」列
2023,黄浦区,上海交通大学附属黄浦实验中学,,上海市大同中学,,718.5,800,否,,398.5,130,130,125,【黄浦】【2023】名额到校最低分数线.pdf,3,2023 官方表无「综合素质评价」列
2023,黄浦区,上海交通大学附属黄浦实验中学,,上海市向明中学,,707,800,否,,387,125,120,126,【黄浦】【2023】名额到校最低分数线.pdf,4,2023 官方表无「综合素质评价」列
2023,黄浦区,上海交通大学附属黄浦实验中学,,上海市向明中学（浦江校区）,,674.5,800,否,,354.5,122,113,127,【黄浦】【2023】名额到校最低分数线.pdf,4,2023 官方表无「综合素质评价」列
2023,黄浦区,上海交通大学附属黄浦实验中学,,上海外国语大学附属大境中学,,698.5,800,否,,385.5,120,129,118,【黄浦】【2023】名额到校最低分数线.pdf,4,2023 官方表无「综合素质评价」列
2023,黄浦区,上海交通大学附属黄浦实验中学,,上海市光明中学,,684,800,否,,364,111,122,127,【黄浦】【2023】名额到校最低分数线.pdf,4,2023 官方表无「综合素质评价」列
2023,黄浦区,上海交通大学附属黄浦实验中学,,上海市敬业中学,,702,800,否,,392,127,129,117,【黄浦】【2023】名额到校最低分数线.pdf,4,2023 官方表无「综合素质评价」列
2023,黄浦区,上海交通大学附属黄浦实验中学,,上海市卢湾高级中学,,689.5,800,否,,377.5,128,114,125,【黄浦】【2023】名额到校最低分数线.pdf,4,2023 官方表无「综合素质评价」列
2023,黄浦区,上海交通大学附属黄浦实验中学,,华东师范大学第二附属中学,,749.5,800,否,,407.5,129,132,143,【黄浦】【2023】名额到校最低分数线.pdf,4,2023 官方表无「综合素质评价」列
2023,黄浦区,上海市清华中学,,上海市格致中学,,724.5,800,否,,402.5,126,137,128,【黄浦】【2023】名额到校最低分数线.pdf,4,2023 官方表无「综合素质评价」列
2023,黄浦区,上海市清华中学,,上海市格致中学（奉贤校区）,,726.5,800,否,,402.5,131,128,136,【黄浦】【2023】名额到校最低分数线.pdf,4,2023 官方表无「综合素质评价」列
2023,黄浦区,上海市清华中学,,上海市大同中学,,728,800,否,,406,136,129,131,【黄浦】【2023】名额到校最低分数线.pdf,4,2023 官方表无「综合素质评价」列
2023,黄浦区,上海市清华中学,,上海市向明中学,,713.5,800,否,,384.5,131,116,132,【黄浦】【2023】名额到校最低分数线.pdf,4,2023 官方表无「综合素质评价」列
2023,黄浦区,上海市清华中学,,上海市向明中学（浦江校区）,,670,800,否,,362,109,120,118,【黄浦】【2023】名额到校最低分数线.pdf,4,2023 官方表无「综合素质评价」列
2023,黄浦区,上海市清华中学,,上海外国语大学附属大境中学,,699,800,否,,384,110,132,121,【黄浦】【2023】名额到校最低分数线.pdf,4,2023 官方表无「综合素质评价」列
2023,黄浦区,上海市清华中学,,上海市光明中学,,709,800,否,,388,129,120,129,【黄浦】【2023】名额到校最低分数线.pdf,4,2023 官方表无「综合素质评价」列
2023,黄浦区,上海市清华中学,,上海市敬业中学,,685.5,800,否,,376.5,110,130,123,【黄浦】【2023】名额到校最低分数线.pdf,4,2023 官方表无「综合素质评价」列
2023,黄浦区,上海市清华中学,,上海市卢湾高级中学,,684,800,否,,374,111,120,120,【黄浦】【2023】名额到校最低分数线.pdf,4,2023 官方表无「综合素质评价」列
2023,黄浦区,上海市清华中学,,上海市上海中学,,751.5,800,否,,412.5,136,129,143,【黄浦】【2023】名额到校最低分数线.pdf,4,2023 官方表无「综合素质评价」列
2023,黄浦区,上海市第十中学,,上海市格致中学,,718,800,否,,394,122,132,127,【黄浦】【2023】名额到校最低分数线.pdf,4,2023 官方表无「综合素质评价」列
2023,黄浦区,上海市第十中学,,上海市格致中学（奉贤校区）,,697,800,否,,376,125,119,125,【黄浦】【2023】名额到校最低分数线.pdf,4,2023 官方表无「综合素质评价」列
2023,黄浦区,上海市第十中学,,上海市大同中学,,731,800,否,,399,131,133,135,【黄浦】【2023】名额到校最低分数线.pdf,4,2023 官方表无「综合素质评价」列
2023,黄浦区,上海市第十中学,,上海市向明中学,,715,800,否,,390,129,119,134,【黄浦】【2023】名额到校最低分数线.pdf,4,2023 官方表无「综合素质评价」列
2023,黄浦区,上海市第十中学,,上海市向明中学（浦江校区）,,711.5,800,否,,387.5,132,122,129,【黄浦】【2023】名额到校最低分数线.pdf,4,2023 官方表无「综合素质评价」列
2023,黄浦区,上海市第十中学,,上海外国语大学附属大境中学,,695.5,800,否,,384.5,126,115,124,【黄浦】【2023】名额到校最低分数线.pdf,4,2023 官方表无「综合素质评价」列
2023,黄浦区,上海市第十中学,,上海市光明中学,,685.5,800,否,,364.5,120,110,134,【黄浦】【2023】名额到校最低分数线.pdf,4,2023 官方表无「综合素质评价」列
2023,黄浦区,上海市第十中学,,上海市敬业中学,,696.5,800,否,,380.5,127,121,125,【黄浦】【2023】名额到校最低分数线.pdf,4,2023 官方表无「综合素质评价」列
2023,黄浦区,上海市第十中学,,上海市卢湾高级中学,,693,800,否,,380,121,123,116,【黄浦】【2023】名额到校最低分数线.pdf,4,2023 官方表无「综合素质评价」列
2023,黄浦区,上海理工大学附属储能中学,,上海市格致中学,,718.5,800,否,,393.5,125,130,128,【黄浦】【2023】名额到校最低分数线.pdf,4,2023 官方表无「综合素质评价」列
2023,黄浦区,上海理工大学附属储能中学,,上海市格致中学（奉贤校区）,,694.5,800,否,,383.5,132,118,122,【黄浦】【2023】名额到校最低分数线.pdf,4,2023 官方表无「综合素质评价」列
2023,黄浦区,上海理工大学附属储能中学,,上海市大同中学,,701.5,800,否,,386.5,123,131,120,【黄浦】【2023】名额到校最低分数线.pdf,4,2023 官方表无「综合素质评价」列
2023,黄浦区,上海理工大学附属储能中学,,上海市向明中学,,700,800,否,,378,122,123,127,【黄浦】【2023】名额到校最低分数线.pdf,5,2023 官方表无「综合素质评价」列
2023,黄浦区,上海理工大学附属储能中学,,上海外国语大学附属大境中学,,684,800,否,,378,119,124,119,【黄浦】【2023】名额到校最低分数线.pdf,5,2023 官方表无「综合素质评价」列
2023,黄浦区,上海理工大学附属储能中学,,上海市光明中学,,664.5,800,否,,352.5,109,116,115,【黄浦】【2023】名额到校最低分数线.pdf,5,2023 官方表无「综合素质评价」列
2023,黄浦区,上海理工大学附属储能中学,,上海市敬业中学,,679,800,否,,368,111,120,113,【黄浦】【2023】名额到校最低分数线.pdf,5,2023 官方表无「综合素质评价」列
2023,黄浦区,上海理工大学附属储能中学,,上海市卢湾高级中学,,679.5,800,否,,376.5,109,126,113,【黄浦】【2023】名额到校最低分数线.pdf,5,2023 官方表无「综合素质评价」列
2023,黄浦区,上海理工大学附属储能中学,,华东师范大学第二附属中学,,753.5,800,否,,415.5,135,133,140,【黄浦】【2023】名额到校最低分数线.pdf,5,2023 官方表无「综合素质评价」列
2023,黄浦区,上海市金陵中学,,上海市格致中学,,700,800,否,,369,117,119,135,【黄浦】【2023】名额到校最低分数线.pdf,5,2023 官方表无「综合素质评价」列
2023,黄浦区,上海市金陵中学,,上海市大同中学,,704,800,否,,383,126,121,130,【黄浦】【2023】名额到校最低分数线.pdf,5,2023 官方表无「综合素质评价」列
2023,黄浦区,上海市金陵中学,,上海市向明中学,,706.5,800,否,,387.5,131,120,126,【黄浦】【2023】名额到校最低分数线.pdf,5,2023 官方表无「综合素质评价」列
2023,黄浦区,上海市金陵中学,,上海市向明中学（浦江校区）,,688.5,800,否,,378.5,115,124,121,【黄浦】【2023】名额到校最低分数线.pdf,5,2023 官方表无「综合素质评价」列
2023,黄浦区,上海市金陵中学,,上海外国语大学附属大境中学,,686.5,800,否,,374,119,125,116.5,【黄浦】【2023】名额到校最低分数线.pdf,5,2023 官方表无「综合素质评价」列
2023,黄浦区,上海市金陵中学,,上海市光明中学,,660.5,800,否,,358.5,109,115,110,【黄浦】【2023】名额到校最低分数线.pdf,5,2023 官方表无「综合素质评价」列
2023,黄浦区,上海市金陵中学,,上海市敬业中学,,675,800,否,,363,116,124,116,【黄浦】【2023】名额到校最低分数线.pdf,5,2023 官方表无「综合素质评价」列
2023,黄浦区,上海市金陵中学,,上海市卢湾高级中学,,679,800,否,,357,115,120,126,【黄浦】【2023】名额到校最低分数线.pdf,5,2023 官方表无「综合素质评价」列
2023,黄浦区,上海市市南中学,,上海市格致中学,,711.5,800,否,,386.5,117,130,128,【黄浦】【2023】名额到校最低分数线.pdf,5,2023 官方表无「综合素质评价」列
2023,黄浦区,上海市市南中学,,上海市格致中学（奉贤校区）,,703,800,否,,389,127,127,130,【黄浦】【2023】名额到校最低分数线.pdf,5,2023 官方表无「综合素质评价」列
2023,黄浦区,上海市市南中学,,上海市大同中学,,719,800,否,,397,131,124,130,【黄浦】【2023】名额到校最低分数线.pdf,5,2023 官方表无「综合素质评价」列
2023,黄浦区,上海市市南中学,,上海市向明中学,,706,800,否,,394,129,128,122,【黄浦】【2023】名额到校最低分数线.pdf,5,2023 官方表无「综合素质评价」列
2023,黄浦区,上海市市南中学,,上海市向明中学（浦江校区）,,687.5,800,否,,361.5,109,130,133,【黄浦】【2023】名额到校最低分数线.pdf,5,2023 官方表无「综合素质评价」列
2023,黄浦区,上海市市南中学,,上海外国语大学附属大境中学,,700,800,否,,380,118,127,124,【黄浦】【2023】名额到校最低分数线.pdf,5,2023 官方表无「综合素质评价」列
2023,黄浦区,上海市市南中学,,上海市光明中学,,689,800,否,,374,114,125,121,【黄浦】【2023】名额到校最低分数线.pdf,5,2023 官方表无「综合素质评价」列
2023,黄浦区,上海市市南中学,,上海市敬业中学,,700.5,800,否,,378.5,130,114,129,【黄浦】【2023】名额到校最低分数线.pdf,5,2023 官方表无「综合素质评价」列
2023,黄浦区,上海市市南中学,,上海市卢湾高级中学,,686.5,800,否,,374.5,111,123,121,【黄浦】【2023】名额到校最低分数线.pdf,5,2023 官方表无「综合素质评价」列
2023,黄浦区,上海音乐学院附属黄浦比乐中学,,上海市格致中学,,708.5,800,否,,382.5,123,125,132,【黄浦】【2023】名额到校最低分数线.pdf,5,2023 官方表无「综合素质评价」列
2023,黄浦区,上海音乐学院附属黄浦比乐中学,,上海市格致中学（奉贤校区）,,714,800,否,,396,122,130,122,【黄浦】【2023】名额到校最低分数线.pdf,5,2023 官方表无「综合素质评价」列
2023,黄浦区,上海音乐学院附属黄浦比乐中学,,上海市大同中学,,728.5,800,否,,411.5,134,137,123,【黄浦】【2023】名额到校最低分数线.pdf,5,2023 官方表无「综合素质评价」列
2023,黄浦区,上海音乐学院附属黄浦比乐中学,,上海市向明中学,,704,800,否,,375,118,123,132,【黄浦】【2023】名额到校最低分数线.pdf,5,2023 官方表无「综合素质评价」列
2023,黄浦区,上海音乐学院附属黄浦比乐中学,,上海市向明中学（浦江校区）,,711.5,800,否,,384.5,124,124,130,【黄浦】【2023】名额到校最低分数线.pdf,5,2023 官方表无「综合素质评价」列
2023,黄浦区,上海音乐学院附属黄浦比乐中学,,上海外国语大学附属大境中学,,695.5,800,否,,385.5,122,129,121,【黄浦】【2023】名额到校最低分数线.pdf,5,2023 官方表无「综合素质评价」列
2023,黄浦区,上海音乐学院附属黄浦比乐中学,,上海市光明中学,,675,800,否,,381,129,121,107,【黄浦】【2023】名额到校最低分数线.pdf,6,2023 官方表无「综合素质评价」列
2023,黄浦区,上海音乐学院附属黄浦比乐中学,,上海市敬业中学,,693.5,800,否,,373.5,106,131,125,【黄浦】【2023】名额到校最低分数线.pdf,6,2023 官方表无「综合素质评价」列
2023,黄浦区,上海音乐学院附属黄浦比乐中学,,上海市卢湾高级中学,,678,800,否,,373,122,121,115,【黄浦】【2023】名额到校最低分数线.pdf,6,2023 官方表无「综合素质评价」列
2023,黄浦区,上海音乐学院附属黄浦比乐中学,,复旦大学附属中学,,746,800,否,,409,136,129,143,【黄浦】【2023】名额到校最低分数线.pdf,6,2023 官方表无「综合素质评价」列
2023,黄浦区,上海市黄浦学校,,上海市格致中学,,720,800,否,,387,131,118,138,【黄浦】【2023】名额到校最低分数线.pdf,6,2023 官方表无「综合素质评价」列
2023,黄浦区,上海市黄浦学校,,上海市格致中学（奉贤校区）,,705,800,否,,390,121,131,123,【黄浦】【2023】名额到校最低分数线.pdf,6,2023 官方表无「综合素质评价」列
2023,黄浦区,上海市黄浦学校,,上海市大同中学,,723.5,800,否,,396.5,134,129,133,【黄浦】【2023】名额到校最低分数线.pdf,6,2023 官方表无「综合素质评价」列
2023,黄浦区,上海市黄浦学校,,上海市向明中学,,709.5,800,否,,385.5,123,120,130,【黄浦】【2023】名额到校最低分数线.pdf,6,2023 官方表无「综合素质评价」列
2023,黄浦区,上海市黄浦学校,,上海外国语大学附属大境中学,,698,800,否,,377,120,123,125,【黄浦】【2023】名额到校最低分数线.pdf,6,2023 官方表无「综合素质评价」列
2023,黄浦区,上海市黄浦学校,,上海市光明中学,,681.5,800,否,,367.5,116,116,123,【黄浦】【2023】名额到校最低分数线.pdf,6,2023 官方表无「综合素质评价」列
2023,黄浦区,上海市黄浦学校,,上海市敬业中学,,695,800,否,,372,124,121,130,【黄浦】【2023】名额到校最低分数线.pdf,6,2023 官方表无「综合素质评价」列
2023,黄浦区,上海市黄浦学校,,上海市卢湾高级中学,,671,800,否,,363,111,120,120,【黄浦】【2023】名额到校最低分数线.pdf,6,2023 官方表无「综合素质评价」列
2023,黄浦区,上海市黄浦学校,,复旦大学附属中学,,754.5,800,否,,421.5,139,138,136,【黄浦】【2023】名额到校最低分数线.pdf,6,2023 官方表无「综合素质评价」列
2023,黄浦区,上海市黄浦区教育学院附属中山学校,,上海市格致中学,,723.5,800,否,,385.5,118,126,136,【黄浦】【2023】名额到校最低分数线.pdf,6,2023 官方表无「综合素质评价」列
2023,黄浦区,上海市黄浦区教育学院附属中山学校,,上海市格致中学（奉贤校区）,,708,800,否,,385,119,129,126,【黄浦】【2023】名额到校最低分数线.pdf,6,2023 官方表无「综合素质评价」列
2023,黄浦区,上海市黄浦区教育学院附属中山学校,,上海市大同中学,,674,800,否,,364,115,125,118,【黄浦】【2023】名额到校最低分数线.pdf,6,2023 官方表无「综合素质评价」列
2023,黄浦区,上海市黄浦区教育学院附属中山学校,,上海市向明中学,,723,800,否,,398,130,126,128,【黄浦】【2023】名额到校最低分数线.pdf,6,2023 官方表无「综合素质评价」列
2023,黄浦区,上海市黄浦区教育学院附属中山学校,,上海市向明中学（浦江校区）,,695.5,800,否,,384.5,126,122,123,【黄浦】【2023】名额到校最低分数线.pdf,6,2023 官方表无「综合素质评价」列
2023,黄浦区,上海市黄浦区教育学院附属中山学校,,上海外国语大学附属大境中学,,702,800,否,,371,117,121,138,【黄浦】【2023】名额到校最低分数线.pdf,6,2023 官方表无「综合素质评价」列
2023,黄浦区,上海市黄浦区教育学院附属中山学校,,上海市光明中学,,683.5,800,否,,362.5,130,111,131,【黄浦】【2023】名额到校最低分数线.pdf,6,2023 官方表无「综合素质评价」列
2023,黄浦区,上海市黄浦区教育学院附属中山学校,,上海市敬业中学,,713,800,否,,387,138,122,135,【黄浦】【2023】名额到校最低分数线.pdf,6,2023 官方表无「综合素质评价」列
2023,黄浦区,上海市黄浦区教育学院附属中山学校,,上海市卢湾高级中学,,697,800,否,,381,118,124,129,【黄浦】【2023】名额到校最低分数线.pdf,6,2023 官方表无「综合素质评价」列
2023,黄浦区,上海市黄浦区教育学院附属中山学校,,上海交通大学附属中学,,746.5,800,否,,411.5,141,128,139,【黄浦】【2023】名额到校最低分数线.pdf,6,2023 官方表无「综合素质评价」列
2024,黄浦区,上海市格致初级中学,,上海市格致中学,,738,800,否,50,406,127,134,135,【黄浦】【2024】名额到校最低分数线.pdf,1,2024 官方表无「综合素质评价」列，官方注明均为 50 分
2024,黄浦区,上海市格致初级中学,,上海市格致中学（奉贤校区）,,723,800,否,50,400.5,126,130,127,【黄浦】【2024】名额到校最低分数线.pdf,1,2024 官方表无「综合素质评价」列，官方注明均为 50 分
2024,黄浦区,上海市格致初级中学,,上海市大同中学,,733.5,800,否,50,405.5,138,124,134,【黄浦】【2024】名额到校最低分数线.pdf,1,2024 官方表无「综合素质评价」列，官方注明均为 50 分
2024,黄浦区,上海市格致初级中学,,上海市向明中学,,722,800,否,50,393,130,126,133,【黄浦】【2024】名额到校最低分数线.pdf,1,2024 官方表无「综合素质评价」列，官方注明均为 50 分
2024,黄浦区,上海市格致初级中学,,上海市向明中学（浦江校区）,,709,800,否,50,387,124,133,130,【黄浦】【2024】名额到校最低分数线.pdf,1,2024 官方表无「综合素质评价」列，官方注明均为 50 分
2024,黄浦区,上海市格致初级中学,,上海外国语大学附属大境中学,,700,800,否,50,387,120,130,121,【黄浦】【2024】名额到校最低分数线.pdf,1,2024 官方表无「综合素质评价」列，官方注明均为 50 分
2024,黄浦区,上海市格致初级中学,,上海市光明中学,,678.5,800,否,50,362.5,111,121,121,【黄浦】【2024】名额到校最低分数线.pdf,1,2024 官方表无「综合素质评价」列，官方注明均为 50 分
2024,黄浦区,上海市格致初级中学,,上海市敬业中学,,706,800,否,50,386,113,129,126,【黄浦】【2024】名额到校最低分数线.pdf,1,2024 官方表无「综合素质评价」列，官方注明均为 50 分
2024,黄浦区,上海市格致初级中学,,上海市卢湾高级中学,,676,800,否,50,365,112,129,125,【黄浦】【2024】名额到校最低分数线.pdf,1,2024 官方表无「综合素质评价」列，官方注明均为 50 分
2024,黄浦区,上海市大同初级中学,,上海市格致中学,,734,800,否,50,404.5,128,134,138,【黄浦】【2024】名额到校最低分数线.pdf,1,2024 官方表无「综合素质评价」列，官方注明均为 50 分
2024,黄浦区,上海市大同初级中学,,上海市格致中学（奉贤校区）,,727.5,800,否,50,401.5,127,132,132,【黄浦】【2024】名额到校最低分数线.pdf,1,2024 官方表无「综合素质评价」列，官方注明均为 50 分
2024,黄浦区,上海市大同初级中学,,上海市大同中学,,739,800,否,50,406.5,128,135,137,【黄浦】【2024】名额到校最低分数线.pdf,1,2024 官方表无「综合素质评价」列，官方注明均为 50 分
2024,黄浦区,上海市大同初级中学,,上海市向明中学,,723.5,800,否,50,395,125,126,136,【黄浦】【2024】名额到校最低分数线.pdf,1,2024 官方表无「综合素质评价」列，官方注明均为 50 分
2024,黄浦区,上海市大同初级中学,,上海市向明中学（浦江校区）,,725.5,800,否,50,408.5,137,129,129,【黄浦】【2024】名额到校最低分数线.pdf,1,2024 官方表无「综合素质评价」列，官方注明均为 50 分
2024,黄浦区,上海市大同初级中学,,上海外国语大学附属大境中学,,691,800,否,50,380.5,115,124,127,【黄浦】【2024】名额到校最低分数线.pdf,1,2024 官方表无「综合素质评价」列，官方注明均为 50 分
2024,黄浦区,上海市大同初级中学,,上海市光明中学,,676.5,800,否,50,363.5,111,124,120,【黄浦】【2024】名额到校最低分数线.pdf,1,2024 官方表无「综合素质评价」列，官方注明均为 50 分
2024,黄浦区,上海市大同初级中学,,上海市敬业中学,,702.5,800,否,50,378,120,127,135,【黄浦】【2024】名额到校最低分数线.pdf,1,2024 官方表无「综合素质评价」列，官方注明均为 50 分
2024,黄浦区,上海市大同初级中学,,上海市卢湾高级中学,,679.5,800,否,50,375.5,114,123,112,【黄浦】【2024】名额到校最低分数线.pdf,1,2024 官方表无「综合素质评价」列，官方注明均为 50 分
2024,黄浦区,上海市向明初级中学,,上海市格致中学,,727.5,800,否,50,398.5,119,132,132,【黄浦】【2024】名额到校最低分数线.pdf,1,2024 官方表无「综合素质评价」列，官方注明均为 50 分
2024,黄浦区,上海市向明初级中学,,上海市格致中学（奉贤校区）,,713.5,800,否,50,388.5,122,127,135.5,【黄浦】【2024】名额到校最低分数线.pdf,1,2024 官方表无「综合素质评价」列，官方注明均为 50 分
2024,黄浦区,上海市向明初级中学,,上海市大同中学,,734,800,否,50,403,138,120,136,【黄浦】【2024】名额到校最低分数线.pdf,1,2024 官方表无「综合素质评价」列，官方注明均为 50 分
2024,黄浦区,上海市向明初级中学,,上海市向明中学,,719,800,否,50,396,124,129,127,【黄浦】【2024】名额到校最低分数线.pdf,1,2024 官方表无「综合素质评价」列，官方注明均为 50 分
2024,黄浦区,上海市向明初级中学,,上海市向明中学（浦江校区）,,711.5,800,否,50,384.5,115,123,134,【黄浦】【2024】名额到校最低分数线.pdf,1,2024 官方表无「综合素质评价」列，官方注明均为 50 分
2024,黄浦区,上海市向明初级中学,,上海外国语大学附属大境中学,,695,800,否,50,384,122,125,123,【黄浦】【2024】名额到校最低分数线.pdf,1,2024 官方表无「综合素质评价」列，官方注明均为 50 分
2024,黄浦区,上海市向明初级中学,,上海市光明中学,,677.5,800,否,50,369.5,124,126,118,【黄浦】【2024】名额到校最低分数线.pdf,1,2024 官方表无「综合素质评价」列，官方注明均为 50 分
2024,黄浦区,上海市向明初级中学,,上海市敬业中学,,701.5,800,否,50,379,116,124,131,【黄浦】【2024】名额到校最低分数线.pdf,1,2024 官方表无「综合素质评价」列，官方注明均为 50 分
2024,黄浦区,上海市向明初级中学,,上海市卢湾高级中学,,694.5,800,否,50,370.5,126,122,133,【黄浦】【2024】名额到校最低分数线.pdf,1,2024 官方表无「综合素质评价」列，官方注明均为 50 分
2024,黄浦区,上海外国语大学附属大境初级中学,,上海市格致中学,,729.5,800,否,50,396.5,127,130,138,【黄浦】【2024】名额到校最低分数线.pdf,1,2024 官方表无「综合素质评价」列，官方注明均为 50 分
2024,黄浦区,上海外国语大学附属大境初级中学,,上海市格致中学（奉贤校区）,,729,800,否,50,401.5,126,128,134,【黄浦】【2024】名额到校最低分数线.pdf,2,2024 官方表无「综合素质评价」列，官方注明均为 50 分
2024,黄浦区,上海外国语大学附属大境初级中学,,上海市大同中学,,720,800,否,50,397,121,130,129,【黄浦】【2024】名额到校最低分数线.pdf,2,2024 官方表无「综合素质评价」列，官方注明均为 50 分
2024,黄浦区,上海外国语大学附属大境初级中学,,上海市向明中学,,719.5,800,否,50,387.5,115,134,137,【黄浦】【2024】名额到校最低分数线.pdf,2,2024 官方表无「综合素质评价」列，官方注明均为 50 分
2024,黄浦区,上海外国语大学附属大境初级中学,,上海市向明中学（浦江校区）,,697,800,否,50,377,113,127,123,【黄浦】【2024】名额到校最低分数线.pdf,2,2024 官方表无「综合素质评价」列，官方注明均为 50 分
2024,黄浦区,上海外国语大学附属大境初级中学,,上海外国语大学附属大境中学,,698.5,800,否,50,373,112,121,135,【黄浦】【2024】名额到校最低分数线.pdf,2,2024 官方表无「综合素质评价」列，官方注明均为 50 分
2024,黄浦区,上海外国语大学附属大境初级中学,,上海市光明中学,,685,800,否,50,374,117,125,120,【黄浦】【2024】名额到校最低分数线.pdf,2,2024 官方表无「综合素质评价」列，官方注明均为 50 分
2024,黄浦区,上海外国语大学附属大境初级中学,,上海市敬业中学,,710,800,否,50,391,115,131,129,【黄浦】【2024】名额到校最低分数线.pdf,2,2024 官方表无「综合素质评价」列，官方注明均为 50 分
2024,黄浦区,上海外国语大学附属大境初级中学,,上海市卢湾高级中学,,692.5,800,否,50,367.5,113,122,129,【黄浦】【2024】名额到校最低分数线.pdf,2,2024 官方表无「综合素质评价」列，官方注明均为 50 分
2024,黄浦区,上海市光明初级中学,,上海市格致中学,,723,800,否,50,398,128,128,131,【黄浦】【2024】名额到校最低分数线.pdf,2,2024 官方表无「综合素质评价」列，官方注明均为 50 分
2024,黄浦区,上海市光明初级中学,,上海市格致中学（奉贤校区）,,730.5,800,否,50,409.5,136,130,132,【黄浦】【2024】名额到校最低分数线.pdf,2,2024 官方表无「综合素质评价」列，官方注明均为 50 分
2024,黄浦区,上海市光明初级中学,,上海市大同中学,,735.5,800,否,50,405.5,132,132,131,【黄浦】【2024】名额到校最低分数线.pdf,2,2024 官方表无「综合素质评价」列，官方注明均为 50 分
2024,黄浦区,上海市光明初级中学,,上海市向明中学,,714,800,否,50,396.5,123,128,123,【黄浦】【2024】名额到校最低分数线.pdf,2,2024 官方表无「综合素质评价」列，官方注明均为 50 分
2024,黄浦区,上海市光明初级中学,,上海市向明中学（浦江校区）,,699.5,800,否,50,379.5,117,129,126,【黄浦】【2024】名额到校最低分数线.pdf,2,2024 官方表无「综合素质评价」列，官方注明均为 50 分
2024,黄浦区,上海市光明初级中学,,上海外国语大学附属大境中学,,702,800,否,50,379,116,129,129,【黄浦】【2024】名额到校最低分数线.pdf,2,2024 官方表无「综合素质评价」列，官方注明均为 50 分
2024,黄浦区,上海市光明初级中学,,上海市光明中学,,668.5,800,否,50,358.5,105,118,115,【黄浦】【2024】名额到校最低分数线.pdf,2,2024 官方表无「综合素质评价」列，官方注明均为 50 分
2024,黄浦区,上海市光明初级中学,,上海市敬业中学,,708,800,否,50,388.5,119,125,127,【黄浦】【2024】名额到校最低分数线.pdf,2,2024 官方表无「综合素质评价」列，官方注明均为 50 分
2024,黄浦区,上海市光明初级中学,,上海市卢湾高级中学,,701.5,800,否,50,385.5,133,123,129,【黄浦】【2024】名额到校最低分数线.pdf,2,2024 官方表无「综合素质评价」列，官方注明均为 50 分
2024,黄浦区,上海市敬业初级中学,,上海市格致中学,,728,800,否,50,402.5,139,125,130,【黄浦】【2024】名额到校最低分数线.pdf,2,2024 官方表无「综合素质评价」列，官方注明均为 50 分
2024,黄浦区,上海市敬业初级中学,,上海市格致中学（奉贤校区）,,713,800,否,50,388.5,126,125,133,【黄浦】【2024】名额到校最低分数线.pdf,2,2024 官方表无「综合素质评价」列，官方注明均为 50 分
2024,黄浦区,上海市敬业初级中学,,上海市大同中学,,731.5,800,否,50,407,128,135,133,【黄浦】【2024】名额到校最低分数线.pdf,2,2024 官方表无「综合素质评价」列，官方注明均为 50 分
2024,黄浦区,上海市敬业初级中学,,上海市向明中学,,716,800,否,50,391,137,115,138,【黄浦】【2024】名额到校最低分数线.pdf,2,2024 官方表无「综合素质评价」列，官方注明均为 50 分
2024,黄浦区,上海市敬业初级中学,,上海市向明中学（浦江校区）,,665,800,否,50,360,106,122,115,【黄浦】【2024】名额到校最低分数线.pdf,2,2024 官方表无「综合素质评价」列，官方注明均为 50 分
2024,黄浦区,上海市敬业初级中学,,上海外国语大学附属大境中学,,703,800,否,50,395.5,125,134,119,【黄浦】【2024】名额到校最低分数线.pdf,2,2024 官方表无「综合素质评价」列，官方注明均为 50 分
2024,黄浦区,上海市敬业初级中学,,上海市光明中学,,677.5,800,否,50,365.5,120,118,118,【黄浦】【2024】名额到校最低分数线.pdf,2,2024 官方表无「综合素质评价」列，官方注明均为 50 分
2024,黄浦区,上海市敬业初级中学,,上海市敬业中学,,704,800,否,50,383.5,127,121,133,【黄浦】【2024】名额到校最低分数线.pdf,2,2024 官方表无「综合素质评价」列，官方注明均为 50 分
2024,黄浦区,上海市敬业初级中学,,上海市卢湾高级中学,,681.5,800,否,50,363.5,117,122,126,【黄浦】【2024】名额到校最低分数线.pdf,2,2024 官方表无「综合素质评价」列，官方注明均为 50 分
2024,黄浦区,上海市卢湾中学,,上海市格致中学,,733.5,800,否,50,404.5,130,133,133,【黄浦】【2024】名额到校最低分数线.pdf,2,2024 官方表无「综合素质评价」列，官方注明均为 50 分
2024,黄浦区,上海市卢湾中学,,上海市格致中学（奉贤校区）,,716,800,否,50,382.5,124,124,140,【黄浦】【2024】名额到校最低分数线.pdf,2,2024 官方表无「综合素质评价」列，官方注明均为 50 分
2024,黄浦区,上海市卢湾中学,,上海市大同中学,,734,800,否,50,409.5,136,137,128,【黄浦】【2024】名额到校最低分数线.pdf,2,2024 官方表无「综合素质评价」列，官方注明均为 50 分
2024,黄浦区,上海市卢湾中学,,上海市向明中学,,722.5,800,否,50,392.5,132,121,135,【黄浦】【2024】名额到校最低分数线.pdf,2,2024 官方表无「综合素质评价」列，官方注明均为 50 分
2024,黄浦区,上海市卢湾中学,,上海市向明中学（浦江校区）,,697,800,否,50,375.5,101,128,129,【黄浦】【2024】名额到校最低分数线.pdf,3,2024 官方表无「综合素质评价」列，官方注明均为 50 分
2024,黄浦区,上海市卢湾中学,,上海外国语大学附属大境中学,,707,800,否,50,389,116,130,123,【黄浦】【2024】名额到校最低分数线.pdf,3,2024 官方表无「综合素质评价」列，官方注明均为 50 分
2024,黄浦区,上海市卢湾中学,,上海市光明中学,,683,800,否,50,364,110,120,125,【黄浦】【2024】名额到校最低分数线.pdf,3,2024 官方表无「综合素质评价」列，官方注明均为 50 分
2024,黄浦区,上海市卢湾中学,,上海市敬业中学,,705.5,800,否,50,384.5,123,124,130,【黄浦】【2024】名额到校最低分数线.pdf,3,2024 官方表无「综合素质评价」列，官方注明均为 50 分
2024,黄浦区,上海市卢湾中学,,上海市卢湾高级中学,,696.5,800,否,50,375,107,128,127,【黄浦】【2024】名额到校最低分数线.pdf,3,2024 官方表无「综合素质评价」列，官方注明均为 50 分
2024,黄浦区,上海市卢湾中学,,上海市上海中学,,758,800,否,50,427,142,141,135,【黄浦】【2024】名额到校最低分数线.pdf,3,2024 官方表无「综合素质评价」列，官方注明均为 50 分
2024,黄浦区,上海市市八初级中学,,上海市格致中学,,713,800,否,50,399,125,133,118,【黄浦】【2024】名额到校最低分数线.pdf,3,2024 官方表无「综合素质评价」列，官方注明均为 50 分
2024,黄浦区,上海市市八初级中学,,上海市格致中学（奉贤校区）,,720.5,800,否,50,399.5,130,128,129,【黄浦】【2024】名额到校最低分数线.pdf,3,2024 官方表无「综合素质评价」列，官方注明均为 50 分
2024,黄浦区,上海市市八初级中学,,上海市大同中学,,724,800,否,50,400.5,130,125,128,【黄浦】【2024】名额到校最低分数线.pdf,3,2024 官方表无「综合素质评价」列，官方注明均为 50 分
2024,黄浦区,上海市市八初级中学,,上海市向明中学,,689,800,否,50,368.5,114,125,134,【黄浦】【2024】名额到校最低分数线.pdf,3,2024 官方表无「综合素质评价」列，官方注明均为 50 分
2024,黄浦区,上海市市八初级中学,,上海市向明中学（浦江校区）,,702,800,否,50,384.5,110,134,127,【黄浦】【2024】名额到校最低分数线.pdf,3,2024 官方表无「综合素质评价」列，官方注明均为 50 分
2024,黄浦区,上海市市八初级中学,,上海外国语大学附属大境中学,,678.5,800,否,50,373,112,123,113,【黄浦】【2024】名额到校最低分数线.pdf,3,2024 官方表无「综合素质评价」列，官方注明均为 50 分
2024,黄浦区,上海市市八初级中学,,上海市光明中学,,677.5,800,否,50,371.5,111,126,119,【黄浦】【2024】名额到校最低分数线.pdf,3,2024 官方表无「综合素质评价」列，官方注明均为 50 分
2024,黄浦区,上海市市八初级中学,,上海市敬业中学,,686.5,800,否,50,378.5,111,126,117,【黄浦】【2024】名额到校最低分数线.pdf,3,2024 官方表无「综合素质评价」列，官方注明均为 50 分
2024,黄浦区,上海市市八初级中学,,上海市卢湾高级中学,,683.5,800,否,50,379,128,118,119,【黄浦】【2024】名额到校最低分数线.pdf,3,2024 官方表无「综合素质评价」列，官方注明均为 50 分
2024,黄浦区,上海市尚文中学,,上海市格致中学,,722.5,800,否,50,399,121,133,132,【黄浦】【2024】名额到校最低分数线.pdf,3,2024 官方表无「综合素质评价」列，官方注明均为 50 分
2024,黄浦区,上海市尚文中学,,上海市格致中学（奉贤校区）,,710,800,否,50,389,112,133,132,【黄浦】【2024】名额到校最低分数线.pdf,3,2024 官方表无「综合素质评价」列，官方注明均为 50 分
2024,黄浦区,上海市尚文中学,,上海市大同中学,,724.5,800,否,50,397.5,133,126,133,【黄浦】【2024】名额到校最低分数线.pdf,3,2024 官方表无「综合素质评价」列，官方注明均为 50 分
2024,黄浦区,上海市尚文中学,,上海市向明中学,,726,800,否,50,395,140,122,138,【黄浦】【2024】名额到校最低分数线.pdf,3,2024 官方表无「综合素质评价」列，官方注明均为 50 分
2024,黄浦区,上海市尚文中学,,上海市向明中学（浦江校区）,,731,800,否,50,399,134,128,139,【黄浦】【2024】名额到校最低分数线.pdf,3,2024 官方表无「综合素质评价」列，官方注明均为 50 分
2024,黄浦区,上海市尚文中学,,上海外国语大学附属大境中学,,696,800,否,50,380.5,115,123,119,【黄浦】【2024】名额到校最低分数线.pdf,3,2024 官方表无「综合素质评价」列，官方注明均为 50 分
2024,黄浦区,上海市尚文中学,,上海市光明中学,,682,800,否,50,366,106,124,124,【黄浦】【2024】名额到校最低分数线.pdf,3,2024 官方表无「综合素质评价」列，官方注明均为 50 分
2024,黄浦区,上海市尚文中学,,上海市敬业中学,,707,800,否,50,390,121,128,128,【黄浦】【2024】名额到校最低分数线.pdf,3,2024 官方表无「综合素质评价」列，官方注明均为 50 分
2024,黄浦区,上海市尚文中学,,上海市卢湾高级中学,,692,800,否,50,373.5,107,128,128,【黄浦】【2024】名额到校最低分数线.pdf,3,2024 官方表无「综合素质评价」列，官方注明均为 50 分
2024,黄浦区,上海市尚文中学,,上海交通大学附属中学,,752.5,800,否,50,417.5,138,134,138,【黄浦】【2024】名额到校最低分数线.pdf,3,2024 官方表无「综合素质评价」列，官方注明均为 50 分
2024,黄浦区,上海交通大学附属黄浦实验中学,,上海市格致中学,,733.5,800,否,50,403.5,135,127,137,【黄浦】【2024】名额到校最低分数线.pdf,3,2024 官方表无「综合素质评价」列，官方注明均为 50 分
2024,黄浦区,上海交通大学附属黄浦实验中学,,上海市格致中学（奉贤校区）,,699.5,800,否,50,387,119,127,123,【黄浦】【2024】名额到校最低分数线.pdf,3,2024 官方表无「综合素质评价」列，官方注明均为 50 分
2024,黄浦区,上海交通大学附属黄浦实验中学,,上海市大同中学,,731.5,800,否,50,404,138,123,137,【黄浦】【2024】名额到校最低分数线.pdf,3,2024 官方表无「综合素质评价」列，官方注明均为 50 分
2024,黄浦区,上海交通大学附属黄浦实验中学,,上海市向明中学,,702.5,800,否,50,381,132,112,133,【黄浦】【2024】名额到校最低分数线.pdf,3,2024 官方表无「综合素质评价」列，官方注明均为 50 分
2024,黄浦区,上海交通大学附属黄浦实验中学,,上海市向明中学（浦江校区）,,687,800,否,50,355,121,127,140,【黄浦】【2024】名额到校最低分数线.pdf,3,2024 官方表无「综合素质评价」列，官方注明均为 50 分
2024,黄浦区,上海交通大学附属黄浦实验中学,,上海外国语大学附属大境中学,,670.5,800,否,50,364.5,109,115,114,【黄浦】【2024】名额到校最低分数线.pdf,4,2024 官方表无「综合素质评价」列，官方注明均为 50 分
2024,黄浦区,上海交通大学附属黄浦实验中学,,上海市光明中学,,676.5,800,否,50,358,108,126,124,【黄浦】【2024】名额到校最低分数线.pdf,4,2024 官方表无「综合素质评价」列，官方注明均为 50 分
2024,黄浦区,上海交通大学附属黄浦实验中学,,上海市敬业中学,,688.5,800,否,50,381.5,124,129,119,【黄浦】【2024】名额到校最低分数线.pdf,4,2024 官方表无「综合素质评价」列，官方注明均为 50 分
2024,黄浦区,上海交通大学附属黄浦实验中学,,上海市卢湾高级中学,,687,800,否,50,375,115,126,120,【黄浦】【2024】名额到校最低分数线.pdf,4,2024 官方表无「综合素质评价」列，官方注明均为 50 分
2024,黄浦区,上海市清华中学,,上海市格致中学,,717,800,否,50,388.5,124,126,140,【黄浦】【2024】名额到校最低分数线.pdf,4,2024 官方表无「综合素质评价」列，官方注明均为 50 分
2024,黄浦区,上海市清华中学,,上海市格致中学（奉贤校区）,,712.5,800,否,50,386.5,124,124,138,【黄浦】【2024】名额到校最低分数线.pdf,4,2024 官方表无「综合素质评价」列，官方注明均为 50 分
2024,黄浦区,上海市清华中学,,上海市大同中学,,742,800,否,50,406.5,122,139,138,【黄浦】【2024】名额到校最低分数线.pdf,4,2024 官方表无「综合素质评价」列，官方注明均为 50 分
2024,黄浦区,上海市清华中学,,上海市向明中学,,714,800,否,50,397,120,133,127,【黄浦】【2024】名额到校最低分数线.pdf,4,2024 官方表无「综合素质评价」列，官方注明均为 50 分
2024,黄浦区,上海市清华中学,,上海市向明中学（浦江校区）,,682.5,800,否,50,372,126,107,121,【黄浦】【2024】名额到校最低分数线.pdf,4,2024 官方表无「综合素质评价」列，官方注明均为 50 分
2024,黄浦区,上海市清华中学,,上海外国语大学附属大境中学,,671.5,800,否,50,366.5,107,120,114,【黄浦】【2024】名额到校最低分数线.pdf,4,2024 官方表无「综合素质评价」列，官方注明均为 50 分
2024,黄浦区,上海市清华中学,,上海市光明中学,,658.5,800,否,50,358,123,111,119,【黄浦】【2024】名额到校最低分数线.pdf,4,2024 官方表无「综合素质评价」列，官方注明均为 50 分
2024,黄浦区,上海市清华中学,,上海市敬业中学,,685.5,800,否,50,378,117,121,118,【黄浦】【2024】名额到校最低分数线.pdf,4,2024 官方表无「综合素质评价」列，官方注明均为 50 分
2024,黄浦区,上海市清华中学,,上海市卢湾高级中学,,680,800,否,50,373,108,125,112,【黄浦】【2024】名额到校最低分数线.pdf,4,2024 官方表无「综合素质评价」列，官方注明均为 50 分
2024,黄浦区,上海市民办明珠中学,,上海市格致中学,,732.5,800,否,50,400.5,127,129,138,【黄浦】【2024】名额到校最低分数线.pdf,4,2024 官方表无「综合素质评价」列，官方注明均为 50 分
2024,黄浦区,上海市民办明珠中学,,上海市格致中学（奉贤校区）,,716.5,800,否,50,391,132,123,132,【黄浦】【2024】名额到校最低分数线.pdf,4,2024 官方表无「综合素质评价」列，官方注明均为 50 分
2024,黄浦区,上海市民办明珠中学,,上海市大同中学,,726.5,800,否,50,399.5,135,124,134,【黄浦】【2024】名额到校最低分数线.pdf,4,2024 官方表无「综合素质评价」列，官方注明均为 50 分
2024,黄浦区,上海市民办明珠中学,,上海市向明中学,,720,800,否,50,392.5,124,129,134,【黄浦】【2024】名额到校最低分数线.pdf,4,2024 官方表无「综合素质评价」列，官方注明均为 50 分
2024,黄浦区,上海市民办明珠中学,,上海市向明中学（浦江校区）,,715.5,800,否,50,386.5,118,127,135,【黄浦】【2024】名额到校最低分数线.pdf,4,2024 官方表无「综合素质评价」列，官方注明均为 50 分
2024,黄浦区,上海市民办明珠中学,,上海外国语大学附属大境中学,,705,800,否,50,385,117,130,126,【黄浦】【2024】名额到校最低分数线.pdf,4,2024 官方表无「综合素质评价」列，官方注明均为 50 分
2024,黄浦区,上海市民办明珠中学,,上海市光明中学,,679,800,否,50,366.5,110,124,122,【黄浦】【2024】名额到校最低分数线.pdf,4,2024 官方表无「综合素质评价」列，官方注明均为 50 分
2024,黄浦区,上海市民办明珠中学,,上海市敬业中学,,708,800,否,50,386.5,123,122,132,【黄浦】【2024】名额到校最低分数线.pdf,4,2024 官方表无「综合素质评价」列，官方注明均为 50 分
2024,黄浦区,上海市民办明珠中学,,上海市卢湾高级中学,,692,800,否,50,379,119,126,124,【黄浦】【2024】名额到校最低分数线.pdf,4,2024 官方表无「综合素质评价」列，官方注明均为 50 分
2024,黄浦区,上海市民办明珠中学,,华东师范大学第二附属中学,,743.5,800,否,50,409.5,132,135,138,【黄浦】【2024】名额到校最低分数线.pdf,4,2024 官方表无「综合素质评价」列，官方注明均为 50 分
2024,黄浦区,上海市民办立达中学,,上海市格致中学,,738,800,否,50,399,131,126,146,【黄浦】【2024】名额到校最低分数线.pdf,4,2024 官方表无「综合素质评价」列，官方注明均为 50 分
2024,黄浦区,上海市民办立达中学,,上海市格致中学（奉贤校区）,,727.5,800,否,50,397.5,119,133,133,【黄浦】【2024】名额到校最低分数线.pdf,4,2024 官方表无「综合素质评价」列，官方注明均为 50 分
2024,黄浦区,上海市民办立达中学,,上海市大同中学,,743,800,否,50,410,138,133,136,【黄浦】【2024】名额到校最低分数线.pdf,4,2024 官方表无「综合素质评价」列，官方注明均为 50 分
2024,黄浦区,上海市民办立达中学,,上海市向明中学,,720,800,否,50,394.5,121,131,132,【黄浦】【2024】名额到校最低分数线.pdf,4,2024 官方表无「综合素质评价」列，官方注明均为 50 分
2024,黄浦区,上海市民办立达中学,,上海市向明中学（浦江校区）,,713,800,否,50,394,125,129,127,【黄浦】【2024】名额到校最低分数线.pdf,4,2024 官方表无「综合素质评价」列，官方注明均为 50 分
2024,黄浦区,上海市民办立达中学,,上海外国语大学附属大境中学,,700.5,800,否,50,382.5,118,130,126,【黄浦】【2024】名额到校最低分数线.pdf,4,2024 官方表无「综合素质评价」列，官方注明均为 50 分
2024,黄浦区,上海市民办立达中学,,上海市光明中学,,662.5,800,否,50,349.5,118,116,120,【黄浦】【2024】名额到校最低分数线.pdf,4,2024 官方表无「综合素质评价」列，官方注明均为 50 分
2024,黄浦区,上海市民办立达中学,,上海市敬业中学,,702.5,800,否,50,376.5,125,121,136,【黄浦】【2024】名额到校最低分数线.pdf,5,2024 官方表无「综合素质评价」列，官方注明均为 50 分
2024,黄浦区,上海市民办立达中学,,上海市卢湾高级中学,,682,800,否,50,362,121,118,125,【黄浦】【2024】名额到校最低分数线.pdf,5,2024 官方表无「综合素质评价」列，官方注明均为 50 分
2024,黄浦区,上海市震旦外国语中学,,上海市格致中学,,721.5,800,否,50,392,125,125,134,【黄浦】【2024】名额到校最低分数线.pdf,5,2024 官方表无「综合素质评价」列，官方注明均为 50 分
2024,黄浦区,上海市震旦外国语中学,,上海市格致中学（奉贤校区）,,721.5,800,否,50,393,117,133,134,【黄浦】【2024】名额到校最低分数线.pdf,5,2024 官方表无「综合素质评价」列，官方注明均为 50 分
2024,黄浦区,上海市震旦外国语中学,,上海市大同中学,,721.5,800,否,50,399.5,129,126,132,【黄浦】【2024】名额到校最低分数线.pdf,5,2024 官方表无「综合素质评价」列，官方注明均为 50 分
2024,黄浦区,上海市震旦外国语中学,,上海市向明中学,,705,800,否,50,383,122,129,132,【黄浦】【2024】名额到校最低分数线.pdf,5,2024 官方表无「综合素质评价」列，官方注明均为 50 分
2024,黄浦区,上海市震旦外国语中学,,上海市向明中学（浦江校区）,,712.5,800,否,50,398,132,130,124,【黄浦】【2024】名额到校最低分数线.pdf,5,2024 官方表无「综合素质评价」列，官方注明均为 50 分
2024,黄浦区,上海市震旦外国语中学,,上海外国语大学附属大境中学,,691.5,800,否,50,368,128,117,134,【黄浦】【2024】名额到校最低分数线.pdf,5,2024 官方表无「综合素质评价」列，官方注明均为 50 分
2024,黄浦区,上海市震旦外国语中学,,上海市光明中学,,674,800,否,50,357,92,126,133,【黄浦】【2024】名额到校最低分数线.pdf,5,2024 官方表无「综合素质评价」列，官方注明均为 50 分
2024,黄浦区,上海市震旦外国语中学,,上海市敬业中学,,705,800,否,50,384,118,127,131,【黄浦】【2024】名额到校最低分数线.pdf,5,2024 官方表无「综合素质评价」列，官方注明均为 50 分
2024,黄浦区,上海市震旦外国语中学,,上海市卢湾高级中学,,685.5,800,否,50,364,117,118,134,【黄浦】【2024】名额到校最低分数线.pdf,5,2024 官方表无「综合素质评价」列，官方注明均为 50 分
2024,黄浦区,上海市震旦外国语中学,,复旦大学附属中学,,749,800,否,50,411.5,136,130,142,【黄浦】【2024】名额到校最低分数线.pdf,5,2024 官方表无「综合素质评价」列，官方注明均为 50 分
2024,黄浦区,上海市第十中学,,上海市格致中学,,714.5,800,否,50,392,115,132,131,【黄浦】【2024】名额到校最低分数线.pdf,5,2024 官方表无「综合素质评价」列，官方注明均为 50 分
2024,黄浦区,上海市第十中学,,上海市格致中学（奉贤校区）,,659,800,否,50,361.5,102,122,104,【黄浦】【2024】名额到校最低分数线.pdf,5,2024 官方表无「综合素质评价」列，官方注明均为 50 分
2024,黄浦区,上海市第十中学,,上海市大同中学,,720.5,800,否,50,392.5,125,124,137,【黄浦】【2024】名额到校最低分数线.pdf,5,2024 官方表无「综合素质评价」列，官方注明均为 50 分
2024,黄浦区,上海市第十中学,,上海市向明中学,,715.5,800,否,50,389,120,130,134,【黄浦】【2024】名额到校最低分数线.pdf,5,2024 官方表无「综合素质评价」列，官方注明均为 50 分
2024,黄浦区,上海市第十中学,,上海外国语大学附属大境中学,,694.5,800,否,50,375,116,124,126,【黄浦】【2024】名额到校最低分数线.pdf,5,2024 官方表无「综合素质评价」列，官方注明均为 50 分
2024,黄浦区,上海市第十中学,,上海市光明中学,,681,800,否,50,367,111,125,122,【黄浦】【2024】名额到校最低分数线.pdf,5,2024 官方表无「综合素质评价」列，官方注明均为 50 分
2024,黄浦区,上海市第十中学,,上海市敬业中学,,696,800,否,50,388.5,114,135,118,【黄浦】【2024】名额到校最低分数线.pdf,5,2024 官方表无「综合素质评价」列，官方注明均为 50 分
2024,黄浦区,上海市第十中学,,上海市卢湾高级中学,,682,800,否,50,375.5,115,120,121,【黄浦】【2024】名额到校最低分数线.pdf,5,2024 官方表无「综合素质评价」列，官方注明均为 50 分
2024,黄浦区,上海理工大学附属储能中学,,上海市格致中学,,712.5,800,否,50,387.5,132,121,135,【黄浦】【2024】名额到校最低分数线.pdf,5,2024 官方表无「综合素质评价」列，官方注明均为 50 分
2024,黄浦区,上海理工大学附属储能中学,,上海市格致中学（奉贤校区）,,710.5,800,否,50,383.5,118,125,137,【黄浦】【2024】名额到校最低分数线.pdf,5,2024 官方表无「综合素质评价」列，官方注明均为 50 分
2024,黄浦区,上海理工大学附属储能中学,,上海市大同中学,,708.5,800,否,50,394.5,126,132,124,【黄浦】【2024】名额到校最低分数线.pdf,5,2024 官方表无「综合素质评价」列，官方注明均为 50 分
2024,黄浦区,上海理工大学附属储能中学,,上海市向明中学,,683,800,否,50,367.5,124,117,125,【黄浦】【2024】名额到校最低分数线.pdf,5,2024 官方表无「综合素质评价」列，官方注明均为 50 分
2024,黄浦区,上海理工大学附属储能中学,,上海市向明中学（浦江校区）,,705,800,否,50,374.5,114,128,136,【黄浦】【2024】名额到校最低分数线.pdf,5,2024 官方表无「综合素质评价」列，官方注明均为 50 分
2024,黄浦区,上海理工大学附属储能中学,,上海外国语大学附属大境中学,,696,800,否,50,386.5,115,128,119,【黄浦】【2024】名额到校最低分数线.pdf,5,2024 官方表无「综合素质评价」列，官方注明均为 50 分
2024,黄浦区,上海理工大学附属储能中学,,上海市光明中学,,683,800,否,50,376.5,113,128,120,【黄浦】【2024】名额到校最低分数线.pdf,5,2024 官方表无「综合素质评价」列，官方注明均为 50 分
2024,黄浦区,上海理工大学附属储能中学,,上海市敬业中学,,678.5,800,否,50,368.5,112,132,118,【黄浦】【2024】名额到校最低分数线.pdf,5,2024 官方表无「综合素质评价」列，官方注明均为 50 分
2024,黄浦区,上海理工大学附属储能中学,,上海市卢湾高级中学,,691,800,否,50,369,116,119,130,【黄浦】【2024】名额到校最低分数线.pdf,5,2024 官方表无「综合素质评价」列，官方注明均为 50 分
2024,黄浦区,上海理工大学附属储能中学,,复旦大学附属中学,,732,800,否,50,409,126,137,128,【黄浦】【2024】名额到校最低分数线.pdf,5,2024 官方表无「综合素质评价」列，官方注明均为 50 分
2024,黄浦区,上海市金陵中学,,上海市格致中学,,719,800,否,50,391,122,129,139,【黄浦】【2024】名额到校最低分数线.pdf,6,2024 官方表无「综合素质评价」列，官方注明均为 50 分
2024,黄浦区,上海市金陵中学,,上海市格致中学（奉贤校区）,,728,800,否,50,400,127,130,133,【黄浦】【2024】名额到校最低分数线.pdf,6,2024 官方表无「综合素质评价」列，官方注明均为 50 分
2024,黄浦区,上海市金陵中学,,上海市大同中学,,726,800,否,50,396.5,128,128,136,【黄浦】【2024】名额到校最低分数线.pdf,6,2024 官方表无「综合素质评价」列，官方注明均为 50 分
2024,黄浦区,上海市金陵中学,,上海市向明中学,,709,800,否,50,389,110,136,131,【黄浦】【2024】名额到校最低分数线.pdf,6,2024 官方表无「综合素质评价」列，官方注明均为 50 分
2024,黄浦区,上海市金陵中学,,上海市向明中学（浦江校区）,,690.5,800,否,50,372.5,116,127,124,【黄浦】【2024】名额到校最低分数线.pdf,6,2024 官方表无「综合素质评价」列，官方注明均为 50 分
2024,黄浦区,上海市金陵中学,,上海外国语大学附属大境中学,,671,800,否,50,354,111,119,128,【黄浦】【2024】名额到校最低分数线.pdf,6,2024 官方表无「综合素质评价」列，官方注明均为 50 分
2024,黄浦区,上海市金陵中学,,上海市光明中学,,681.5,800,否,50,375,112,127,118,【黄浦】【2024】名额到校最低分数线.pdf,6,2024 官方表无「综合素质评价」列，官方注明均为 50 分
2024,黄浦区,上海市金陵中学,,上海市敬业中学,,681,800,否,50,355.5,95,126,132,【黄浦】【2024】名额到校最低分数线.pdf,6,2024 官方表无「综合素质评价」列，官方注明均为 50 分
2024,黄浦区,上海市金陵中学,,上海市卢湾高级中学,,689.5,800,否,50,382.5,119,133,119,【黄浦】【2024】名额到校最低分数线.pdf,6,2024 官方表无「综合素质评价」列，官方注明均为 50 分
2024,黄浦区,上海市金陵中学,,华东师范大学第二附属中学,,752,800,否,50,415.5,142,129,139,【黄浦】【2024】名额到校最低分数线.pdf,6,2024 官方表无「综合素质评价」列，官方注明均为 50 分
2024,黄浦区,上海市市南中学,,上海市格致中学,,717,800,否,50,392.5,125,131,131,【黄浦】【2024】名额到校最低分数线.pdf,6,2024 官方表无「综合素质评价」列，官方注明均为 50 分
2024,黄浦区,上海市市南中学,,上海市格致中学（奉贤校区）,,700.5,800,否,50,379.5,113,127,126,【黄浦】【2024】名额到校最低分数线.pdf,6,2024 官方表无「综合素质评价」列，官方注明均为 50 分
2024,黄浦区,上海市市南中学,,上海市大同中学,,722,800,否,50,391,114,133,137,【黄浦】【2024】名额到校最低分数线.pdf,6,2024 官方表无「综合素质评价」列，官方注明均为 50 分
2024,黄浦区,上海市市南中学,,上海市向明中学,,712,800,否,50,391,118,132,131,【黄浦】【2024】名额到校最低分数线.pdf,6,2024 官方表无「综合素质评价」列，官方注明均为 50 分
2024,黄浦区,上海市市南中学,,上海市向明中学（浦江校区）,,719.5,800,否,50,389.5,125,126,135,【黄浦】【2024】名额到校最低分数线.pdf,6,2024 官方表无「综合素质评价」列，官方注明均为 50 分
2024,黄浦区,上海市市南中学,,上海外国语大学附属大境中学,,687,800,否,50,362,112,115,132,【黄浦】【2024】名额到校最低分数线.pdf,6,2024 官方表无「综合素质评价」列，官方注明均为 50 分
2024,黄浦区,上海市市南中学,,上海市光明中学,,676,800,否,50,371.5,124,124,126,【黄浦】【2024】名额到校最低分数线.pdf,6,2024 官方表无「综合素质评价」列，官方注明均为 50 分
2024,黄浦区,上海市市南中学,,上海市敬业中学,,688.5,800,否,50,372.5,119,122,124,【黄浦】【2024】名额到校最低分数线.pdf,6,2024 官方表无「综合素质评价」列，官方注明均为 50 分
2024,黄浦区,上海市市南中学,,上海市卢湾高级中学,,680,800,否,50,364,125,122,127,【黄浦】【2024】名额到校最低分数线.pdf,6,2024 官方表无「综合素质评价」列，官方注明均为 50 分
2024,黄浦区,上海音乐学院附属黄浦比乐中学,,上海市格致中学,,736.5,800,否,50,409,127,141,133,【黄浦】【2024】名额到校最低分数线.pdf,6,2024 官方表无「综合素质评价」列，官方注明均为 50 分
2024,黄浦区,上海音乐学院附属黄浦比乐中学,,上海市格致中学（奉贤校区）,,711,800,否,50,390,126,132,127,【黄浦】【2024】名额到校最低分数线.pdf,6,2024 官方表无「综合素质评价」列，官方注明均为 50 分
2024,黄浦区,上海音乐学院附属黄浦比乐中学,,上海市大同中学,,728,800,否,50,401,128,131,133,【黄浦】【2024】名额到校最低分数线.pdf,6,2024 官方表无「综合素质评价」列，官方注明均为 50 分
2024,黄浦区,上海音乐学院附属黄浦比乐中学,,上海市向明中学,,697.5,800,否,50,379,131,124,130,【黄浦】【2024】名额到校最低分数线.pdf,6,2024 官方表无「综合素质评价」列，官方注明均为 50 分
2024,黄浦区,上海音乐学院附属黄浦比乐中学,,上海市向明中学（浦江校区）,,695.5,800,否,50,373.5,110,119,131,【黄浦】【2024】名额到校最低分数线.pdf,6,2024 官方表无「综合素质评价」列，官方注明均为 50 分
2024,黄浦区,上海音乐学院附属黄浦比乐中学,,上海外国语大学附属大境中学,,692,800,否,50,375,116,125,124,【黄浦】【2024】名额到校最低分数线.pdf,6,2024 官方表无「综合素质评价」列，官方注明均为 50 分
2024,黄浦区,上海音乐学院附属黄浦比乐中学,,上海市光明中学,,663.5,800,否,50,361.5,114,117,114,【黄浦】【2024】名额到校最低分数线.pdf,6,2024 官方表无「综合素质评价」列，官方注明均为 50 分
2024,黄浦区,上海音乐学院附属黄浦比乐中学,,上海市敬业中学,,674,800,否,50,362,99,128,120,【黄浦】【2024】名额到校最低分数线.pdf,6,2024 官方表无「综合素质评价」列，官方注明均为 50 分
2024,黄浦区,上海音乐学院附属黄浦比乐中学,,上海市卢湾高级中学,,671,800,否,50,362.5,107,129,124,【黄浦】【2024】名额到校最低分数线.pdf,6,2024 官方表无「综合素质评价」列，官方注明均为 50 分
2024,黄浦区,上海音乐学院附属黄浦比乐中学,,上海市上海中学,,745,800,否,50,408,135,131,140,【黄浦】【2024】名额到校最低分数线.pdf,6,2024 官方表无「综合素质评价」列，官方注明均为 50 分
2024,黄浦区,上海市黄浦区教育学院附属中山学校,,上海市格致中学,,737.5,800,否,50,400.5,119,138,140,【黄浦】【2024】名额到校最低分数线.pdf,6,2024 官方表无「综合素质评价」列，官方注明均为 50 分
2024,黄浦区,上海市黄浦区教育学院附属中山学校,,上海市格致中学（奉贤校区）,,712,800,否,50,384,120,129,132,【黄浦】【2024】名额到校最低分数线.pdf,7,2024 官方表无「综合素质评价」列，官方注明均为 50 分
2024,黄浦区,上海市黄浦区教育学院附属中山学校,,上海市大同中学,,731.5,800,否,50,400.5,129,129,138,【黄浦】【2024】名额到校最低分数线.pdf,7,2024 官方表无「综合素质评价」列，官方注明均为 50 分
2024,黄浦区,上海市黄浦区教育学院附属中山学校,,上海市向明中学,,714.5,800,否,50,382.5,119,127,139,【黄浦】【2024】名额到校最低分数线.pdf,7,2024 官方表无「综合素质评价」列，官方注明均为 50 分
2024,黄浦区,上海市黄浦区教育学院附属中山学校,,上海市向明中学（浦江校区）,,725.5,800,否,50,392.5,119,132,139,【黄浦】【2024】名额到校最低分数线.pdf,7,2024 官方表无「综合素质评价」列，官方注明均为 50 分
2024,黄浦区,上海市黄浦区教育学院附属中山学校,,上海外国语大学附属大境中学,,696,800,否,50,364,107,118,142,【黄浦】【2024】名额到校最低分数线.pdf,7,2024 官方表无「综合素质评价」列，官方注明均为 50 分
2024,黄浦区,上海市黄浦区教育学院附属中山学校,,上海市光明中学,,679.5,800,否,50,368.5,118,119,127,【黄浦】【2024】名额到校最低分数线.pdf,7,2024 官方表无「综合素质评价」列，官方注明均为 50 分
2024,黄浦区,上海市黄浦区教育学院附属中山学校,,上海市敬业中学,,699,800,否,50,374.5,115,125,133,【黄浦】【2024】名额到校最低分数线.pdf,7,2024 官方表无「综合素质评价」列，官方注明均为 50 分
2024,黄浦区,上海市黄浦区教育学院附属中山学校,,上海市卢湾高级中学,,691.5,800,否,50,368,109,126,128,【黄浦】【2024】名额到校最低分数线.pdf,7,2024 官方表无「综合素质评价」列，官方注明均为 50 分
2024,黄浦区,上海市黄浦区教育学院附属中山学校,,上海交通大学附属中学,,747,800,否,50,411,138,132,147,【黄浦】【2024】名额到校最低分数线.pdf,7,2024 官方表无「综合素质评价」列，官方注明均为 50 分
2024,黄浦区,上海民办永昌学校,,上海市格致中学,,740,800,否,50,407.5,130,134,139,【黄浦】【2024】名额到校最低分数线.pdf,7,2024 官方表无「综合素质评价」列，官方注明均为 50 分
2024,黄浦区,上海民办永昌学校,,上海市格致中学（奉贤校区）,,724.5,800,否,50,396.5,121,132,134,【黄浦】【2024】名额到校最低分数线.pdf,7,2024 官方表无「综合素质评价」列，官方注明均为 50 分
2024,黄浦区,上海民办永昌学校,,上海市大同中学,,747.5,800,否,50,416,137,134,133,【黄浦】【2024】名额到校最低分数线.pdf,7,2024 官方表无「综合素质评价」列，官方注明均为 50 分
2024,黄浦区,上海民办永昌学校,,上海市向明中学,,712,800,否,50,391,135,121,128,【黄浦】【2024】名额到校最低分数线.pdf,7,2024 官方表无「综合素质评价」列，官方注明均为 50 分
2024,黄浦区,上海民办永昌学校,,上海市向明中学（浦江校区）,,719.5,800,否,50,394,130,124,135,【黄浦】【2024】名额到校最低分数线.pdf,7,2024 官方表无「综合素质评价」列，官方注明均为 50 分
2024,黄浦区,上海民办永昌学校,,上海外国语大学附属大境中学,,700,800,否,50,388.5,115,129,122,【黄浦】【2024】名额到校最低分数线.pdf,7,2024 官方表无「综合素质评价」列，官方注明均为 50 分
2024,黄浦区,上海民办永昌学校,,上海市光明中学,,658,800,否,50,358,109,113,114,【黄浦】【2024】名额到校最低分数线.pdf,7,2024 官方表无「综合素质评价」列，官方注明均为 50 分
2024,黄浦区,上海民办永昌学校,,上海市敬业中学,,695.5,800,否,50,387,113,130,117,【黄浦】【2024】名额到校最低分数线.pdf,7,2024 官方表无「综合素质评价」列，官方注明均为 50 分
2024,黄浦区,上海民办永昌学校,,上海市卢湾高级中学,,679,800,否,50,376.5,125,119,118,【黄浦】【2024】名额到校最低分数线.pdf,7,2024 官方表无「综合素质评价」列，官方注明均为 50 分
2024,黄浦区,上海民办永昌学校,,华东师范大学第二附属中学,,756.5,800,否,50,417.5,142,130,143,【黄浦】【2024】名额到校最低分数线.pdf,7,2024 官方表无「综合素质评价」列，官方注明均为 50 分
2024,黄浦区,上海康德双语实验学校,,上海市格致中学,,724.5,800,否,50,405,136,127,132,【黄浦】【2024】名额到校最低分数线.pdf,7,2024 官方表无「综合素质评价」列，官方注明均为 50 分
2024,黄浦区,上海康德双语实验学校,,上海市大同中学,,672,800,否,50,352.5,94,120,129,【黄浦】【2024】名额到校最低分数线.pdf,7,2024 官方表无「综合素质评价」列，官方注明均为 50 分
2024,黄浦区,上海市黄浦学校,,上海市格致中学,,745.5,800,否,50,409,139,129,144,【黄浦】【2024】名额到校最低分数线.pdf,7,2024 官方表无「综合素质评价」列，官方注明均为 50 分
2024,黄浦区,上海市黄浦学校,,上海市格致中学（奉贤校区）,,668.5,800,否,50,345.5,113,120,133,【黄浦】【2024】名额到校最低分数线.pdf,7,2024 官方表无「综合素质评价」列，官方注明均为 50 分
2024,黄浦区,上海市黄浦学校,,上海市大同中学,,732.5,800,否,50,400.5,119,136,138,【黄浦】【2024】名额到校最低分数线.pdf,7,2024 官方表无「综合素质评价」列，官方注明均为 50 分
2024,黄浦区,上海市黄浦学校,,上海市向明中学,,720,800,否,50,391,132,121,136,【黄浦】【2024】名额到校最低分数线.pdf,7,2024 官方表无「综合素质评价」列，官方注明均为 50 分
2024,黄浦区,上海市黄浦学校,,上海市向明中学（浦江校区）,,708.5,800,否,50,388,125,128,128,【黄浦】【2024】名额到校最低分数线.pdf,7,2024 官方表无「综合素质评价」列，官方注明均为 50 分
2024,黄浦区,上海市黄浦学校,,上海外国语大学附属大境中学,,715,800,否,50,387,127,124,133,【黄浦】【2024】名额到校最低分数线.pdf,7,2024 官方表无「综合素质评价」列，官方注明均为 50 分
2024,黄浦区,上海市黄浦学校,,上海市光明中学,,689,800,否,50,368.5,109,127,132,【黄浦】【2024】名额到校最低分数线.pdf,7,2024 官方表无「综合素质评价」列，官方注明均为 50 分
2024,黄浦区,上海市黄浦学校,,上海市敬业中学,,706.5,800,否,50,377,122,130,139,【黄浦】【2024】名额到校最低分数线.pdf,7,2024 官方表无「综合素质评价」列，官方注明均为 50 分
2024,黄浦区,上海市黄浦学校,,上海市卢湾高级中学,,687.5,800,否,50,380,119,123,115,【黄浦】【2024】名额到校最低分数线.pdf,7,2024 官方表无「综合素质评价」列，官方注明均为 50 分
2025,黄浦区,上海市格致初级中学,,上海市格致中学,,741,800,否,50,401.5,135,119,142,【黄浦】【2025】名额到校最低分数线.pdf,1,
2025,黄浦区,上海市格致初级中学,,上海市格致中学（奉贤校区）,,714,800,否,50,384,118,122,134,【黄浦】【2025】名额到校最低分数线.pdf,1,
2025,黄浦区,上海市格致初级中学,,上海市大同中学,,735.5,800,否,50,414.5,135,132,126,【黄浦】【2025】名额到校最低分数线.pdf,1,
2025,黄浦区,上海市格致初级中学,,上海市向明中学,,717.5,800,否,50,394,136,118,127.5,【黄浦】【2025】名额到校最低分数线.pdf,1,
2025,黄浦区,上海市格致初级中学,,上海市向明中学（浦江校区）,,706.5,800,否,50,387.5,122,128,124,【黄浦】【2025】名额到校最低分数线.pdf,1,
2025,黄浦区,上海市格致初级中学,,上海外国语大学附属大境中学,,683,800,否,50,381,120,124,108,【黄浦】【2025】名额到校最低分数线.pdf,1,
2025,黄浦区,上海市格致初级中学,,上海市光明中学,,656.5,800,否,50,364.5,111,119,101,【黄浦】【2025】名额到校最低分数线.pdf,1,
2025,黄浦区,上海市格致初级中学,,上海市敬业中学,,689,800,否,50,383,137,112,122,【黄浦】【2025】名额到校最低分数线.pdf,1,
2025,黄浦区,上海市格致初级中学,,上海市卢湾高级中学,,669,800,否,50,354,105,112,124,【黄浦】【2025】名额到校最低分数线.pdf,1,
2025,黄浦区,上海市大同初级中学,,上海市格致中学,,734,800,否,50,406.5,132,134,134,【黄浦】【2025】名额到校最低分数线.pdf,1,
2025,黄浦区,上海市大同初级中学,,上海市格致中学（奉贤校区）,,708,800,否,50,389,134,115,128,【黄浦】【2025】名额到校最低分数线.pdf,1,
2025,黄浦区,上海市大同初级中学,,上海市大同中学,,739.5,800,否,50,399.5,132,122,142,【黄浦】【2025】名额到校最低分数线.pdf,1,
2025,黄浦区,上海市大同初级中学,,上海市向明中学,,701.5,800,否,50,385.5,114,128,123,【黄浦】【2025】名额到校最低分数线.pdf,1,
2025,黄浦区,上海市大同初级中学,,上海市向明中学（浦江校区）,,704.5,800,否,50,389,137,114,121,【黄浦】【2025】名额到校最低分数线.pdf,1,
2025,黄浦区,上海市大同初级中学,,上海外国语大学附属大境中学,,680.5,800,否,50,377.5,120,125,113,【黄浦】【2025】名额到校最低分数线.pdf,1,
2025,黄浦区,上海市大同初级中学,,上海市光明中学,,661.5,800,否,50,355.5,97,118,113,【黄浦】【2025】名额到校最低分数线.pdf,1,
2025,黄浦区,上海市大同初级中学,,上海市敬业中学,,697.5,800,否,50,381.5,118,124,121,【黄浦】【2025】名额到校最低分数线.pdf,1,
2025,黄浦区,上海市大同初级中学,,上海市卢湾高级中学,,674,800,否,50,362.5,112,118,117,【黄浦】【2025】名额到校最低分数线.pdf,1,
2025,黄浦区,上海市向明初级中学,,上海市格致中学,,735,800,否,50,400,135,118,140,【黄浦】【2025】名额到校最低分数线.pdf,1,
2025,黄浦区,上海市向明初级中学,,上海市格致中学（奉贤校区）,,716.5,800,否,50,379.5,133,110,142,【黄浦】【2025】名额到校最低分数线.pdf,1,
2025,黄浦区,上海市向明初级中学,,上海市大同中学,,736,800,否,50,391,141,119,144,【黄浦】【2025】名额到校最低分数线.pdf,1,
2025,黄浦区,上海市向明初级中学,,上海市向明中学,,716.5,800,否,50,384.5,129,122,135,【黄浦】【2025】名额到校最低分数线.pdf,1,
2025,黄浦区,上海市向明初级中学,,上海市向明中学（浦江校区）,,704,800,否,50,387,128,117,123,【黄浦】【2025】名额到校最低分数线.pdf,1,
2025,黄浦区,上海市向明初级中学,,上海外国语大学附属大境中学,,675,800,否,50,360,113,120,119,【黄浦】【2025】名额到校最低分数线.pdf,1,
2025,黄浦区,上海市向明初级中学,,上海市光明中学,,655.5,800,否,50,343,119,115,120,【黄浦】【2025】名额到校最低分数线.pdf,1,
2025,黄浦区,上海市向明初级中学,,上海市敬业中学,,693.5,800,否,50,373.5,122,122,132,【黄浦】【2025】名额到校最低分数线.pdf,1,
2025,黄浦区,上海市向明初级中学,,上海市卢湾高级中学,,673,800,否,50,371,121,124,111,【黄浦】【2025】名额到校最低分数线.pdf,1,
2025,黄浦区,上海外国语大学附属大境初级中学,,上海市格致中学,,726.5,800,否,50,398.5,143,116,132,【黄浦】【2025】名额到校最低分数线.pdf,1,
2025,黄浦区,上海外国语大学附属大境初级中学,,上海市格致中学（奉贤校区）,,716.5,800,否,50,396.5,128,122,126,【黄浦】【2025】名额到校最低分数线.pdf,2,
2025,黄浦区,上海外国语大学附属大境初级中学,,上海市大同中学,,730,800,否,50,398,133,126,135,【黄浦】【2025】名额到校最低分数线.pdf,2,
2025,黄浦区,上海外国语大学附属大境初级中学,,上海市向明中学,,714,800,否,50,400,135,124,124,【黄浦】【2025】名额到校最低分数线.pdf,2,
2025,黄浦区,上海外国语大学附属大境初级中学,,上海市向明中学（浦江校区）,,713,800,否,50,396,135,125,132,【黄浦】【2025】名额到校最低分数线.pdf,2,
2025,黄浦区,上海外国语大学附属大境初级中学,,上海外国语大学附属大境中学,,689.5,800,否,50,382,130,112,114,【黄浦】【2025】名额到校最低分数线.pdf,2,
2025,黄浦区,上海外国语大学附属大境初级中学,,上海市光明中学,,667.5,800,否,50,354.5,115,119,118,【黄浦】【2025】名额到校最低分数线.pdf,2,
2025,黄浦区,上海外国语大学附属大境初级中学,,上海市敬业中学,,695,800,否,50,383.5,123,127,116,【黄浦】【2025】名额到校最低分数线.pdf,2,
2025,黄浦区,上海外国语大学附属大境初级中学,,上海市卢湾高级中学,,683,800,否,50,369.5,114,118,121,【黄浦】【2025】名额到校最低分数线.pdf,2,
2025,黄浦区,上海市光明初级中学,,上海市格致中学,,727,800,否,50,395,127,127,140,【黄浦】【2025】名额到校最低分数线.pdf,2,
2025,黄浦区,上海市光明初级中学,,上海市格致中学（奉贤校区）,,711.5,800,否,50,389,133,121,132,【黄浦】【2025】名额到校最低分数线.pdf,2,
2025,黄浦区,上海市光明初级中学,,上海市大同中学,,723,800,否,50,394,146,111,134,【黄浦】【2025】名额到校最低分数线.pdf,2,
2025,黄浦区,上海市光明初级中学,,上海市向明中学,,705,800,否,50,382,128,119,129,【黄浦】【2025】名额到校最低分数线.pdf,2,
2025,黄浦区,上海市光明初级中学,,上海市向明中学（浦江校区）,,688.5,800,否,50,381.5,130,123,113,【黄浦】【2025】名额到校最低分数线.pdf,2,
2025,黄浦区,上海市光明初级中学,,上海外国语大学附属大境中学,,677,800,否,50,373,126,123,112,【黄浦】【2025】名额到校最低分数线.pdf,2,
2025,黄浦区,上海市光明初级中学,,上海市光明中学,,667,800,否,50,359,110,113,113,【黄浦】【2025】名额到校最低分数线.pdf,2,
2025,黄浦区,上海市光明初级中学,,上海市敬业中学,,704,800,否,50,386,134,116,127,【黄浦】【2025】名额到校最低分数线.pdf,2,
2025,黄浦区,上海市光明初级中学,,上海市卢湾高级中学,,677,800,否,50,368.5,113,122,119,【黄浦】【2025】名额到校最低分数线.pdf,2,
2025,黄浦区,上海市光明初级中学,,复旦大学附属中学,,748,800,否,50,412,145,128,137,【黄浦】【2025】名额到校最低分数线.pdf,2,
2025,黄浦区,上海市敬业初级中学,,上海市格致中学,,724.5,800,否,50,402,141,123,130,【黄浦】【2025】名额到校最低分数线.pdf,2,
2025,黄浦区,上海市敬业初级中学,,上海市格致中学（奉贤校区）,,719,800,否,50,398.5,125,131,126,【黄浦】【2025】名额到校最低分数线.pdf,2,
2025,黄浦区,上海市敬业初级中学,,上海市大同中学,,728.5,800,否,50,408,142,127,131,【黄浦】【2025】名额到校最低分数线.pdf,2,
2025,黄浦区,上海市敬业初级中学,,上海市向明中学,,707,800,否,50,392,139,119,126,【黄浦】【2025】名额到校最低分数线.pdf,2,
2025,黄浦区,上海市敬业初级中学,,上海市向明中学（浦江校区）,,684,800,否,50,362,118,106,129,【黄浦】【2025】名额到校最低分数线.pdf,2,
2025,黄浦区,上海市敬业初级中学,,上海外国语大学附属大境中学,,696.5,800,否,50,387.5,111,134,115,【黄浦】【2025】名额到校最低分数线.pdf,2,
2025,黄浦区,上海市敬业初级中学,,上海市光明中学,,671.5,800,否,50,373.5,134,111,119,【黄浦】【2025】名额到校最低分数线.pdf,2,
2025,黄浦区,上海市敬业初级中学,,上海市敬业中学,,704.5,800,否,50,383.5,122,124,127,【黄浦】【2025】名额到校最低分数线.pdf,2,
2025,黄浦区,上海市敬业初级中学,,上海市卢湾高级中学,,676.5,800,否,50,365.5,120,111,124,【黄浦】【2025】名额到校最低分数线.pdf,2,
2025,黄浦区,上海市敬业初级中学,,上海市上海中学,,743.5,800,否,50,410.5,150,117,136,【黄浦】【2025】名额到校最低分数线.pdf,2,
2025,黄浦区,上海市卢湾中学,,上海市格致中学,,731.5,800,否,50,409.5,137,125,130,【黄浦】【2025】名额到校最低分数线.pdf,2,
2025,黄浦区,上海市卢湾中学,,上海市格致中学（奉贤校区）,,716,800,否,50,380,126,124,142,【黄浦】【2025】名额到校最低分数线.pdf,2,
2025,黄浦区,上海市卢湾中学,,上海市大同中学,,732.5,800,否,50,401.5,136,123,134,【黄浦】【2025】名额到校最低分数线.pdf,3,
2025,黄浦区,上海市卢湾中学,,上海市向明中学,,721,800,否,50,397.5,137,124,133,【黄浦】【2025】名额到校最低分数线.pdf,3,
2025,黄浦区,上海市卢湾中学,,上海市向明中学（浦江校区）,,711,800,否,50,392,128,127,122,【黄浦】【2025】名额到校最低分数线.pdf,3,
2025,黄浦区,上海市卢湾中学,,上海外国语大学附属大境中学,,672,800,否,50,366.5,112,119,119.5,【黄浦】【2025】名额到校最低分数线.pdf,3,
2025,黄浦区,上海市卢湾中学,,上海市光明中学,,666.5,800,否,50,355.5,104,118,122,【黄浦】【2025】名额到校最低分数线.pdf,3,
2025,黄浦区,上海市卢湾中学,,上海市敬业中学,,691.5,800,否,50,374.5,111,126,121,【黄浦】【2025】名额到校最低分数线.pdf,3,
2025,黄浦区,上海市卢湾中学,,上海市卢湾高级中学,,675.5,800,否,50,356.5,135,117,127,【黄浦】【2025】名额到校最低分数线.pdf,3,
2025,黄浦区,上海市卢湾中学,,上海市上海中学,,751,800,否,50,412,146,122,144,【黄浦】【2025】名额到校最低分数线.pdf,3,
2025,黄浦区,上海市市八初级中学,,上海市格致中学,,725,800,否,50,396,134,122,135,【黄浦】【2025】名额到校最低分数线.pdf,3,
2025,黄浦区,上海市市八初级中学,,上海市格致中学（奉贤校区）,,731.5,800,否,50,401,133,123,132,【黄浦】【2025】名额到校最低分数线.pdf,3,
2025,黄浦区,上海市市八初级中学,,上海市大同中学,,716,800,否,50,385.5,130,119,135,【黄浦】【2025】名额到校最低分数线.pdf,3,
2025,黄浦区,上海市市八初级中学,,上海市向明中学,,702,800,否,50,387,123,129,124,【黄浦】【2025】名额到校最低分数线.pdf,3,
2025,黄浦区,上海市市八初级中学,,上海市向明中学（浦江校区）,,694.5,800,否,50,392,140,115,114,【黄浦】【2025】名额到校最低分数线.pdf,3,
2025,黄浦区,上海市市八初级中学,,上海外国语大学附属大境中学,,681,800,否,50,364.5,124,112,127,【黄浦】【2025】名额到校最低分数线.pdf,3,
2025,黄浦区,上海市市八初级中学,,上海市光明中学,,666,800,否,50,359,110,118,116,【黄浦】【2025】名额到校最低分数线.pdf,3,
2025,黄浦区,上海市市八初级中学,,上海市敬业中学,,688.5,800,否,50,372.5,129,113,125,【黄浦】【2025】名额到校最低分数线.pdf,3,
2025,黄浦区,上海市市八初级中学,,上海市卢湾高级中学,,663,800,否,50,362,112,125,107,【黄浦】【2025】名额到校最低分数线.pdf,3,
2025,黄浦区,上海市尚文中学,,上海市格致中学,,712,800,否,50,393,131,122,126,【黄浦】【2025】名额到校最低分数线.pdf,3,
2025,黄浦区,上海市尚文中学,,上海市格致中学（奉贤校区）,,707,800,否,50,380.5,126,118,134,【黄浦】【2025】名额到校最低分数线.pdf,3,
2025,黄浦区,上海市尚文中学,,上海市大同中学,,723.5,800,否,50,397.5,126,134,133,【黄浦】【2025】名额到校最低分数线.pdf,3,
2025,黄浦区,上海市尚文中学,,上海市向明中学,,713,800,否,50,389.5,136,121,132,【黄浦】【2025】名额到校最低分数线.pdf,3,
2025,黄浦区,上海市尚文中学,,上海市向明中学（浦江校区）,,704.5,800,否,50,384,131,115,128,【黄浦】【2025】名额到校最低分数线.pdf,3,
2025,黄浦区,上海市尚文中学,,上海外国语大学附属大境中学,,697,800,否,50,385,129,118,123,【黄浦】【2025】名额到校最低分数线.pdf,3,
2025,黄浦区,上海市尚文中学,,上海市光明中学,,679.5,800,否,50,370,124,111,122,【黄浦】【2025】名额到校最低分数线.pdf,3,
2025,黄浦区,上海市尚文中学,,上海市敬业中学,,701.5,800,否,50,378.5,113,127,130,【黄浦】【2025】名额到校最低分数线.pdf,3,
2025,黄浦区,上海市尚文中学,,上海市卢湾高级中学,,680,800,否,50,363.5,119,111,123,【黄浦】【2025】名额到校最低分数线.pdf,3,
2025,黄浦区,上海市尚文中学,,华东师范大学第二附属中学,,747,800,否,50,407,139,125,139,【黄浦】【2025】名额到校最低分数线.pdf,3,
2025,黄浦区,上海交通大学附属黄浦实验中学,,上海市格致中学,,725.5,800,否,50,397.5,119,133,131,【黄浦】【2025】名额到校最低分数线.pdf,3,
2025,黄浦区,上海交通大学附属黄浦实验中学,,上海市格致中学（奉贤校区）,,709,800,否,50,382,130,119,132,【黄浦】【2025】名额到校最低分数线.pdf,3,
2025,黄浦区,上海交通大学附属黄浦实验中学,,上海市大同中学,,728.5,800,否,50,392,135,120,137,【黄浦】【2025】名额到校最低分数线.pdf,3,
2025,黄浦区,上海交通大学附属黄浦实验中学,,上海市向明中学,,689.5,800,否,50,376.5,123,117,123,【黄浦】【2025】名额到校最低分数线.pdf,4,
2025,黄浦区,上海交通大学附属黄浦实验中学,,上海市向明中学（浦江校区）,,706,800,否,50,374.5,128,119,139,【黄浦】【2025】名额到校最低分数线.pdf,4,
2025,黄浦区,上海交通大学附属黄浦实验中学,,上海外国语大学附属大境中学,,682,800,否,50,369.5,125,113,117,【黄浦】【2025】名额到校最低分数线.pdf,4,
2025,黄浦区,上海交通大学附属黄浦实验中学,,上海市光明中学,,672.5,800,否,50,360.5,127,111,122,【黄浦】【2025】名额到校最低分数线.pdf,4,
2025,黄浦区,上海交通大学附属黄浦实验中学,,上海市敬业中学,,697.5,800,否,50,382,134,112,124,【黄浦】【2025】名额到校最低分数线.pdf,4,
2025,黄浦区,上海交通大学附属黄浦实验中学,,上海市卢湾高级中学,,685.5,800,否,50,370.5,127,113,127,【黄浦】【2025】名额到校最低分数线.pdf,4,
2025,黄浦区,上海交通大学附属黄浦实验中学,,上海交通大学附属中学,,752,800,否,50,410,141,128,142,【黄浦】【2025】名额到校最低分数线.pdf,4,
2025,黄浦区,上海市清华中学,,上海市格致中学,,729,800,否,50,393,133,120,139,【黄浦】【2025】名额到校最低分数线.pdf,4,
2025,黄浦区,上海市清华中学,,上海市格致中学（奉贤校区）,,705,800,否,50,382,125,120,133,【黄浦】【2025】名额到校最低分数线.pdf,4,
2025,黄浦区,上海市清华中学,,上海市大同中学,,749.5,800,否,50,412.5,141,128,140,【黄浦】【2025】名额到校最低分数线.pdf,4,
2025,黄浦区,上海市清华中学,,上海市向明中学,,708,800,否,50,381.5,120,124,130,【黄浦】【2025】名额到校最低分数线.pdf,4,
2025,黄浦区,上海市清华中学,,上海市向明中学（浦江校区）,,692.5,800,否,50,372.5,119,126,127,【黄浦】【2025】名额到校最低分数线.pdf,4,
2025,黄浦区,上海市清华中学,,上海外国语大学附属大境中学,,678.5,800,否,50,369,118,119,115,【黄浦】【2025】名额到校最低分数线.pdf,4,
2025,黄浦区,上海市清华中学,,上海市光明中学,,661.5,800,否,50,359,119,109,115,【黄浦】【2025】名额到校最低分数线.pdf,4,
2025,黄浦区,上海市清华中学,,上海市敬业中学,,674.5,800,否,50,372,133,104,122,【黄浦】【2025】名额到校最低分数线.pdf,4,
2025,黄浦区,上海市清华中学,,上海市卢湾高级中学,,685,800,否,50,369.5,115,118,127,【黄浦】【2025】名额到校最低分数线.pdf,4,
2025,黄浦区,上海市民办明珠中学,,上海市格致中学,,730,800,否,50,393.5,131,122,141,【黄浦】【2025】名额到校最低分数线.pdf,4,
2025,黄浦区,上海市民办明珠中学,,上海市格致中学（奉贤校区）,,702.5,800,否,50,386.5,127,118,121,【黄浦】【2025】名额到校最低分数线.pdf,4,
2025,黄浦区,上海市民办明珠中学,,上海市大同中学,,721.5,800,否,50,397,128,126,132,【黄浦】【2025】名额到校最低分数线.pdf,4,
2025,黄浦区,上海市民办明珠中学,,上海市向明中学,,712.5,800,否,50,388.5,122,126,126,【黄浦】【2025】名额到校最低分数线.pdf,4,
2025,黄浦区,上海市民办明珠中学,,上海市向明中学（浦江校区）,,709.5,800,否,50,387.5,119,128,125,【黄浦】【2025】名额到校最低分数线.pdf,4,
2025,黄浦区,上海市民办明珠中学,,上海外国语大学附属大境中学,,688.5,800,否,50,378.5,118,121,118,【黄浦】【2025】名额到校最低分数线.pdf,4,
2025,黄浦区,上海市民办明珠中学,,上海市光明中学,,673,800,否,50,362,117,115,123,【黄浦】【2025】名额到校最低分数线.pdf,4,
2025,黄浦区,上海市民办明珠中学,,上海市敬业中学,,702,800,否,50,390.5,128,128,118,【黄浦】【2025】名额到校最低分数线.pdf,4,
2025,黄浦区,上海市民办明珠中学,,上海市卢湾高级中学,,675,800,否,50,374.5,126,109,112,【黄浦】【2025】名额到校最低分数线.pdf,4,
2025,黄浦区,上海市民办立达中学,,上海市格致中学,,736,800,否,50,410,141,125,131,【黄浦】【2025】名额到校最低分数线.pdf,4,
2025,黄浦区,上海市民办立达中学,,上海市格致中学（奉贤校区）,,715.5,800,否,50,395.5,127,126,128,【黄浦】【2025】名额到校最低分数线.pdf,4,
2025,黄浦区,上海市民办立达中学,,上海市大同中学,,738.5,800,否,50,413.5,141,130,130,【黄浦】【2025】名额到校最低分数线.pdf,4,
2025,黄浦区,上海市民办立达中学,,上海市向明中学,,719.5,800,否,50,387,124,120,136,【黄浦】【2025】名额到校最低分数线.pdf,4,
2025,黄浦区,上海市民办立达中学,,上海市向明中学（浦江校区）,,709,800,否,50,392,132,120,120,【黄浦】【2025】名额到校最低分数线.pdf,4,
2025,黄浦区,上海市民办立达中学,,上海外国语大学附属大境中学,,666,800,否,50,353,110,109,123,【黄浦】【2025】名额到校最低分数线.pdf,5,
2025,黄浦区,上海市民办立达中学,,上海市光明中学,,657,800,否,50,354,116,114,115,【黄浦】【2025】名额到校最低分数线.pdf,5,
2025,黄浦区,上海市民办立达中学,,上海市敬业中学,,693.5,800,否,50,385.5,131,119,118,【黄浦】【2025】名额到校最低分数线.pdf,5,
2025,黄浦区,上海市民办立达中学,,上海市卢湾高级中学,,656,800,否,50,359,115,112,114,【黄浦】【2025】名额到校最低分数线.pdf,5,
2025,黄浦区,上海市震旦外国语中学,,上海市格致中学,,732.5,800,否,50,404,129,129,137,【黄浦】【2025】名额到校最低分数线.pdf,5,
2025,黄浦区,上海市震旦外国语中学,,上海市格致中学（奉贤校区）,,694.5,800,否,50,385.5,135,115,123,【黄浦】【2025】名额到校最低分数线.pdf,5,
2025,黄浦区,上海市震旦外国语中学,,上海市大同中学,,730.5,800,否,50,398.5,125,133,137,【黄浦】【2025】名额到校最低分数线.pdf,5,
2025,黄浦区,上海市震旦外国语中学,,上海市向明中学,,723.5,800,否,50,398,143,115,132,【黄浦】【2025】名额到校最低分数线.pdf,5,
2025,黄浦区,上海市震旦外国语中学,,上海市向明中学（浦江校区）,,703,800,否,50,388.5,123,121,129,【黄浦】【2025】名额到校最低分数线.pdf,5,
2025,黄浦区,上海市震旦外国语中学,,上海外国语大学附属大境中学,,688.5,800,否,50,376,124,112,124,【黄浦】【2025】名额到校最低分数线.pdf,5,
2025,黄浦区,上海市震旦外国语中学,,上海市光明中学,,666,800,否,50,358,101,114,121,【黄浦】【2025】名额到校最低分数线.pdf,5,
2025,黄浦区,上海市震旦外国语中学,,上海市敬业中学,,702,800,否,50,383,126,118,131,【黄浦】【2025】名额到校最低分数线.pdf,5,
2025,黄浦区,上海市震旦外国语中学,,上海市卢湾高级中学,,691.5,800,否,50,376.5,120,122,122,【黄浦】【2025】名额到校最低分数线.pdf,5,
2025,黄浦区,上海市震旦外国语中学,,华东师范大学第二附属中学,,747.5,800,否,50,403.5,133,124,147,【黄浦】【2025】名额到校最低分数线.pdf,5,
2025,黄浦区,上海市第十中学,,上海市格致中学,,729,800,否,50,405,134,124,131,【黄浦】【2025】名额到校最低分数线.pdf,5,
2025,黄浦区,上海市第十中学,,上海市格致中学（奉贤校区）,,729,800,否,50,397.5,134,122,138,【黄浦】【2025】名额到校最低分数线.pdf,5,
2025,黄浦区,上海市第十中学,,上海市大同中学,,739.5,800,否,50,399.5,146,115,144,【黄浦】【2025】名额到校最低分数线.pdf,5,
2025,黄浦区,上海市第十中学,,上海市向明中学,,710,800,否,50,391.5,124,125,127,【黄浦】【2025】名额到校最低分数线.pdf,5,
2025,黄浦区,上海市第十中学,,上海市向明中学（浦江校区）,,703.5,800,否,50,391.5,131,115,127,【黄浦】【2025】名额到校最低分数线.pdf,5,
2025,黄浦区,上海市第十中学,,上海外国语大学附属大境中学,,682,800,否,50,371,124,113,123,【黄浦】【2025】名额到校最低分数线.pdf,5,
2025,黄浦区,上海市第十中学,,上海市光明中学,,671,800,否,50,359.5,120,112,115,【黄浦】【2025】名额到校最低分数线.pdf,5,
2025,黄浦区,上海市第十中学,,上海市敬业中学,,693,800,否,50,379,116,122,120,【黄浦】【2025】名额到校最低分数线.pdf,5,
2025,黄浦区,上海市第十中学,,上海市卢湾高级中学,,677.5,800,否,50,372,121,112,107,【黄浦】【2025】名额到校最低分数线.pdf,5,
2025,黄浦区,上海理工大学附属储能中学,,上海市格致中学,,723.5,800,否,50,393.5,136,120,134,【黄浦】【2025】名额到校最低分数线.pdf,5,
2025,黄浦区,上海理工大学附属储能中学,,上海市格致中学（奉贤校区）,,705.5,800,否,50,383.5,121,123,132,【黄浦】【2025】名额到校最低分数线.pdf,5,
2025,黄浦区,上海理工大学附属储能中学,,上海市大同中学,,722.5,800,否,50,387.5,142,119,142,【黄浦】【2025】名额到校最低分数线.pdf,5,
2025,黄浦区,上海理工大学附属储能中学,,上海市向明中学,,699.5,800,否,50,384,134,117,125,【黄浦】【2025】名额到校最低分数线.pdf,5,
2025,黄浦区,上海理工大学附属储能中学,,上海市向明中学（浦江校区）,,697,800,否,50,392,134,121,115,【黄浦】【2025】名额到校最低分数线.pdf,5,
2025,黄浦区,上海理工大学附属储能中学,,上海外国语大学附属大境中学,,679.5,800,否,50,354,123,112,136,【黄浦】【2025】名额到校最低分数线.pdf,5,
2025,黄浦区,上海理工大学附属储能中学,,上海市光明中学,,664,800,否,50,349,129,122,128,【黄浦】【2025】名额到校最低分数线.pdf,5,
2025,黄浦区,上海理工大学附属储能中学,,上海市敬业中学,,668,800,否,50,362.5,130,112,119,【黄浦】【2025】名额到校最低分数线.pdf,6,
2025,黄浦区,上海理工大学附属储能中学,,上海市卢湾高级中学,,665.5,800,否,50,342,115,113,131,【黄浦】【2025】名额到校最低分数线.pdf,6,
2025,黄浦区,上海理工大学附属储能中学,,上海交通大学附属中学,,745,800,否,50,412,137,130,137,【黄浦】【2025】名额到校最低分数线.pdf,6,
2025,黄浦区,上海市金陵中学,,上海市格致中学,,728.5,800,否,50,391.5,133,123,143,【黄浦】【2025】名额到校最低分数线.pdf,6,
2025,黄浦区,上海市金陵中学,,上海市格致中学（奉贤校区）,,735.5,800,否,50,395.5,128,130,145,【黄浦】【2025】名额到校最低分数线.pdf,6,
2025,黄浦区,上海市金陵中学,,上海市大同中学,,732.5,800,否,50,393.5,132,123,142,【黄浦】【2025】名额到校最低分数线.pdf,6,
2025,黄浦区,上海市金陵中学,,上海市向明中学,,724.5,800,否,50,389.5,132,120,139,【黄浦】【2025】名额到校最低分数线.pdf,6,
2025,黄浦区,上海市金陵中学,,上海市向明中学（浦江校区）,,704,800,否,50,379,122,118,135,【黄浦】【2025】名额到校最低分数线.pdf,6,
2025,黄浦区,上海市金陵中学,,上海外国语大学附属大境中学,,676.5,800,否,50,363.5,114,122,121,【黄浦】【2025】名额到校最低分数线.pdf,6,
2025,黄浦区,上海市金陵中学,,上海市光明中学,,677,800,否,50,355.5,117,108,129,【黄浦】【2025】名额到校最低分数线.pdf,6,
2025,黄浦区,上海市金陵中学,,上海市敬业中学,,691,800,否,50,358,117,115,137,【黄浦】【2025】名额到校最低分数线.pdf,6,
2025,黄浦区,上海市金陵中学,,上海市卢湾高级中学,,686,800,否,50,364,120,113,127,【黄浦】【2025】名额到校最低分数线.pdf,6,
2025,黄浦区,上海市市南中学,,上海市格致中学,,720.5,800,否,50,393.5,131,125,132,【黄浦】【2025】名额到校最低分数线.pdf,6,
2025,黄浦区,上海市市南中学,,上海市格致中学（奉贤校区）,,692,800,否,50,372.5,128,115,132,【黄浦】【2025】名额到校最低分数线.pdf,6,
2025,黄浦区,上海市市南中学,,上海市大同中学,,728.5,800,否,50,397.5,142,115,137,【黄浦】【2025】名额到校最低分数线.pdf,6,
2025,黄浦区,上海市市南中学,,上海市向明中学,,704.5,800,否,50,383,133,114,130,【黄浦】【2025】名额到校最低分数线.pdf,6,
2025,黄浦区,上海市市南中学,,上海市向明中学（浦江校区）,,666,800,否,50,360,113,126,118,【黄浦】【2025】名额到校最低分数线.pdf,6,
2025,黄浦区,上海市市南中学,,上海外国语大学附属大境中学,,684,800,否,50,378,121,129,107,【黄浦】【2025】名额到校最低分数线.pdf,6,
2025,黄浦区,上海市市南中学,,上海市光明中学,,657.5,800,否,50,341.5,109,113,123,【黄浦】【2025】名额到校最低分数线.pdf,6,
2025,黄浦区,上海市市南中学,,上海市敬业中学,,703,800,否,50,381.5,124,123,128,【黄浦】【2025】名额到校最低分数线.pdf,6,
2025,黄浦区,上海市市南中学,,上海市卢湾高级中学,,668,800,否,50,348,124,108,128,【黄浦】【2025】名额到校最低分数线.pdf,6,
2025,黄浦区,上海市市南中学,,复旦大学附属中学,,756.5,800,否,50,419.5,141,132,141,【黄浦】【2025】名额到校最低分数线.pdf,6,
2025,黄浦区,上海音乐学院附属黄浦比乐中学,,上海市格致中学,,737,800,否,50,405.5,134,135,135,【黄浦】【2025】名额到校最低分数线.pdf,6,
2025,黄浦区,上海音乐学院附属黄浦比乐中学,,上海市格致中学（奉贤校区）,,699.5,800,否,50,383,125,120,132,【黄浦】【2025】名额到校最低分数线.pdf,6,
2025,黄浦区,上海音乐学院附属黄浦比乐中学,,上海市大同中学,,729.5,800,否,50,401,144,122,132,【黄浦】【2025】名额到校最低分数线.pdf,6,
2025,黄浦区,上海音乐学院附属黄浦比乐中学,,上海市向明中学,,718.5,800,否,50,397.5,137,121,132,【黄浦】【2025】名额到校最低分数线.pdf,6,
2025,黄浦区,上海音乐学院附属黄浦比乐中学,,上海市向明中学（浦江校区）,,704.5,800,否,50,390.5,132,121,128,【黄浦】【2025】名额到校最低分数线.pdf,6,
2025,黄浦区,上海音乐学院附属黄浦比乐中学,,上海外国语大学附属大境中学,,677.5,800,否,50,365.5,119,110,121,【黄浦】【2025】名额到校最低分数线.pdf,6,
2025,黄浦区,上海音乐学院附属黄浦比乐中学,,上海市光明中学,,674.5,800,否,50,371,125,114,113,【黄浦】【2025】名额到校最低分数线.pdf,6,
2025,黄浦区,上海音乐学院附属黄浦比乐中学,,上海市敬业中学,,707.5,800,否,50,376.5,116,121,134,【黄浦】【2025】名额到校最低分数线.pdf,6,
2025,黄浦区,上海音乐学院附属黄浦比乐中学,,上海市卢湾高级中学,,682.5,800,否,50,376.5,113,127,113,【黄浦】【2025】名额到校最低分数线.pdf,7,
2025,黄浦区,上海市黄浦区教育学院附属中山学校,,上海市格致中学,,729.5,800,否,50,401.5,143,118,135,【黄浦】【2025】名额到校最低分数线.pdf,7,
2025,黄浦区,上海市黄浦区教育学院附属中山学校,,上海市格致中学（奉贤校区）,,707.5,800,否,50,382.5,136,114,136,【黄浦】【2025】名额到校最低分数线.pdf,7,
2025,黄浦区,上海市黄浦区教育学院附属中山学校,,上海市大同中学,,735.5,800,否,50,402,132,129,138,【黄浦】【2025】名额到校最低分数线.pdf,7,
2025,黄浦区,上海市黄浦区教育学院附属中山学校,,上海市向明中学,,724.5,800,否,50,391.5,139,115,137,【黄浦】【2025】名额到校最低分数线.pdf,7,
2025,黄浦区,上海市黄浦区教育学院附属中山学校,,上海市向明中学（浦江校区）,,702.5,800,否,50,376.5,135,112,135,【黄浦】【2025】名额到校最低分数线.pdf,7,
2025,黄浦区,上海市黄浦区教育学院附属中山学校,,上海外国语大学附属大境中学,,682,800,否,50,363,117,116,127,【黄浦】【2025】名额到校最低分数线.pdf,7,
2025,黄浦区,上海市黄浦区教育学院附属中山学校,,上海市光明中学,,667,800,否,50,361.5,115,118,113,【黄浦】【2025】名额到校最低分数线.pdf,7,
2025,黄浦区,上海市黄浦区教育学院附属中山学校,,上海市敬业中学,,695.5,800,否,50,377.5,114,127,131,【黄浦】【2025】名额到校最低分数线.pdf,7,
2025,黄浦区,上海市黄浦区教育学院附属中山学校,,上海市卢湾高级中学,,686,800,否,50,366,117,121,131,【黄浦】【2025】名额到校最低分数线.pdf,7,
2025,黄浦区,上海民办永昌学校,,上海市格致中学,,739,800,否,50,410,135,132,137,【黄浦】【2025】名额到校最低分数线.pdf,7,
2025,黄浦区,上海民办永昌学校,,上海市格致中学（奉贤校区）,,714,800,否,50,396.5,140,126,132,【黄浦】【2025】名额到校最低分数线.pdf,7,
2025,黄浦区,上海民办永昌学校,,上海市大同中学,,738,800,否,50,415,140,129,129,【黄浦】【2025】名额到校最低分数线.pdf,7,
2025,黄浦区,上海民办永昌学校,,上海市向明中学,,710.5,800,否,50,376.5,125,121,136,【黄浦】【2025】名额到校最低分数线.pdf,7,
2025,黄浦区,上海民办永昌学校,,上海市向明中学（浦江校区）,,689,800,否,50,372,136,111,125,【黄浦】【2025】名额到校最低分数线.pdf,7,
2025,黄浦区,上海民办永昌学校,,上海外国语大学附属大境中学,,672,800,否,50,373,112,127,104,【黄浦】【2025】名额到校最低分数线.pdf,7,
2025,黄浦区,上海民办永昌学校,,上海市光明中学,,681.5,800,否,50,374.5,127,119,120,【黄浦】【2025】名额到校最低分数线.pdf,7,
2025,黄浦区,上海民办永昌学校,,上海市敬业中学,,690.5,800,否,50,368.5,124,112,134,【黄浦】【2025】名额到校最低分数线.pdf,7,
2025,黄浦区,上海民办永昌学校,,上海市卢湾高级中学,,659,800,否,50,351,119,112,113,【黄浦】【2025】名额到校最低分数线.pdf,7,
2026,黄浦区,上海市格致初级中学,,上海市格致中学,,743.5,800,否,50,410.5,136,130,137,【黄浦】【2026】名额到校最低分数线.pdf,1,
2026,黄浦区,上海市格致初级中学,,上海市格致中学（奉贤校区）,,726.5,800,否,50,399.5,126,128,134,【黄浦】【2026】名额到校最低分数线.pdf,1,
2026,黄浦区,上海市格致初级中学,,上海市大同中学,,740.5,800,否,50,410.5,147,120,138.5,【黄浦】【2026】名额到校最低分数线.pdf,1,
2026,黄浦区,上海市格致初级中学,,上海市向明中学,,729,800,否,50,405,134,131,128,【黄浦】【2026】名额到校最低分数线.pdf,1,
2026,黄浦区,上海市格致初级中学,,上海市向明中学（浦江校区）,,722,800,否,50,394.5,126,122,134,【黄浦】【2026】名额到校最低分数线.pdf,1,
2026,黄浦区,上海市格致初级中学,,上海外国语大学附属大境中学,,695,800,否,50,372,110,130,132,【黄浦】【2026】名额到校最低分数线.pdf,1,
2026,黄浦区,上海市格致初级中学,,上海市光明中学,,693,800,否,50,381.5,115,125,121,【黄浦】【2026】名额到校最低分数线.pdf,1,
2026,黄浦区,上海市格致初级中学,,上海市敬业中学,,722,800,否,50,385,128,118,140,【黄浦】【2026】名额到校最低分数线.pdf,1,
2026,黄浦区,上海市格致初级中学,,上海市卢湾高级中学,,694.5,800,否,50,380,121,125,126,【黄浦】【2026】名额到校最低分数线.pdf,1,
2026,黄浦区,上海市格致初级中学,,上海交通大学附属中学,,765,800,否,50,423,142,135,148,【黄浦】【2026】名额到校最低分数线.pdf,1,
2026,黄浦区,上海市大同初级中学,,上海市格致中学,,744,800,否,50,403,141,128,146,【黄浦】【2026】名额到校最低分数线.pdf,1,
2026,黄浦区,上海市大同初级中学,,上海市格致中学（奉贤校区）,,734,800,否,50,404,131,129,135,【黄浦】【2026】名额到校最低分数线.pdf,1,
2026,黄浦区,上海市大同初级中学,,上海市大同中学,,741.5,800,否,50,400,130,126,147,【黄浦】【2026】名额到校最低分数线.pdf,1,
2026,黄浦区,上海市大同初级中学,,上海市向明中学,,738.5,800,否,50,408,135,130,141,【黄浦】【2026】名额到校最低分数线.pdf,1,
2026,黄浦区,上海市大同初级中学,,上海市向明中学（浦江校区）,,730,800,否,50,399,127,128,136,【黄浦】【2026】名额到校最低分数线.pdf,1,
2026,黄浦区,上海市大同初级中学,,上海外国语大学附属大境中学,,710,800,否,50,385,123,126,133,【黄浦】【2026】名额到校最低分数线.pdf,1,
2026,黄浦区,上海市大同初级中学,,上海市光明中学,,693.5,800,否,50,371,100,132,134,【黄浦】【2026】名额到校最低分数线.pdf,1,
2026,黄浦区,上海市大同初级中学,,上海市敬业中学,,720.5,800,否,50,387.5,123,121,142,【黄浦】【2026】名额到校最低分数线.pdf,1,
2026,黄浦区,上海市大同初级中学,,上海市卢湾高级中学,,699.5,800,否,50,377.5,119,118,133,【黄浦】【2026】名额到校最低分数线.pdf,1,
2026,黄浦区,上海市大同初级中学,,华东师范大学第二附属中学,,760.5,800,否,50,417.5,142,129,145,【黄浦】【2026】名额到校最低分数线.pdf,1,
2026,黄浦区,上海市向明初级中学,,上海市格致中学,,742.5,800,否,50,409.5,133,134,140,【黄浦】【2026】名额到校最低分数线.pdf,1,
2026,黄浦区,上海市向明初级中学,,上海市格致中学（奉贤校区）,,733,800,否,50,399,142,116,140,【黄浦】【2026】名额到校最低分数线.pdf,1,
2026,黄浦区,上海市向明初级中学,,上海市大同中学,,746.5,800,否,50,409.5,130,135,141,【黄浦】【2026】名额到校最低分数线.pdf,1,
2026,黄浦区,上海市向明初级中学,,上海市向明中学,,732,800,否,50,404.5,139,127,138,【黄浦】【2026】名额到校最低分数线.pdf,1,
2026,黄浦区,上海市向明初级中学,,上海市向明中学（浦江校区）,,724.5,800,否,50,396.5,137,119,130,【黄浦】【2026】名额到校最低分数线.pdf,1,
2026,黄浦区,上海市向明初级中学,,上海外国语大学附属大境中学,,710,800,否,50,384.5,120,121,134,【黄浦】【2026】名额到校最低分数线.pdf,1,
2026,黄浦区,上海市向明初级中学,,上海市光明中学,,700,800,否,50,372.5,126,124,130,【黄浦】【2026】名额到校最低分数线.pdf,1,
2026,黄浦区,上海市向明初级中学,,上海市敬业中学,,720.5,800,否,50,392,127,127,135,【黄浦】【2026】名额到校最低分数线.pdf,1,
2026,黄浦区,上海市向明初级中学,,上海市卢湾高级中学,,706,800,否,50,388,127,125,128,【黄浦】【2026】名额到校最低分数线.pdf,2,
2026,黄浦区,上海市向明初级中学,,同济大学科技中学,,765,800,否,50,421.5,142,133,147,【黄浦】【2026】名额到校最低分数线.pdf,2,
2026,黄浦区,上海外国语大学附属大境初级中学,,上海市格致中学,,749.5,800,否,50,408.5,138,125,147,【黄浦】【2026】名额到校最低分数线.pdf,2,
2026,黄浦区,上海外国语大学附属大境初级中学,,上海市格致中学（奉贤校区）,,736.5,800,否,50,405,141,129,139,【黄浦】【2026】名额到校最低分数线.pdf,2,
2026,黄浦区,上海外国语大学附属大境初级中学,,上海市大同中学,,751,800,否,50,410,141,123,143,【黄浦】【2026】名额到校最低分数线.pdf,2,
2026,黄浦区,上海外国语大学附属大境初级中学,,上海市向明中学,,735,800,否,50,409,131,131,135,【黄浦】【2026】名额到校最低分数线.pdf,2,
2026,黄浦区,上海外国语大学附属大境初级中学,,上海市向明中学（浦江校区）,,727.5,800,否,50,398.5,133,122,133,【黄浦】【2026】名额到校最低分数线.pdf,2,
2026,黄浦区,上海外国语大学附属大境初级中学,,上海外国语大学附属大境中学,,709.5,800,否,50,392.5,123,126,123,【黄浦】【2026】名额到校最低分数线.pdf,2,
2026,黄浦区,上海外国语大学附属大境初级中学,,上海市光明中学,,695.5,800,否,50,380.5,125,113,120,【黄浦】【2026】名额到校最低分数线.pdf,2,
2026,黄浦区,上海外国语大学附属大境初级中学,,上海市敬业中学,,722.5,800,否,50,393.5,127,122,132,【黄浦】【2026】名额到校最低分数线.pdf,2,
2026,黄浦区,上海外国语大学附属大境初级中学,,上海市卢湾高级中学,,709,800,否,50,394,127,129,124,【黄浦】【2026】名额到校最低分数线.pdf,2,
2026,黄浦区,上海外国语大学附属大境初级中学,,复旦大学附属中学,,764.5,800,否,50,423.5,146,130,144,【黄浦】【2026】名额到校最低分数线.pdf,2,
2026,黄浦区,上海市光明初级中学,,上海市格致中学,,744,800,否,50,403,140,120,145,【黄浦】【2026】名额到校最低分数线.pdf,2,
2026,黄浦区,上海市光明初级中学,,上海市格致中学（奉贤校区）,,730,800,否,50,393,123,125,138,【黄浦】【2026】名额到校最低分数线.pdf,2,
2026,黄浦区,上海市光明初级中学,,上海市大同中学,,737.5,800,否,50,402,138,123,137,【黄浦】【2026】名额到校最低分数线.pdf,2,
2026,黄浦区,上海市光明初级中学,,上海市向明中学,,729,800,否,50,393.5,123,130,145,【黄浦】【2026】名额到校最低分数线.pdf,2,
2026,黄浦区,上海市光明初级中学,,上海市向明中学（浦江校区）,,732,800,否,50,400.5,130,131,138,【黄浦】【2026】名额到校最低分数线.pdf,2,
2026,黄浦区,上海市光明初级中学,,上海外国语大学附属大境中学,,702,800,否,50,384.5,111,127,122,【黄浦】【2026】名额到校最低分数线.pdf,2,
2026,黄浦区,上海市光明初级中学,,上海市光明中学,,691.5,800,否,50,362.5,127,106,138,【黄浦】【2026】名额到校最低分数线.pdf,2,
2026,黄浦区,上海市光明初级中学,,上海市敬业中学,,709,800,否,50,376,121,120,142,【黄浦】【2026】名额到校最低分数线.pdf,2,
2026,黄浦区,上海市光明初级中学,,上海市卢湾高级中学,,676,800,否,50,362.5,117,111,121,【黄浦】【2026】名额到校最低分数线.pdf,2,
2026,黄浦区,上海市光明初级中学,,上海市上海中学,,750,800,否,50,412,136,132,145,【黄浦】【2026】名额到校最低分数线.pdf,2,
2026,黄浦区,上海市敬业初级中学,,上海市格致中学,,730,800,否,50,404,132,132,132,【黄浦】【2026】名额到校最低分数线.pdf,2,
2026,黄浦区,上海市敬业初级中学,,上海市格致中学（奉贤校区）,,721.5,800,否,50,393,123,127,136,【黄浦】【2026】名额到校最低分数线.pdf,2,
2026,黄浦区,上海市敬业初级中学,,上海市大同中学,,732,800,否,50,401.5,135,124,139,【黄浦】【2026】名额到校最低分数线.pdf,2,
2026,黄浦区,上海市敬业初级中学,,上海市向明中学,,727,800,否,50,393,130,124,143,【黄浦】【2026】名额到校最低分数线.pdf,2,
2026,黄浦区,上海市敬业初级中学,,上海市向明中学（浦江校区）,,725,800,否,50,391,132,116,142,【黄浦】【2026】名额到校最低分数线.pdf,2,
2026,黄浦区,上海市敬业初级中学,,上海外国语大学附属大境中学,,707.5,800,否,50,383,123,128,134,【黄浦】【2026】名额到校最低分数线.pdf,2,
2026,黄浦区,上海市敬业初级中学,,上海市光明中学,,690.5,800,否,50,379.5,119,123,122,【黄浦】【2026】名额到校最低分数线.pdf,2,
2026,黄浦区,上海市敬业初级中学,,上海市敬业中学,,719.5,800,否,50,390,124,123,136,【黄浦】【2026】名额到校最低分数线.pdf,2,
2026,黄浦区,上海市敬业初级中学,,上海市卢湾高级中学,,704,800,否,50,388.5,128,116,125,【黄浦】【2026】名额到校最低分数线.pdf,3,
2026,黄浦区,上海市敬业初级中学,,同济大学科技中学,,701,800,否,50,372,111,119,134,【黄浦】【2026】名额到校最低分数线.pdf,3,
2026,黄浦区,上海市卢湾中学,,上海市格致中学,,744.5,800,否,50,404.5,128,129,145,【黄浦】【2026】名额到校最低分数线.pdf,3,
2026,黄浦区,上海市卢湾中学,,上海市格致中学（奉贤校区）,,733,800,否,50,399,130,123,142,【黄浦】【2026】名额到校最低分数线.pdf,3,
2026,黄浦区,上海市卢湾中学,,上海市大同中学,,748,800,否,50,417.5,137,136,137,【黄浦】【2026】名额到校最低分数线.pdf,3,
2026,黄浦区,上海市卢湾中学,,上海市向明中学,,735.5,800,否,50,404.5,129,131,136,【黄浦】【2026】名额到校最低分数线.pdf,3,
2026,黄浦区,上海市卢湾中学,,上海市向明中学（浦江校区）,,732,800,否,50,408,132,131,131,【黄浦】【2026】名额到校最低分数线.pdf,3,
2026,黄浦区,上海市卢湾中学,,上海外国语大学附属大境中学,,711.5,800,否,50,381.5,119,125,136,【黄浦】【2026】名额到校最低分数线.pdf,3,
2026,黄浦区,上海市卢湾中学,,上海市光明中学,,702,800,否,50,378.5,120,126,129,【黄浦】【2026】名额到校最低分数线.pdf,3,
2026,黄浦区,上海市卢湾中学,,上海市敬业中学,,726.5,800,否,50,392,131,119,137,【黄浦】【2026】名额到校最低分数线.pdf,3,
2026,黄浦区,上海市卢湾中学,,上海市卢湾高级中学,,707.5,800,否,50,378.5,114,123,135,【黄浦】【2026】名额到校最低分数线.pdf,3,
2026,黄浦区,上海市卢湾中学,,上海交通大学附属中学,,761.5,800,否,50,418.5,146,130,148,【黄浦】【2026】名额到校最低分数线.pdf,3,
2026,黄浦区,上海市市八初级中学,,上海市格致中学,,747,800,否,50,412,139,128,138,【黄浦】【2026】名额到校最低分数线.pdf,3,
2026,黄浦区,上海市市八初级中学,,上海市格致中学（奉贤校区）,,710,800,否,50,388.5,128,122,135,【黄浦】【2026】名额到校最低分数线.pdf,3,
2026,黄浦区,上海市市八初级中学,,上海市大同中学,,747,800,否,50,415,146,129,135,【黄浦】【2026】名额到校最低分数线.pdf,3,
2026,黄浦区,上海市市八初级中学,,上海市向明中学,,728,800,否,50,403.5,141,120,133.5,【黄浦】【2026】名额到校最低分数线.pdf,3,
2026,黄浦区,上海市市八初级中学,,上海市向明中学（浦江校区）,,730,800,否,50,397,123,131,137,【黄浦】【2026】名额到校最低分数线.pdf,3,
2026,黄浦区,上海市市八初级中学,,上海外国语大学附属大境中学,,709.5,800,否,50,382.5,118,125,130,【黄浦】【2026】名额到校最低分数线.pdf,3,
2026,黄浦区,上海市市八初级中学,,上海市光明中学,,673.5,800,否,50,359.5,109,122,124,【黄浦】【2026】名额到校最低分数线.pdf,3,
2026,黄浦区,上海市市八初级中学,,上海市敬业中学,,707,800,否,50,374.5,115,122,134,【黄浦】【2026】名额到校最低分数线.pdf,3,
2026,黄浦区,上海市市八初级中学,,上海市卢湾高级中学,,696.5,800,否,50,383,119,121,119,【黄浦】【2026】名额到校最低分数线.pdf,3,
2026,黄浦区,上海市市八初级中学,,同济大学科技中学,,762,800,否,50,419,146,127,146,【黄浦】【2026】名额到校最低分数线.pdf,3,
2026,黄浦区,上海市尚文中学,,上海市格致中学,,743,800,否,50,411,144,126,141.5,【黄浦】【2026】名额到校最低分数线.pdf,3,
2026,黄浦区,上海市尚文中学,,上海市格致中学（奉贤校区）,,731,800,否,50,407,138,124,129,【黄浦】【2026】名额到校最低分数线.pdf,3,
2026,黄浦区,上海市尚文中学,,上海市大同中学,,745.5,800,否,50,410.5,140,125,140,【黄浦】【2026】名额到校最低分数线.pdf,3,
2026,黄浦区,上海市尚文中学,,上海市向明中学,,727,800,否,50,389.5,126,119,144,【黄浦】【2026】名额到校最低分数线.pdf,3,
2026,黄浦区,上海市尚文中学,,上海市向明中学（浦江校区）,,712.5,800,否,50,383,126,122,138,【黄浦】【2026】名额到校最低分数线.pdf,3,
2026,黄浦区,上海市尚文中学,,上海外国语大学附属大境中学,,713,800,否,50,387,123,122,134,【黄浦】【2026】名额到校最低分数线.pdf,3,
2026,黄浦区,上海市尚文中学,,上海市光明中学,,693,800,否,50,362.5,104,115,135,【黄浦】【2026】名额到校最低分数线.pdf,3,
2026,黄浦区,上海市尚文中学,,上海市敬业中学,,719.5,800,否,50,383,124,122,144,【黄浦】【2026】名额到校最低分数线.pdf,3,
2026,黄浦区,上海市尚文中学,,上海市卢湾高级中学,,697.5,800,否,50,365,105,129,142,【黄浦】【2026】名额到校最低分数线.pdf,4,
2026,黄浦区,上海市尚文中学,,上海市上海中学,,753.5,800,否,50,409.5,139,134,149,【黄浦】【2026】名额到校最低分数线.pdf,4,
2026,黄浦区,上海交通大学附属黄浦实验中学,,上海市格致中学,,745,800,否,50,411,139,126,143,【黄浦】【2026】名额到校最低分数线.pdf,4,
2026,黄浦区,上海交通大学附属黄浦实验中学,,上海市格致中学（奉贤校区）,,721.5,800,否,50,392.5,128,125,136,【黄浦】【2026】名额到校最低分数线.pdf,4,
2026,黄浦区,上海交通大学附属黄浦实验中学,,上海市大同中学,,734.5,800,否,50,401,135,124,142,【黄浦】【2026】名额到校最低分数线.pdf,4,
2026,黄浦区,上海交通大学附属黄浦实验中学,,上海市向明中学,,725.5,800,否,50,390.5,129,125,139,【黄浦】【2026】名额到校最低分数线.pdf,4,
2026,黄浦区,上海交通大学附属黄浦实验中学,,上海市向明中学（浦江校区）,,733.5,800,否,50,399,138,117,141,【黄浦】【2026】名额到校最低分数线.pdf,4,
2026,黄浦区,上海交通大学附属黄浦实验中学,,上海外国语大学附属大境中学,,708.5,800,否,50,379.5,113,123,138,【黄浦】【2026】名额到校最低分数线.pdf,4,
2026,黄浦区,上海交通大学附属黄浦实验中学,,上海市光明中学,,693.5,800,否,50,385.5,120,126,117,【黄浦】【2026】名额到校最低分数线.pdf,4,
2026,黄浦区,上海交通大学附属黄浦实验中学,,上海市敬业中学,,709.5,800,否,50,376.5,129,110,143,【黄浦】【2026】名额到校最低分数线.pdf,4,
2026,黄浦区,上海交通大学附属黄浦实验中学,,上海市卢湾高级中学,,699.5,800,否,50,364.5,118,119,137,【黄浦】【2026】名额到校最低分数线.pdf,4,
2026,黄浦区,上海交通大学附属黄浦实验中学,,华东师范大学第二附属中学,,760.5,800,否,50,419.5,146,128,147,【黄浦】【2026】名额到校最低分数线.pdf,4,
2026,黄浦区,上海市清华中学,,上海市格致中学,,725.5,800,否,50,400.5,128,130,131,【黄浦】【2026】名额到校最低分数线.pdf,4,
2026,黄浦区,上海市清华中学,,上海市格致中学（奉贤校区）,,690.5,800,否,50,378,132,114,122,【黄浦】【2026】名额到校最低分数线.pdf,4,
2026,黄浦区,上海市清华中学,,上海市大同中学,,733,800,否,50,400,121,133,137,【黄浦】【2026】名额到校最低分数线.pdf,4,
2026,黄浦区,上海市清华中学,,上海市向明中学,,684.5,800,否,50,364.5,108,121,125,【黄浦】【2026】名额到校最低分数线.pdf,4,
2026,黄浦区,上海市清华中学,,上海市向明中学（浦江校区）,,699.5,800,否,50,378.5,122,117,129,【黄浦】【2026】名额到校最低分数线.pdf,4,
2026,黄浦区,上海市清华中学,,上海外国语大学附属大境中学,,672.5,800,否,50,366.5,114,121,117,【黄浦】【2026】名额到校最低分数线.pdf,4,
2026,黄浦区,上海市清华中学,,上海市光明中学,,673.5,800,否,50,356.5,93,128,121,【黄浦】【2026】名额到校最低分数线.pdf,4,
2026,黄浦区,上海市清华中学,,上海市敬业中学,,697,800,否,50,386,122,127,118,【黄浦】【2026】名额到校最低分数线.pdf,4,
2026,黄浦区,上海市清华中学,,上海市卢湾高级中学,,689.5,800,否,50,367.5,119,114,134,【黄浦】【2026】名额到校最低分数线.pdf,4,
2026,黄浦区,上海市清华中学,,同济大学科技中学,,739,800,否,50,408.5,140,127,138,【黄浦】【2026】名额到校最低分数线.pdf,4,
2026,黄浦区,上海市民办明珠中学,,上海市格致中学,,751,800,否,50,412,130,134,144,【黄浦】【2026】名额到校最低分数线.pdf,4,
2026,黄浦区,上海市民办明珠中学,,上海市格致中学（奉贤校区）,,725.5,800,否,50,401,140,119,134,【黄浦】【2026】名额到校最低分数线.pdf,4,
2026,黄浦区,上海市民办明珠中学,,上海市大同中学,,752.5,800,否,50,412,135,130,143,【黄浦】【2026】名额到校最低分数线.pdf,4,
2026,黄浦区,上海市民办明珠中学,,上海市向明中学,,735.5,800,否,50,402.5,140,120,138,【黄浦】【2026】名额到校最低分数线.pdf,4,
2026,黄浦区,上海市民办明珠中学,,上海市向明中学（浦江校区）,,666.5,800,否,50,352,106,115,124,【黄浦】【2026】名额到校最低分数线.pdf,4,
2026,黄浦区,上海市民办明珠中学,,上海外国语大学附属大境中学,,706.5,800,否,50,385.5,126,123,130,【黄浦】【2026】名额到校最低分数线.pdf,4,
2026,黄浦区,上海市民办明珠中学,,上海市光明中学,,701,800,否,50,378,114,122,132,【黄浦】【2026】名额到校最低分数线.pdf,4,
2026,黄浦区,上海市民办明珠中学,,上海市敬业中学,,720.5,800,否,50,395.5,132,122,134,【黄浦】【2026】名额到校最低分数线.pdf,4,
2026,黄浦区,上海市民办明珠中学,,上海市卢湾高级中学,,705,800,否,50,369,116,124,141,【黄浦】【2026】名额到校最低分数线.pdf,5,
2026,黄浦区,上海市民办明珠中学,,同济大学科技中学,,760,800,否,50,421,143,137,142,【黄浦】【2026】名额到校最低分数线.pdf,5,
2026,黄浦区,上海市民办立达中学,,上海市格致中学,,745,800,否,50,410,139,126,138,【黄浦】【2026】名额到校最低分数线.pdf,5,
2026,黄浦区,上海市民办立达中学,,上海市格致中学（奉贤校区）,,737.5,800,否,50,395,129,124,149,【黄浦】【2026】名额到校最低分数线.pdf,5,
2026,黄浦区,上海市民办立达中学,,上海市大同中学,,750.5,800,否,50,414.5,138,134,139,【黄浦】【2026】名额到校最低分数线.pdf,5,
2026,黄浦区,上海市民办立达中学,,上海市向明中学,,733.5,800,否,50,408.5,125,140,128,【黄浦】【2026】名额到校最低分数线.pdf,5,
2026,黄浦区,上海市民办立达中学,,上海市向明中学（浦江校区）,,729,800,否,50,400.5,136,124,139,【黄浦】【2026】名额到校最低分数线.pdf,5,
2026,黄浦区,上海市民办立达中学,,上海外国语大学附属大境中学,,701.5,800,否,50,387.5,121,120,121,【黄浦】【2026】名额到校最低分数线.pdf,5,
2026,黄浦区,上海市民办立达中学,,上海市光明中学,,677.5,800,否,50,343.5,99,122,141,【黄浦】【2026】名额到校最低分数线.pdf,5,
2026,黄浦区,上海市民办立达中学,,上海市敬业中学,,721,800,否,50,401,137,120,126,【黄浦】【2026】名额到校最低分数线.pdf,5,
2026,黄浦区,上海市民办立达中学,,上海市卢湾高级中学,,683.5,800,否,50,376,106,126,113,【黄浦】【2026】名额到校最低分数线.pdf,5,
2026,黄浦区,上海市民办立达中学,,同济大学科技中学,,760.5,800,否,50,421.5,146,128,141,【黄浦】【2026】名额到校最低分数线.pdf,5,
2026,黄浦区,上海市震旦外国语中学,,上海市格致中学,,732.5,800,否,50,395.5,127,125,139,【黄浦】【2026】名额到校最低分数线.pdf,5,
2026,黄浦区,上海市震旦外国语中学,,上海市格致中学（奉贤校区）,,731,800,否,50,403.5,123,132,132,【黄浦】【2026】名额到校最低分数线.pdf,5,
2026,黄浦区,上海市震旦外国语中学,,上海市大同中学,,738,800,否,50,397,129,123,143,【黄浦】【2026】名额到校最低分数线.pdf,5,
2026,黄浦区,上海市震旦外国语中学,,上海市向明中学,,726.5,800,否,50,392,137,119,142,【黄浦】【2026】名额到校最低分数线.pdf,5,
2026,黄浦区,上海市震旦外国语中学,,上海市向明中学（浦江校区）,,711,800,否,50,385,122,120,133,【黄浦】【2026】名额到校最低分数线.pdf,5,
2026,黄浦区,上海市震旦外国语中学,,上海外国语大学附属大境中学,,705,800,否,50,378,119,122,136,【黄浦】【2026】名额到校最低分数线.pdf,5,
2026,黄浦区,上海市震旦外国语中学,,上海市光明中学,,683,800,否,50,368,107,126,123,【黄浦】【2026】名额到校最低分数线.pdf,5,
2026,黄浦区,上海市震旦外国语中学,,上海市敬业中学,,707.5,800,否,50,385,118,123,132,【黄浦】【2026】名额到校最低分数线.pdf,5,
2026,黄浦区,上海市震旦外国语中学,,上海市卢湾高级中学,,689.5,800,否,50,373,111,127,123,【黄浦】【2026】名额到校最低分数线.pdf,5,
2026,黄浦区,上海市震旦外国语中学,,同济大学科技中学,,742,800,否,50,405,130,129,145,【黄浦】【2026】名额到校最低分数线.pdf,5,
2026,黄浦区,上海市第十中学,,上海市格致中学,,743,800,否,50,402.5,131,129,145,【黄浦】【2026】名额到校最低分数线.pdf,5,
2026,黄浦区,上海市第十中学,,上海市格致中学（奉贤校区）,,715,800,否,50,394.5,135,117,130,【黄浦】【2026】名额到校最低分数线.pdf,5,
2026,黄浦区,上海市第十中学,,上海市大同中学,,747,800,否,50,410,144,121,148,【黄浦】【2026】名额到校最低分数线.pdf,5,
2026,黄浦区,上海市第十中学,,上海市向明中学,,727.5,800,否,50,396.5,131,124,134,【黄浦】【2026】名额到校最低分数线.pdf,5,
2026,黄浦区,上海市第十中学,,上海市向明中学（浦江校区）,,715.5,800,否,50,384.5,117,124,138,【黄浦】【2026】名额到校最低分数线.pdf,5,
2026,黄浦区,上海市第十中学,,上海外国语大学附属大境中学,,701,800,否,50,381,120,119,123,【黄浦】【2026】名额到校最低分数线.pdf,5,
2026,黄浦区,上海市第十中学,,上海市光明中学,,691.5,800,否,50,380.5,118,121,122,【黄浦】【2026】名额到校最低分数线.pdf,5,
2026,黄浦区,上海市第十中学,,上海市敬业中学,,703,800,否,50,378,120,119,132,【黄浦】【2026】名额到校最低分数线.pdf,5,
2026,黄浦区,上海市第十中学,,上海市卢湾高级中学,,699.5,800,否,50,390.5,125,120,121,【黄浦】【2026】名额到校最低分数线.pdf,6,
2026,黄浦区,上海市第十中学,,同济大学科技中学,,759,800,否,50,423,147,131,141,【黄浦】【2026】名额到校最低分数线.pdf,6,
2026,黄浦区,上海理工大学附属储能中学,,上海市格致中学,,736,800,否,50,407.5,140,127,133,【黄浦】【2026】名额到校最低分数线.pdf,6,
2026,黄浦区,上海理工大学附属储能中学,,上海市格致中学（奉贤校区）,,721,800,否,50,385,129,119,140,【黄浦】【2026】名额到校最低分数线.pdf,6,
2026,黄浦区,上海理工大学附属储能中学,,上海市大同中学,,746,800,否,50,408,136,127,143,【黄浦】【2026】名额到校最低分数线.pdf,6,
2026,黄浦区,上海理工大学附属储能中学,,上海市向明中学,,730.5,800,否,50,398.5,127,124,139,【黄浦】【2026】名额到校最低分数线.pdf,6,
2026,黄浦区,上海理工大学附属储能中学,,上海市向明中学（浦江校区）,,701,800,否,50,377,119,124,134,【黄浦】【2026】名额到校最低分数线.pdf,6,
2026,黄浦区,上海理工大学附属储能中学,,上海外国语大学附属大境中学,,688,800,否,50,365,112,116,132,【黄浦】【2026】名额到校最低分数线.pdf,6,
2026,黄浦区,上海理工大学附属储能中学,,上海市光明中学,,685,800,否,50,368,102,123,120,【黄浦】【2026】名额到校最低分数线.pdf,6,
2026,黄浦区,上海理工大学附属储能中学,,上海市敬业中学,,675.5,800,否,50,358.5,110,118,125,【黄浦】【2026】名额到校最低分数线.pdf,6,
2026,黄浦区,上海理工大学附属储能中学,,上海市卢湾高级中学,,688,800,否,50,362.5,124,109,133,【黄浦】【2026】名额到校最低分数线.pdf,6,
2026,黄浦区,上海理工大学附属储能中学,,同济大学科技中学,,752,800,否,50,416,144,130,143.5,【黄浦】【2026】名额到校最低分数线.pdf,6,
2026,黄浦区,上海市金陵中学,,上海市格致中学,,748,800,否,50,414.5,141,134,135,【黄浦】【2026】名额到校最低分数线.pdf,6,
2026,黄浦区,上海市金陵中学,,上海市大同中学,,727.5,800,否,50,393,120,130,141,【黄浦】【2026】名额到校最低分数线.pdf,6,
2026,黄浦区,上海市金陵中学,,上海市向明中学,,723,800,否,50,390,115,135,141,【黄浦】【2026】名额到校最低分数线.pdf,6,
2026,黄浦区,上海市金陵中学,,上海市向明中学（浦江校区）,,708.5,800,否,50,383.5,127,129,135,【黄浦】【2026】名额到校最低分数线.pdf,6,
2026,黄浦区,上海市金陵中学,,上海外国语大学附属大境中学,,711,800,否,50,387,122,126,136,【黄浦】【2026】名额到校最低分数线.pdf,6,
2026,黄浦区,上海市金陵中学,,上海市光明中学,,690.5,800,否,50,373.5,107,127,125,【黄浦】【2026】名额到校最低分数线.pdf,6,
2026,黄浦区,上海市金陵中学,,上海市敬业中学,,719.5,800,否,50,385.5,138,109,140,【黄浦】【2026】名额到校最低分数线.pdf,6,
2026,黄浦区,上海市金陵中学,,上海市卢湾高级中学,,691,800,否,50,370,135,124,129.5,【黄浦】【2026】名额到校最低分数线.pdf,6,
2026,黄浦区,上海市金陵中学,,华东师范大学第二附属中学,,760,800,否,50,417,143,131,145,【黄浦】【2026】名额到校最低分数线.pdf,6,
2026,黄浦区,上海市市南中学,,上海市格致中学,,735,800,否,50,404,133,126,139,【黄浦】【2026】名额到校最低分数线.pdf,6,
2026,黄浦区,上海市市南中学,,上海市格致中学（奉贤校区）,,726.5,800,否,50,397.5,136,124,134,【黄浦】【2026】名额到校最低分数线.pdf,6,
2026,黄浦区,上海市市南中学,,上海市大同中学,,714,800,否,50,392,136,119,133.5,【黄浦】【2026】名额到校最低分数线.pdf,6,
2026,黄浦区,上海市市南中学,,上海市向明中学,,702,800,否,50,384,127,117,128,【黄浦】【2026】名额到校最低分数线.pdf,6,
2026,黄浦区,上海市市南中学,,上海市向明中学（浦江校区）,,727.5,800,否,50,391.5,115,133,138,【黄浦】【2026】名额到校最低分数线.pdf,6,
2026,黄浦区,上海市市南中学,,上海外国语大学附属大境中学,,712,800,否,50,394.5,130,121,128.5,【黄浦】【2026】名额到校最低分数线.pdf,6,
2026,黄浦区,上海市市南中学,,上海市光明中学,,698,800,否,50,383,110,129,120,【黄浦】【2026】名额到校最低分数线.pdf,6,
2026,黄浦区,上海市市南中学,,上海市敬业中学,,680.5,800,否,50,355,112,119,137,【黄浦】【2026】名额到校最低分数线.pdf,6,
2026,黄浦区,上海市市南中学,,上海市卢湾高级中学,,701.5,800,否,50,375.5,114,121,135,【黄浦】【2026】名额到校最低分数线.pdf,6,
2026,黄浦区,上海市市南中学,,上海交通大学附属中学,,761.5,800,否,50,422,145,130,144,【黄浦】【2026】名额到校最低分数线.pdf,7,
2026,黄浦区,上海音乐学院附属黄浦比乐中学,,上海市格致中学,,717,800,否,50,384.5,128,118,136,【黄浦】【2026】名额到校最低分数线.pdf,7,
2026,黄浦区,上海音乐学院附属黄浦比乐中学,,上海市格致中学（奉贤校区）,,701,800,否,50,376.5,128,112,135,【黄浦】【2026】名额到校最低分数线.pdf,7,
2026,黄浦区,上海音乐学院附属黄浦比乐中学,,上海市大同中学,,745.5,800,否,50,402,139,124,146.5,【黄浦】【2026】名额到校最低分数线.pdf,7,
2026,黄浦区,上海音乐学院附属黄浦比乐中学,,上海市向明中学,,724.5,800,否,50,391.5,120,129,136,【黄浦】【2026】名额到校最低分数线.pdf,7,
2026,黄浦区,上海音乐学院附属黄浦比乐中学,,上海市向明中学（浦江校区）,,698,800,否,50,367,129,111,137,【黄浦】【2026】名额到校最低分数线.pdf,7,
2026,黄浦区,上海音乐学院附属黄浦比乐中学,,上海外国语大学附属大境中学,,697,800,否,50,375,109,125,129,【黄浦】【2026】名额到校最低分数线.pdf,7,
2026,黄浦区,上海音乐学院附属黄浦比乐中学,,上海市光明中学,,694,800,否,50,380,120,124,125,【黄浦】【2026】名额到校最低分数线.pdf,7,
2026,黄浦区,上海音乐学院附属黄浦比乐中学,,上海市敬业中学,,699,800,否,50,387.5,113,130,116,【黄浦】【2026】名额到校最低分数线.pdf,7,
2026,黄浦区,上海音乐学院附属黄浦比乐中学,,上海市卢湾高级中学,,708,800,否,50,391,123,132,124,【黄浦】【2026】名额到校最低分数线.pdf,7,
2026,黄浦区,上海音乐学院附属黄浦比乐中学,,复旦大学附属中学,,761,800,否,50,419,140,135,149,【黄浦】【2026】名额到校最低分数线.pdf,7,
2026,黄浦区,上海市黄浦区教育学院附属中山学校,,上海市格致中学,,744.5,800,否,50,402.5,144,122,145,【黄浦】【2026】名额到校最低分数线.pdf,7,
2026,黄浦区,上海市黄浦区教育学院附属中山学校,,上海市格致中学（奉贤校区）,,744,800,否,50,410,134,134,139,【黄浦】【2026】名额到校最低分数线.pdf,7,
2026,黄浦区,上海市黄浦区教育学院附属中山学校,,上海市大同中学,,750.5,800,否,50,413,146,119,146,【黄浦】【2026】名额到校最低分数线.pdf,7,
2026,黄浦区,上海市黄浦区教育学院附属中山学校,,上海市向明中学,,729.5,800,否,50,401.5,142,120,133,【黄浦】【2026】名额到校最低分数线.pdf,7,
2026,黄浦区,上海市黄浦区教育学院附属中山学校,,上海市向明中学（浦江校区）,,736.5,800,否,50,402.5,132,129,139,【黄浦】【2026】名额到校最低分数线.pdf,7,
2026,黄浦区,上海市黄浦区教育学院附属中山学校,,上海外国语大学附属大境中学,,695,800,否,50,365.5,119,113,138,【黄浦】【2026】名额到校最低分数线.pdf,7,
2026,黄浦区,上海市黄浦区教育学院附属中山学校,,上海市光明中学,,693,800,否,50,369,129,112,135,【黄浦】【2026】名额到校最低分数线.pdf,7,
2026,黄浦区,上海市黄浦区教育学院附属中山学校,,上海市敬业中学,,715.5,800,否,50,385.5,124,124,138,【黄浦】【2026】名额到校最低分数线.pdf,7,
2026,黄浦区,上海市黄浦区教育学院附属中山学校,,上海市卢湾高级中学,,698,800,否,50,377.5,112,123,132,【黄浦】【2026】名额到校最低分数线.pdf,7,
2026,黄浦区,上海市黄浦区教育学院附属中山学校,,同济大学科技中学,,749,800,否,50,413,146,128,141,【黄浦】【2026】名额到校最低分数线.pdf,7,
2026,黄浦区,上海民办永昌学校,,上海市格致中学,,745.5,800,否,50,405,135,129,145,【黄浦】【2026】名额到校最低分数线.pdf,7,
2026,黄浦区,上海民办永昌学校,,上海市格致中学（奉贤校区）,,730,800,否,50,403.5,129,132,135,【黄浦】【2026】名额到校最低分数线.pdf,7,
2026,黄浦区,上海民办永昌学校,,上海市大同中学,,758.5,800,否,50,420.5,140,133,143,【黄浦】【2026】名额到校最低分数线.pdf,7,
2026,黄浦区,上海民办永昌学校,,上海市向明中学,,727,800,否,50,401,138,123,136,【黄浦】【2026】名额到校最低分数线.pdf,7,
2026,黄浦区,上海民办永昌学校,,上海市向明中学（浦江校区）,,725,800,否,50,393,128,127,138,【黄浦】【2026】名额到校最低分数线.pdf,7,
2026,黄浦区,上海民办永昌学校,,上海外国语大学附属大境中学,,708,800,否,50,387,115,125,126,【黄浦】【2026】名额到校最低分数线.pdf,7,
2026,黄浦区,上海民办永昌学校,,上海市光明中学,,679.5,800,否,50,371,116,118,120,【黄浦】【2026】名额到校最低分数线.pdf,7,
2026,黄浦区,上海民办永昌学校,,上海市敬业中学,,722,800,否,50,400,134,125,130,【黄浦】【2026】名额到校最低分数线.pdf,7,
2026,黄浦区,上海民办永昌学校,,上海市卢湾高级中学,,689.5,800,否,50,375,104,127,126,【黄浦】【2026】名额到校最低分数线.pdf,7,
2026,黄浦区,上海民办永昌学校,,同济大学科技中学,,765,800,否,50,430,141,143,141,【黄浦】【2026】名额到校最低分数线.pdf,8,
2026,黄浦区,上海康德双语实验学校,,上海市格致中学,,692.5,800,否,50,375.5,115,122,131.5,【黄浦】【2026】名额到校最低分数线.pdf,8,
