year,district,junior_high_school,junior_high_school_code,senior_high_school,senior_high_school_code,high_school_tier,quota_plan,quota_source,source_doc,source_page
2022,徐汇区,上海市梅园中学,041334,上海市第二中学,042001,区属,3,文本解码,【徐汇】【2022】名额到校招生计划.pdf,1
2022,徐汇区,上海市梅园中学,041334,上海市南洋模范中学,042008,区属,3,文本解码,【徐汇】【2022】名额到校招生计划.pdf,1
2022,徐汇区,上海市梅园中学,041334,上海市位育中学,042035,区属,4,文本解码,【徐汇】【2022】名额到校招生计划.pdf,1
2022,徐汇区,上海市梅园中学,041334,上海市南洋中学,043015,区属,4,文本解码,【徐汇】【2022】名额到校招生计划.pdf,1
2022,徐汇区,上海市梅园中学,041334,上海市上海中学,042032,委属,0,文本解码,【徐汇】【2022】名额到校招生计划.pdf,1
2022,徐汇区,上海市梅园中学,041334,上海交通大学附属中学,102056,委属,0,文本解码,【徐汇】【2022】名额到校招生计划.pdf,1
2022,徐汇区,上海市梅园中学,041334,复旦大学附属中学,102057,委属,0,文本解码,【徐汇】【2022】名额到校招生计划.pdf,1
2022,徐汇区,上海市梅园中学,041334,华东师范大学第二附属中学,152003,委属,0,文本解码,【徐汇】【2022】名额到校招生计划.pdf,1
2022,徐汇区,上海市梅园中学,041334,上海师范大学附属中学,152006,委属,0,文本解码,【徐汇】【2022】名额到校招生计划.pdf,1
2022,徐汇区,上海市汾阳中学,041331,上海市第二中学,042001,区属,2,文本解码,【徐汇】【2022】名额到校招生计划.pdf,1
2022,徐汇区,上海市汾阳中学,041331,上海市南洋模范中学,042008,区属,3,文本解码,【徐汇】【2022】名额到校招生计划.pdf,1
2022,徐汇区,上海市汾阳中学,041331,上海市位育中学,042035,区属,4,文本解码,【徐汇】【2022】名额到校招生计划.pdf,1
2022,徐汇区,上海市汾阳中学,041331,上海市南洋中学,043015,区属,4,文本解码,【徐汇】【2022】名额到校招生计划.pdf,1
2022,徐汇区,上海市汾阳中学,041331,上海市上海中学,042032,委属,0,文本解码,【徐汇】【2022】名额到校招生计划.pdf,1
2022,徐汇区,上海市汾阳中学,041331,上海交通大学附属中学,102056,委属,0,文本解码,【徐汇】【2022】名额到校招生计划.pdf,1
2022,徐汇区,上海市汾阳中学,041331,复旦大学附属中学,102057,委属,0,文本解码,【徐汇】【2022】名额到校招生计划.pdf,1
2022,徐汇区,上海市汾阳中学,041331,华东师范大学第二附属中学,152003,委属,0,文本解码,【徐汇】【2022】名额到校招生计划.pdf,1
2022,徐汇区,上海市汾阳中学,041331,上海师范大学附属中学,152006,委属,1,文本解码,【徐汇】【2022】名额到校招生计划.pdf,1
2022,徐汇区,上海市园南中学,041329,上海市第二中学,042001,区属,9,文本解码,【徐汇】【2022】名额到校招生计划.pdf,1
2022,徐汇区,上海市园南中学,041329,上海市南洋模范中学,042008,区属,11,文本解码,【徐汇】【2022】名额到校招生计划.pdf,1
2022,徐汇区,上海市园南中学,041329,上海市位育中学,042035,区属,12,文本解码,【徐汇】【2022】名额到校招生计划.pdf,1
2022,徐汇区,上海市园南中学,041329,上海市南洋中学,043015,区属,10,文本解码,【徐汇】【2022】名额到校招生计划.pdf,1
2022,徐汇区,上海市园南中学,041329,上海市上海中学,042032,委属,1,文本解码,【徐汇】【2022】名额到校招生计划.pdf,1
2022,徐汇区,上海市园南中学,041329,上海交通大学附属中学,102056,委属,0,文本解码,【徐汇】【2022】名额到校招生计划.pdf,1
2022,徐汇区,上海市园南中学,041329,复旦大学附属中学,102057,委属,0,文本解码,【徐汇】【2022】名额到校招生计划.pdf,1
2022,徐汇区,上海市园南中学,041329,华东师范大学第二附属中学,152003,委属,0,文本解码,【徐汇】【2022】名额到校招生计划.pdf,1
2022,徐汇区,上海市园南中学,041329,上海师范大学附属中学,152006,委属,0,文本解码,【徐汇】【2022】名额到校招生计划.pdf,1
2022,徐汇区,上海市长桥中学,041328,上海市第二中学,042001,区属,3,文本解码,【徐汇】【2022】名额到校招生计划.pdf,1
2022,徐汇区,上海市长桥中学,041328,上海市南洋模范中学,042008,区属,4,文本解码,【徐汇】【2022】名额到校招生计划.pdf,1
2022,徐汇区,上海市长桥中学,041328,上海市位育中学,042035,区属,5,文本解码,【徐汇】【2022】名额到校招生计划.pdf,1
2022,徐汇区,上海市长桥中学,041328,上海市南洋中学,043015,区属,4,文本解码,【徐汇】【2022】名额到校招生计划.pdf,1
2022,徐汇区,上海市长桥中学,041328,上海市上海中学,042032,委属,1,文本解码,【徐汇】【2022】名额到校招生计划.pdf,1
2022,徐汇区,上海市长桥中学,041328,上海交通大学附属中学,102056,委属,0,文本解码,【徐汇】【2022】名额到校招生计划.pdf,1
2022,徐汇区,上海市长桥中学,041328,复旦大学附属中学,102057,委属,0,文本解码,【徐汇】【2022】名额到校招生计划.pdf,1
2022,徐汇区,上海市长桥中学,041328,华东师范大学第二附属中学,152003,委属,0,文本解码,【徐汇】【2022】名额到校招生计划.pdf,1
2022,徐汇区,上海市长桥中学,041328,上海师范大学附属中学,152006,委属,0,文本解码,【徐汇】【2022】名额到校招生计划.pdf,1
2022,徐汇区,上海市徐汇区教育学院附属实验中学,041327,上海市第二中学,042001,区属,10,文本解码,【徐汇】【2022】名额到校招生计划.pdf,1
2022,徐汇区,上海市徐汇区教育学院附属实验中学,041327,上海市南洋模范中学,042008,区属,14,文本解码,【徐汇】【2022】名额到校招生计划.pdf,1
2022,徐汇区,上海市徐汇区教育学院附属实验中学,041327,上海市位育中学,042035,区属,15,文本解码,【徐汇】【2022】名额到校招生计划.pdf,1
2022,徐汇区,上海市徐汇区教育学院附属实验中学,041327,上海市南洋中学,043015,区属,14,文本解码,【徐汇】【2022】名额到校招生计划.pdf,1
2022,徐汇区,上海市徐汇区教育学院附属实验中学,041327,上海市上海中学,042032,委属,0,文本解码,【徐汇】【2022】名额到校招生计划.pdf,1
2022,徐汇区,上海市徐汇区教育学院附属实验中学,041327,上海交通大学附属中学,102056,委属,1,文本解码,【徐汇】【2022】名额到校招生计划.pdf,1
2022,徐汇区,上海市徐汇区教育学院附属实验中学,041327,复旦大学附属中学,102057,委属,0,文本解码,【徐汇】【2022】名额到校招生计划.pdf,1
2022,徐汇区,上海市徐汇区教育学院附属实验中学,041327,华东师范大学第二附属中学,152003,委属,0,文本解码,【徐汇】【2022】名额到校招生计划.pdf,1
2022,徐汇区,上海市徐汇区教育学院附属实验中学,041327,上海师范大学附属中学,152006,委属,1,文本解码,【徐汇】【2022】名额到校招生计划.pdf,1
2022,徐汇区,上海市龙苑中学,041326,上海市第二中学,042001,区属,1,文本解码,【徐汇】【2022】名额到校招生计划.pdf,1
2022,徐汇区,上海市龙苑中学,041326,上海市南洋模范中学,042008,区属,1,文本解码,【徐汇】【2022】名额到校招生计划.pdf,1
2022,徐汇区,上海市龙苑中学,041326,上海市位育中学,042035,区属,1,文本解码,【徐汇】【2022】名额到校招生计划.pdf,1
2022,徐汇区,上海市龙苑中学,041326,上海市南洋中学,043015,区属,1,文本解码,【徐汇】【2022】名额到校招生计划.pdf,1
2022,徐汇区,上海市龙苑中学,041326,上海市上海中学,042032,委属,0,文本解码,【徐汇】【2022】名额到校招生计划.pdf,1
2022,徐汇区,上海市龙苑中学,041326,上海交通大学附属中学,102056,委属,0,文本解码,【徐汇】【2022】名额到校招生计划.pdf,1
2022,徐汇区,上海市龙苑中学,041326,复旦大学附属中学,102057,委属,0,文本解码,【徐汇】【2022】名额到校招生计划.pdf,1
2022,徐汇区,上海市龙苑中学,041326,华东师范大学第二附属中学,152003,委属,0,文本解码,【徐汇】【2022】名额到校招生计划.pdf,1
2022,徐汇区,上海市龙苑中学,041326,上海师范大学附属中学,152006,委属,0,文本解码,【徐汇】【2022】名额到校招生计划.pdf,1
2022,徐汇区,上海市田林第三中学,041320,上海市第二中学,042001,区属,7,文本解码,【徐汇】【2022】名额到校招生计划.pdf,1
2022,徐汇区,上海市田林第三中学,041320,上海市南洋模范中学,042008,区属,12,文本解码,【徐汇】【2022】名额到校招生计划.pdf,1
2022,徐汇区,上海市田林第三中学,041320,上海市位育中学,042035,区属,11,文本解码,【徐汇】【2022】名额到校招生计划.pdf,1
2022,徐汇区,上海市田林第三中学,041320,上海市南洋中学,043015,区属,9,文本解码,【徐汇】【2022】名额到校招生计划.pdf,1
2022,徐汇区,上海市田林第三中学,041320,上海市上海中学,042032,委属,1,文本解码,【徐汇】【2022】名额到校招生计划.pdf,1
2022,徐汇区,上海市田林第三中学,041320,上海交通大学附属中学,102056,委属,0,文本解码,【徐汇】【2022】名额到校招生计划.pdf,1
2022,徐汇区,上海市田林第三中学,041320,复旦大学附属中学,102057,委属,0,文本解码,【徐汇】【2022】名额到校招生计划.pdf,1
2022,徐汇区,上海市田林第三中学,041320,华东师范大学第二附属中学,152003,委属,0,文本解码,【徐汇】【2022】名额到校招生计划.pdf,1
2022,徐汇区,上海市田林第三中学,041320,上海师范大学附属中学,152006,委属,0,文本解码,【徐汇】【2022】名额到校招生计划.pdf,1
2022,徐汇区,上海市田林第二中学,041319,上海市第二中学,042001,区属,3,文本解码,【徐汇】【2022】名额到校招生计划.pdf,1
2022,徐汇区,上海市田林第二中学,041319,上海市南洋模范中学,042008,区属,5,文本解码,【徐汇】【2022】名额到校招生计划.pdf,1
2022,徐汇区,上海市田林第二中学,041319,上海市位育中学,042035,区属,6,文本解码,【徐汇】【2022】名额到校招生计划.pdf,1
2022,徐汇区,上海市田林第二中学,041319,上海市南洋中学,043015,区属,4,文本解码,【徐汇】【2022】名额到校招生计划.pdf,1
2022,徐汇区,上海市田林第二中学,041319,上海市上海中学,042032,委属,1,文本解码,【徐汇】【2022】名额到校招生计划.pdf,1
2022,徐汇区,上海市田林第二中学,041319,上海交通大学附属中学,102056,委属,0,文本解码,【徐汇】【2022】名额到校招生计划.pdf,1
2022,徐汇区,上海市田林第二中学,041319,复旦大学附属中学,102057,委属,0,文本解码,【徐汇】【2022】名额到校招生计划.pdf,1
2022,徐汇区,上海市田林第二中学,041319,华东师范大学第二附属中学,152003,委属,0,文本解码,【徐汇】【2022】名额到校招生计划.pdf,1
2022,徐汇区,上海市田林第二中学,041319,上海师范大学附属中学,152006,委属,0,文本解码,【徐汇】【2022】名额到校招生计划.pdf,1
2022,徐汇区,上海市田林中学,041318,上海市第二中学,042001,区属,5,文本解码,【徐汇】【2022】名额到校招生计划.pdf,1
2022,徐汇区,上海市田林中学,041318,上海市南洋模范中学,042008,区属,6,文本解码,【徐汇】【2022】名额到校招生计划.pdf,1
2022,徐汇区,上海市田林中学,041318,上海市位育中学,042035,区属,7,文本解码,【徐汇】【2022】名额到校招生计划.pdf,1
2022,徐汇区,上海市田林中学,041318,上海市南洋中学,043015,区属,5,文本解码,【徐汇】【2022】名额到校招生计划.pdf,1
2022,徐汇区,上海市田林中学,041318,上海市上海中学,042032,委属,1,文本解码,【徐汇】【2022】名额到校招生计划.pdf,1
2022,徐汇区,上海市田林中学,041318,上海交通大学附属中学,102056,委属,0,文本解码,【徐汇】【2022】名额到校招生计划.pdf,1
2022,徐汇区,上海市田林中学,041318,复旦大学附属中学,102057,委属,0,文本解码,【徐汇】【2022】名额到校招生计划.pdf,1
2022,徐汇区,上海市田林中学,041318,华东师范大学第二附属中学,152003,委属,0,文本解码,【徐汇】【2022】名额到校招生计划.pdf,1
2022,徐汇区,上海市田林中学,041318,上海师范大学附属中学,152006,委属,0,文本解码,【徐汇】【2022】名额到校招生计划.pdf,1
2022,徐汇区,上海市南洋初级中学,041316,上海市第二中学,042001,区属,6,文本解码,【徐汇】【2022】名额到校招生计划.pdf,1
2022,徐汇区,上海市南洋初级中学,041316,上海市南洋模范中学,042008,区属,9,文本解码,【徐汇】【2022】名额到校招生计划.pdf,1
2022,徐汇区,上海市南洋初级中学,041316,上海市位育中学,042035,区属,9,文本解码,【徐汇】【2022】名额到校招生计划.pdf,1
2022,徐汇区,上海市南洋初级中学,041316,上海市南洋中学,043015,区属,7,文本解码,【徐汇】【2022】名额到校招生计划.pdf,1
2022,徐汇区,上海市南洋初级中学,041316,上海市上海中学,042032,委属,1,文本解码,【徐汇】【2022】名额到校招生计划.pdf,1
2022,徐汇区,上海市南洋初级中学,041316,上海交通大学附属中学,102056,委属,0,文本解码,【徐汇】【2022】名额到校招生计划.pdf,1
2022,徐汇区,上海市南洋初级中学,041316,复旦大学附属中学,102057,委属,1,文本解码,【徐汇】【2022】名额到校招生计划.pdf,1
2022,徐汇区,上海市南洋初级中学,041316,华东师范大学第二附属中学,152003,委属,0,文本解码,【徐汇】【2022】名额到校招生计划.pdf,1
2022,徐汇区,上海市南洋初级中学,041316,上海师范大学附属中学,152006,委属,0,文本解码,【徐汇】【2022】名额到校招生计划.pdf,1
2022,徐汇区,上海市宛平中学,041313,上海市第二中学,042001,区属,1,文本解码,【徐汇】【2022】名额到校招生计划.pdf,1
2022,徐汇区,上海市宛平中学,041313,上海市南洋模范中学,042008,区属,1,文本解码,【徐汇】【2022】名额到校招生计划.pdf,1
2022,徐汇区,上海市宛平中学,041313,上海市位育中学,042035,区属,1,文本解码,【徐汇】【2022】名额到校招生计划.pdf,1
2022,徐汇区,上海市宛平中学,041313,上海市南洋中学,043015,区属,1,文本解码,【徐汇】【2022】名额到校招生计划.pdf,1
2022,徐汇区,上海市宛平中学,041313,上海市上海中学,042032,委属,0,文本解码,【徐汇】【2022】名额到校招生计划.pdf,1
2022,徐汇区,上海市宛平中学,041313,上海交通大学附属中学,102056,委属,0,文本解码,【徐汇】【2022】名额到校招生计划.pdf,1
2022,徐汇区,上海市宛平中学,041313,复旦大学附属中学,102057,委属,0,文本解码,【徐汇】【2022】名额到校招生计划.pdf,1
2022,徐汇区,上海市宛平中学,041313,华东师范大学第二附属中学,152003,委属,0,文本解码,【徐汇】【2022】名额到校招生计划.pdf,1
2022,徐汇区,上海市宛平中学,041313,上海师范大学附属中学,152006,委属,0,文本解码,【徐汇】【2022】名额到校招生计划.pdf,1
2022,徐汇区,上海市南洋模范初级中学,041306,上海市第二中学,042001,区属,9,文本解码,【徐汇】【2022】名额到校招生计划.pdf,1
2022,徐汇区,上海市南洋模范初级中学,041306,上海市南洋模范中学,042008,区属,10,文本解码,【徐汇】【2022】名额到校招生计划.pdf,1
2022,徐汇区,上海市南洋模范初级中学,041306,上海市位育中学,042035,区属,12,文本解码,【徐汇】【2022】名额到校招生计划.pdf,1
2022,徐汇区,上海市南洋模范初级中学,041306,上海市南洋中学,043015,区属,10,文本解码,【徐汇】【2022】名额到校招生计划.pdf,1
2022,徐汇区,上海市南洋模范初级中学,041306,上海市上海中学,042032,委属,2,文本解码,【徐汇】【2022】名额到校招生计划.pdf,1
2022,徐汇区,上海市南洋模范初级中学,041306,上海交通大学附属中学,102056,委属,0,文本解码,【徐汇】【2022】名额到校招生计划.pdf,1
2022,徐汇区,上海市南洋模范初级中学,041306,复旦大学附属中学,102057,委属,0,文本解码,【徐汇】【2022】名额到校招生计划.pdf,1
2022,徐汇区,上海市南洋模范初级中学,041306,华东师范大学第二附属中学,152003,委属,0,文本解码,【徐汇】【2022】名额到校招生计划.pdf,1
2022,徐汇区,上海市南洋模范初级中学,041306,上海师范大学附属中学,152006,委属,0,文本解码,【徐汇】【2022】名额到校招生计划.pdf,1
2022,徐汇区,上海市第二初级中学,041305,上海市第二中学,042001,区属,6,文本解码,【徐汇】【2022】名额到校招生计划.pdf,1
2022,徐汇区,上海市第二初级中学,041305,上海市南洋模范中学,042008,区属,9,文本解码,【徐汇】【2022】名额到校招生计划.pdf,1
2022,徐汇区,上海市第二初级中学,041305,上海市位育中学,042035,区属,9,文本解码,【徐汇】【2022】名额到校招生计划.pdf,1
2022,徐汇区,上海市第二初级中学,041305,上海市南洋中学,043015,区属,8,文本解码,【徐汇】【2022】名额到校招生计划.pdf,1
2022,徐汇区,上海市第二初级中学,041305,上海市上海中学,042032,委属,1,文本解码,【徐汇】【2022】名额到校招生计划.pdf,1
2022,徐汇区,上海市第二初级中学,041305,上海交通大学附属中学,102056,委属,0,文本解码,【徐汇】【2022】名额到校招生计划.pdf,1
2022,徐汇区,上海市第二初级中学,041305,复旦大学附属中学,102057,委属,0,文本解码,【徐汇】【2022】名额到校招生计划.pdf,1
2022,徐汇区,上海市第二初级中学,041305,华东师范大学第二附属中学,152003,委属,1,文本解码,【徐汇】【2022】名额到校招生计划.pdf,1
2022,徐汇区,上海市第二初级中学,041305,上海师范大学附属中学,152006,委属,0,文本解码,【徐汇】【2022】名额到校招生计划.pdf,1
2022,徐汇区,上海市位育初级中学,041302,上海市第二中学,042001,区属,10,文本解码,【徐汇】【2022】名额到校招生计划.pdf,1
2022,徐汇区,上海市位育初级中学,041302,上海市南洋模范中学,042008,区属,12,文本解码,【徐汇】【2022】名额到校招生计划.pdf,1
2022,徐汇区,上海市位育初级中学,041302,上海市位育中学,042035,区属,14,文本解码,【徐汇】【2022】名额到校招生计划.pdf,1
2022,徐汇区,上海市位育初级中学,041302,上海市南洋中学,043015,区属,11,文本解码,【徐汇】【2022】名额到校招生计划.pdf,1
2022,徐汇区,上海市位育初级中学,041302,上海市上海中学,042032,委属,0,文本解码,【徐汇】【2022】名额到校招生计划.pdf,1
2022,徐汇区,上海市位育初级中学,041302,上海交通大学附属中学,102056,委属,0,文本解码,【徐汇】【2022】名额到校招生计划.pdf,1
2022,徐汇区,上海市位育初级中学,041302,复旦大学附属中学,102057,委属,0,文本解码,【徐汇】【2022】名额到校招生计划.pdf,1
2022,徐汇区,上海市位育初级中学,041302,华东师范大学第二附属中学,152003,委属,0,文本解码,【徐汇】【2022】名额到校招生计划.pdf,1
2022,徐汇区,上海市位育初级中学,041302,上海师范大学附属中学,152006,委属,1,文本解码,【徐汇】【2022】名额到校招生计划.pdf,1
2022,徐汇区,上海师范大学第三附属实验学校,045444,上海市第二中学,042001,区属,6,文本解码,【徐汇】【2022】名额到校招生计划.pdf,2
2022,徐汇区,上海师范大学第三附属实验学校,045444,上海市南洋模范中学,042008,区属,7,文本解码,【徐汇】【2022】名额到校招生计划.pdf,2
2022,徐汇区,上海师范大学第三附属实验学校,045444,上海市位育中学,042035,区属,8,文本解码,【徐汇】【2022】名额到校招生计划.pdf,2
2022,徐汇区,上海师范大学第三附属实验学校,045444,上海市南洋中学,043015,区属,7,文本解码,【徐汇】【2022】名额到校招生计划.pdf,2
2022,徐汇区,上海师范大学第三附属实验学校,045444,上海市上海中学,042032,委属,2,文本解码,【徐汇】【2022】名额到校招生计划.pdf,2
2022,徐汇区,上海师范大学第三附属实验学校,045444,上海交通大学附属中学,102056,委属,0,文本解码,【徐汇】【2022】名额到校招生计划.pdf,2
2022,徐汇区,上海师范大学第三附属实验学校,045444,复旦大学附属中学,102057,委属,0,文本解码,【徐汇】【2022】名额到校招生计划.pdf,2
2022,徐汇区,上海师范大学第三附属实验学校,045444,华东师范大学第二附属中学,152003,委属,0,文本解码,【徐汇】【2022】名额到校招生计划.pdf,2
2022,徐汇区,上海师范大学第三附属实验学校,045444,上海师范大学附属中学,152006,委属,0,文本解码,【徐汇】【2022】名额到校招生计划.pdf,2
2022,徐汇区,上海市位育实验学校,045304,上海市第二中学,042001,区属,3,文本解码,【徐汇】【2022】名额到校招生计划.pdf,2
2022,徐汇区,上海市位育实验学校,045304,上海市南洋模范中学,042008,区属,3,文本解码,【徐汇】【2022】名额到校招生计划.pdf,2
2022,徐汇区,上海市位育实验学校,045304,上海市位育中学,042035,区属,5,文本解码,【徐汇】【2022】名额到校招生计划.pdf,2
2022,徐汇区,上海市位育实验学校,045304,上海市南洋中学,043015,区属,3,文本解码,【徐汇】【2022】名额到校招生计划.pdf,2
2022,徐汇区,上海市位育实验学校,045304,上海市上海中学,042032,委属,1,文本解码,【徐汇】【2022】名额到校招生计划.pdf,2
2022,徐汇区,上海市位育实验学校,045304,上海交通大学附属中学,102056,委属,0,文本解码,【徐汇】【2022】名额到校招生计划.pdf,2
2022,徐汇区,上海市位育实验学校,045304,复旦大学附属中学,102057,委属,0,文本解码,【徐汇】【2022】名额到校招生计划.pdf,2
2022,徐汇区,上海市位育实验学校,045304,华东师范大学第二附属中学,152003,委属,0,文本解码,【徐汇】【2022】名额到校招生计划.pdf,2
2022,徐汇区,上海市位育实验学校,045304,上海师范大学附属中学,152006,委属,0,文本解码,【徐汇】【2022】名额到校招生计划.pdf,2
2022,徐汇区,上海市徐汇位育体校,045146,上海市第二中学,042001,区属,1,文本解码,【徐汇】【2022】名额到校招生计划.pdf,2
2022,徐汇区,上海市徐汇位育体校,045146,上海市南洋模范中学,042008,区属,1,文本解码,【徐汇】【2022】名额到校招生计划.pdf,2
2022,徐汇区,上海市徐汇位育体校,045146,上海市位育中学,042035,区属,1,文本解码,【徐汇】【2022】名额到校招生计划.pdf,2
2022,徐汇区,上海市徐汇位育体校,045146,上海市南洋中学,043015,区属,1,文本解码,【徐汇】【2022】名额到校招生计划.pdf,2
2022,徐汇区,上海市徐汇位育体校,045146,上海市上海中学,042032,委属,0,文本解码,【徐汇】【2022】名额到校招生计划.pdf,2
2022,徐汇区,上海市徐汇位育体校,045146,上海交通大学附属中学,102056,委属,0,文本解码,【徐汇】【2022】名额到校招生计划.pdf,2
2022,徐汇区,上海市徐汇位育体校,045146,复旦大学附属中学,102057,委属,0,文本解码,【徐汇】【2022】名额到校招生计划.pdf,2
2022,徐汇区,上海市徐汇位育体校,045146,华东师范大学第二附属中学,152003,委属,0,文本解码,【徐汇】【2022】名额到校招生计划.pdf,2
2022,徐汇区,上海市徐汇位育体校,045146,上海师范大学附属中学,152006,委属,0,文本解码,【徐汇】【2022】名额到校招生计划.pdf,2
2022,徐汇区,华东理工大学附属中学,044133,上海市第二中学,042001,区属,7,文本解码,【徐汇】【2022】名额到校招生计划.pdf,2
2022,徐汇区,华东理工大学附属中学,044133,上海市南洋模范中学,042008,区属,10,文本解码,【徐汇】【2022】名额到校招生计划.pdf,2
2022,徐汇区,华东理工大学附属中学,044133,上海市位育中学,042035,区属,11,文本解码,【徐汇】【2022】名额到校招生计划.pdf,2
2022,徐汇区,华东理工大学附属中学,044133,上海市南洋中学,043015,区属,10,文本解码,【徐汇】【2022】名额到校招生计划.pdf,2
2022,徐汇区,华东理工大学附属中学,044133,上海市上海中学,042032,委属,1,文本解码,【徐汇】【2022】名额到校招生计划.pdf,2
2022,徐汇区,华东理工大学附属中学,044133,上海交通大学附属中学,102056,委属,0,文本解码,【徐汇】【2022】名额到校招生计划.pdf,2
2022,徐汇区,华东理工大学附属中学,044133,复旦大学附属中学,102057,委属,0,文本解码,【徐汇】【2022】名额到校招生计划.pdf,2
2022,徐汇区,华东理工大学附属中学,044133,华东师范大学第二附属中学,152003,委属,0,文本解码,【徐汇】【2022】名额到校招生计划.pdf,2
2022,徐汇区,华东理工大学附属中学,044133,上海师范大学附属中学,152006,委属,0,文本解码,【徐汇】【2022】名额到校招生计划.pdf,2
2022,徐汇区,上海师大附中附属龙华中学,044125,上海市第二中学,042001,区属,4,文本解码,【徐汇】【2022】名额到校招生计划.pdf,2
2022,徐汇区,上海师大附中附属龙华中学,044125,上海市南洋模范中学,042008,区属,4,文本解码,【徐汇】【2022】名额到校招生计划.pdf,2
2022,徐汇区,上海师大附中附属龙华中学,044125,上海市位育中学,042035,区属,5,文本解码,【徐汇】【2022】名额到校招生计划.pdf,2
2022,徐汇区,上海师大附中附属龙华中学,044125,上海市南洋中学,043015,区属,4,文本解码,【徐汇】【2022】名额到校招生计划.pdf,2
2022,徐汇区,上海师大附中附属龙华中学,044125,上海市上海中学,042032,委属,1,文本解码,【徐汇】【2022】名额到校招生计划.pdf,2
2022,徐汇区,上海师大附中附属龙华中学,044125,上海交通大学附属中学,102056,委属,0,文本解码,【徐汇】【2022】名额到校招生计划.pdf,2
2022,徐汇区,上海师大附中附属龙华中学,044125,复旦大学附属中学,102057,委属,0,文本解码,【徐汇】【2022】名额到校招生计划.pdf,2
2022,徐汇区,上海师大附中附属龙华中学,044125,华东师范大学第二附属中学,152003,委属,0,文本解码,【徐汇】【2022】名额到校招生计划.pdf,2
2022,徐汇区,上海师大附中附属龙华中学,044125,上海师范大学附属中学,152006,委属,0,文本解码,【徐汇】【2022】名额到校招生计划.pdf,2
2022,徐汇区,上海市零陵中学,044114,上海市第二中学,042001,区属,2,文本解码,【徐汇】【2022】名额到校招生计划.pdf,2
2022,徐汇区,上海市零陵中学,044114,上海市南洋模范中学,042008,区属,3,文本解码,【徐汇】【2022】名额到校招生计划.pdf,2
2022,徐汇区,上海市零陵中学,044114,上海市位育中学,042035,区属,4,文本解码,【徐汇】【2022】名额到校招生计划.pdf,2
2022,徐汇区,上海市零陵中学,044114,上海市南洋中学,043015,区属,4,文本解码,【徐汇】【2022】名额到校招生计划.pdf,2
2022,徐汇区,上海市零陵中学,044114,上海市上海中学,042032,委属,0,文本解码,【徐汇】【2022】名额到校招生计划.pdf,2
2022,徐汇区,上海市零陵中学,044114,上海交通大学附属中学,102056,委属,0,文本解码,【徐汇】【2022】名额到校招生计划.pdf,2
2022,徐汇区,上海市零陵中学,044114,复旦大学附属中学,102057,委属,0,文本解码,【徐汇】【2022】名额到校招生计划.pdf,2
2022,徐汇区,上海市零陵中学,044114,华东师范大学第二附属中学,152003,委属,0,文本解码,【徐汇】【2022】名额到校招生计划.pdf,2
2022,徐汇区,上海市零陵中学,044114,上海师范大学附属中学,152006,委属,1,文本解码,【徐汇】【2022】名额到校招生计划.pdf,2
2022,徐汇区,上海市第四中学,044111,上海市第二中学,042001,区属,11,文本解码,【徐汇】【2022】名额到校招生计划.pdf,2
2022,徐汇区,上海市第四中学,044111,上海市南洋模范中学,042008,区属,16,文本解码,【徐汇】【2022】名额到校招生计划.pdf,2
2022,徐汇区,上海市第四中学,044111,上海市位育中学,042035,区属,16,文本解码,【徐汇】【2022】名额到校招生计划.pdf,2
2022,徐汇区,上海市第四中学,044111,上海市南洋中学,043015,区属,14,文本解码,【徐汇】【2022】名额到校招生计划.pdf,2
2022,徐汇区,上海市第四中学,044111,上海市上海中学,042032,委属,1,文本解码,【徐汇】【2022】名额到校招生计划.pdf,2
2022,徐汇区,上海市第四中学,044111,上海交通大学附属中学,102056,委属,0,文本解码,【徐汇】【2022】名额到校招生计划.pdf,2
2022,徐汇区,上海市第四中学,044111,复旦大学附属中学,102057,委属,1,文本解码,【徐汇】【2022】名额到校招生计划.pdf,2
2022,徐汇区,上海市第四中学,044111,华东师范大学第二附属中学,152003,委属,0,文本解码,【徐汇】【2022】名额到校招生计划.pdf,2
2022,徐汇区,上海市第四中学,044111,上海师范大学附属中学,152006,委属,1,文本解码,【徐汇】【2022】名额到校招生计划.pdf,2
2022,徐汇区,上海市徐汇中学,044109,上海市第二中学,042001,区属,18,文本解码,【徐汇】【2022】名额到校招生计划.pdf,2
2022,徐汇区,上海市徐汇中学,044109,上海市南洋模范中学,042008,区属,26,文本解码,【徐汇】【2022】名额到校招生计划.pdf,2
2022,徐汇区,上海市徐汇中学,044109,上海市位育中学,042035,区属,27,文本解码,【徐汇】【2022】名额到校招生计划.pdf,2
2022,徐汇区,上海市徐汇中学,044109,上海市南洋中学,043015,区属,23,文本解码,【徐汇】【2022】名额到校招生计划.pdf,2
2022,徐汇区,上海市徐汇中学,044109,上海市上海中学,042032,委属,1,文本解码,【徐汇】【2022】名额到校招生计划.pdf,2
2022,徐汇区,上海市徐汇中学,044109,上海交通大学附属中学,102056,委属,0,文本解码,【徐汇】【2022】名额到校招生计划.pdf,2
2022,徐汇区,上海市徐汇中学,044109,复旦大学附属中学,102057,委属,1,文本解码,【徐汇】【2022】名额到校招生计划.pdf,2
2022,徐汇区,上海市徐汇中学,044109,华东师范大学第二附属中学,152003,委属,2,文本解码,【徐汇】【2022】名额到校招生计划.pdf,2
2022,徐汇区,上海市徐汇中学,044109,上海师范大学附属中学,152006,委属,1,文本解码,【徐汇】【2022】名额到校招生计划.pdf,2
2022,徐汇区,上海市第五十四中学,044107,上海市第二中学,042001,区属,3,文本解码,【徐汇】【2022】名额到校招生计划.pdf,2
2022,徐汇区,上海市第五十四中学,044107,上海市南洋模范中学,042008,区属,5,文本解码,【徐汇】【2022】名额到校招生计划.pdf,2
2022,徐汇区,上海市第五十四中学,044107,上海市位育中学,042035,区属,6,文本解码,【徐汇】【2022】名额到校招生计划.pdf,2
2022,徐汇区,上海市第五十四中学,044107,上海市南洋中学,043015,区属,4,文本解码,【徐汇】【2022】名额到校招生计划.pdf,2
2022,徐汇区,上海市第五十四中学,044107,上海市上海中学,042032,委属,0,文本解码,【徐汇】【2022】名额到校招生计划.pdf,2
2022,徐汇区,上海市第五十四中学,044107,上海交通大学附属中学,102056,委属,1,文本解码,【徐汇】【2022】名额到校招生计划.pdf,2
2022,徐汇区,上海市第五十四中学,044107,复旦大学附属中学,102057,委属,0,文本解码,【徐汇】【2022】名额到校招生计划.pdf,2
2022,徐汇区,上海市第五十四中学,044107,华东师范大学第二附属中学,152003,委属,0,文本解码,【徐汇】【2022】名额到校招生计划.pdf,2
2022,徐汇区,上海市第五十四中学,044107,上海师范大学附属中学,152006,委属,0,文本解码,【徐汇】【2022】名额到校招生计划.pdf,2
2022,徐汇区,上海市中国中学,044103,上海市第二中学,042001,区属,8,文本解码,【徐汇】【2022】名额到校招生计划.pdf,2
2022,徐汇区,上海市中国中学,044103,上海市南洋模范中学,042008,区属,12,文本解码,【徐汇】【2022】名额到校招生计划.pdf,2
2022,徐汇区,上海市中国中学,044103,上海市位育中学,042035,区属,12,文本解码,【徐汇】【2022】名额到校招生计划.pdf,2
2022,徐汇区,上海市中国中学,044103,上海市南洋中学,043015,区属,10,文本解码,【徐汇】【2022】名额到校招生计划.pdf,2
2022,徐汇区,上海市中国中学,044103,上海市上海中学,042032,委属,2,文本解码,【徐汇】【2022】名额到校招生计划.pdf,2
2022,徐汇区,上海市中国中学,044103,上海交通大学附属中学,102056,委属,0,文本解码,【徐汇】【2022】名额到校招生计划.pdf,2
2022,徐汇区,上海市中国中学,044103,复旦大学附属中学,102057,委属,0,文本解码,【徐汇】【2022】名额到校招生计划.pdf,2
2022,徐汇区,上海市中国中学,044103,华东师范大学第二附属中学,152003,委属,0,文本解码,【徐汇】【2022】名额到校招生计划.pdf,2
2022,徐汇区,上海市中国中学,044103,上海师范大学附属中学,152006,委属,1,文本解码,【徐汇】【2022】名额到校招生计划.pdf,2
2022,徐汇区,上海市康健外国语实验中学,041347,上海市第二中学,042001,区属,6,文本解码,【徐汇】【2022】名额到校招生计划.pdf,2
2022,徐汇区,上海市康健外国语实验中学,041347,上海市南洋模范中学,042008,区属,8,文本解码,【徐汇】【2022】名额到校招生计划.pdf,2
2022,徐汇区,上海市康健外国语实验中学,041347,上海市位育中学,042035,区属,9,文本解码,【徐汇】【2022】名额到校招生计划.pdf,2
2022,徐汇区,上海市康健外国语实验中学,041347,上海市南洋中学,043015,区属,10,文本解码,【徐汇】【2022】名额到校招生计划.pdf,2
2022,徐汇区,上海市康健外国语实验中学,041347,上海市上海中学,042032,委属,2,文本解码,【徐汇】【2022】名额到校招生计划.pdf,2
2022,徐汇区,上海市康健外国语实验中学,041347,上海交通大学附属中学,102056,委属,0,文本解码,【徐汇】【2022】名额到校招生计划.pdf,2
2022,徐汇区,上海市康健外国语实验中学,041347,复旦大学附属中学,102057,委属,0,文本解码,【徐汇】【2022】名额到校招生计划.pdf,2
2022,徐汇区,上海市康健外国语实验中学,041347,华东师范大学第二附属中学,152003,委属,0,文本解码,【徐汇】【2022】名额到校招生计划.pdf,2
2022,徐汇区,上海市康健外国语实验中学,041347,上海师范大学附属中学,152006,委属,0,文本解码,【徐汇】【2022】名额到校招生计划.pdf,2
2022,徐汇区,上海市紫阳中学,041336,上海市第二中学,042001,区属,6,文本解码,【徐汇】【2022】名额到校招生计划.pdf,2
2022,徐汇区,上海市紫阳中学,041336,上海市南洋模范中学,042008,区属,7,文本解码,【徐汇】【2022】名额到校招生计划.pdf,2
2022,徐汇区,上海市紫阳中学,041336,上海市位育中学,042035,区属,8,文本解码,【徐汇】【2022】名额到校招生计划.pdf,2
2022,徐汇区,上海市紫阳中学,041336,上海市南洋中学,043015,区属,7,文本解码,【徐汇】【2022】名额到校招生计划.pdf,2
2022,徐汇区,上海市紫阳中学,041336,上海市上海中学,042032,委属,1,文本解码,【徐汇】【2022】名额到校招生计划.pdf,2
2022,徐汇区,上海市紫阳中学,041336,上海交通大学附属中学,102056,委属,1,文本解码,【徐汇】【2022】名额到校招生计划.pdf,2
2022,徐汇区,上海市紫阳中学,041336,复旦大学附属中学,102057,委属,0,文本解码,【徐汇】【2022】名额到校招生计划.pdf,2
2022,徐汇区,上海市紫阳中学,041336,华东师范大学第二附属中学,152003,委属,0,文本解码,【徐汇】【2022】名额到校招生计划.pdf,2
2022,徐汇区,上海市紫阳中学,041336,上海师范大学附属中学,152006,委属,0,文本解码,【徐汇】【2022】名额到校招生计划.pdf,2
2023,徐汇区,上海师范大学第三附属实验学校,045444,上海市第二中学,042001,区属,4,文本解码,【徐汇】【2023】名额到校招生计划.pdf,1
2023,徐汇区,上海师范大学第三附属实验学校,045444,上海市南洋模范中学,042008,区属,6,文本解码,【徐汇】【2023】名额到校招生计划.pdf,1
2023,徐汇区,上海师范大学第三附属实验学校,045444,上海市位育中学,042035,区属,7,文本解码,【徐汇】【2023】名额到校招生计划.pdf,1
2023,徐汇区,上海师范大学第三附属实验学校,045444,复旦大学附属中学徐汇分校,042036,区属,1,文本解码,【徐汇】【2023】名额到校招生计划.pdf,1
2023,徐汇区,上海师范大学第三附属实验学校,045444,上海市南洋中学,043015,区属,5,文本解码,【徐汇】【2023】名额到校招生计划.pdf,1
2023,徐汇区,上海师范大学第三附属实验学校,045444,上海市上海中学,042032,委属,0,文本解码,【徐汇】【2023】名额到校招生计划.pdf,1
2023,徐汇区,上海师范大学第三附属实验学校,045444,上海交通大学附属中学,102056,委属,1,文本解码,【徐汇】【2023】名额到校招生计划.pdf,1
2023,徐汇区,上海师范大学第三附属实验学校,045444,复旦大学附属中学,102057,委属,0,文本解码,【徐汇】【2023】名额到校招生计划.pdf,1
2023,徐汇区,上海师范大学第三附属实验学校,045444,华东师范大学第二附属中学,152003,委属,0,文本解码,【徐汇】【2023】名额到校招生计划.pdf,1
2023,徐汇区,上海师范大学第三附属实验学校,045444,上海师范大学附属中学,152006,委属,1,文本解码,【徐汇】【2023】名额到校招生计划.pdf,1
2023,徐汇区,上海市位育实验学校,045304,上海市第二中学,042001,区属,2,文本解码,【徐汇】【2023】名额到校招生计划.pdf,1
2023,徐汇区,上海市位育实验学校,045304,上海市南洋模范中学,042008,区属,3,文本解码,【徐汇】【2023】名额到校招生计划.pdf,1
2023,徐汇区,上海市位育实验学校,045304,上海市位育中学,042035,区属,3,文本解码,【徐汇】【2023】名额到校招生计划.pdf,1
2023,徐汇区,上海市位育实验学校,045304,复旦大学附属中学徐汇分校,042036,区属,1,文本解码,【徐汇】【2023】名额到校招生计划.pdf,1
2023,徐汇区,上海市位育实验学校,045304,上海市南洋中学,043015,区属,3,文本解码,【徐汇】【2023】名额到校招生计划.pdf,1
2023,徐汇区,上海市位育实验学校,045304,上海市上海中学,042032,委属,0,文本解码,【徐汇】【2023】名额到校招生计划.pdf,1
2023,徐汇区,上海市位育实验学校,045304,上海交通大学附属中学,102056,委属,0,文本解码,【徐汇】【2023】名额到校招生计划.pdf,1
2023,徐汇区,上海市位育实验学校,045304,复旦大学附属中学,102057,委属,1,文本解码,【徐汇】【2023】名额到校招生计划.pdf,1
2023,徐汇区,上海市位育实验学校,045304,华东师范大学第二附属中学,152003,委属,0,文本解码,【徐汇】【2023】名额到校招生计划.pdf,1
2023,徐汇区,上海市位育实验学校,045304,上海师范大学附属中学,152006,委属,0,文本解码,【徐汇】【2023】名额到校招生计划.pdf,1
2023,徐汇区,上海市徐汇位育体校,045146,上海市第二中学,042001,区属,1,文本解码,【徐汇】【2023】名额到校招生计划.pdf,1
2023,徐汇区,上海市徐汇位育体校,045146,上海市南洋模范中学,042008,区属,1,文本解码,【徐汇】【2023】名额到校招生计划.pdf,1
2023,徐汇区,上海市徐汇位育体校,045146,上海市位育中学,042035,区属,1,文本解码,【徐汇】【2023】名额到校招生计划.pdf,1
2023,徐汇区,上海市徐汇位育体校,045146,复旦大学附属中学徐汇分校,042036,区属,1,文本解码,【徐汇】【2023】名额到校招生计划.pdf,1
2023,徐汇区,上海市徐汇位育体校,045146,上海市南洋中学,043015,区属,1,文本解码,【徐汇】【2023】名额到校招生计划.pdf,1
2023,徐汇区,上海市徐汇位育体校,045146,上海市上海中学,042032,委属,1,文本解码,【徐汇】【2023】名额到校招生计划.pdf,1
2023,徐汇区,上海市徐汇位育体校,045146,上海交通大学附属中学,102056,委属,0,文本解码,【徐汇】【2023】名额到校招生计划.pdf,1
2023,徐汇区,上海市徐汇位育体校,045146,复旦大学附属中学,102057,委属,0,文本解码,【徐汇】【2023】名额到校招生计划.pdf,1
2023,徐汇区,上海市徐汇位育体校,045146,华东师范大学第二附属中学,152003,委属,0,文本解码,【徐汇】【2023】名额到校招生计划.pdf,1
2023,徐汇区,上海市徐汇位育体校,045146,上海师范大学附属中学,152006,委属,0,文本解码,【徐汇】【2023】名额到校招生计划.pdf,1
2023,徐汇区,华东理工大学附属中学,044133,上海市第二中学,042001,区属,9,文本解码,【徐汇】【2023】名额到校招生计划.pdf,1
2023,徐汇区,华东理工大学附属中学,044133,上海市南洋模范中学,042008,区属,11,文本解码,【徐汇】【2023】名额到校招生计划.pdf,1
2023,徐汇区,华东理工大学附属中学,044133,上海市位育中学,042035,区属,12,文本解码,【徐汇】【2023】名额到校招生计划.pdf,1
2023,徐汇区,华东理工大学附属中学,044133,复旦大学附属中学徐汇分校,042036,区属,2,文本解码,【徐汇】【2023】名额到校招生计划.pdf,1
2023,徐汇区,华东理工大学附属中学,044133,上海市南洋中学,043015,区属,9,文本解码,【徐汇】【2023】名额到校招生计划.pdf,1
2023,徐汇区,华东理工大学附属中学,044133,上海市上海中学,042032,委属,1,文本解码,【徐汇】【2023】名额到校招生计划.pdf,1
2023,徐汇区,华东理工大学附属中学,044133,上海交通大学附属中学,102056,委属,0,文本解码,【徐汇】【2023】名额到校招生计划.pdf,1
2023,徐汇区,华东理工大学附属中学,044133,复旦大学附属中学,102057,委属,0,文本解码,【徐汇】【2023】名额到校招生计划.pdf,1
2023,徐汇区,华东理工大学附属中学,044133,华东师范大学第二附属中学,152003,委属,0,文本解码,【徐汇】【2023】名额到校招生计划.pdf,1
2023,徐汇区,华东理工大学附属中学,044133,上海师范大学附属中学,152006,委属,1,文本解码,【徐汇】【2023】名额到校招生计划.pdf,1
2023,徐汇区,上海师大附中附属龙华中学,044125,上海市第二中学,042001,区属,2,文本解码,【徐汇】【2023】名额到校招生计划.pdf,1
2023,徐汇区,上海师大附中附属龙华中学,044125,上海市南洋模范中学,042008,区属,4,文本解码,【徐汇】【2023】名额到校招生计划.pdf,1
2023,徐汇区,上海师大附中附属龙华中学,044125,上海市位育中学,042035,区属,3,文本解码,【徐汇】【2023】名额到校招生计划.pdf,1
2023,徐汇区,上海师大附中附属龙华中学,044125,复旦大学附属中学徐汇分校,042036,区属,1,文本解码,【徐汇】【2023】名额到校招生计划.pdf,1
2023,徐汇区,上海师大附中附属龙华中学,044125,上海市南洋中学,043015,区属,3,文本解码,【徐汇】【2023】名额到校招生计划.pdf,1
2023,徐汇区,上海师大附中附属龙华中学,044125,上海市上海中学,042032,委属,0,文本解码,【徐汇】【2023】名额到校招生计划.pdf,1
2023,徐汇区,上海师大附中附属龙华中学,044125,上海交通大学附属中学,102056,委属,0,文本解码,【徐汇】【2023】名额到校招生计划.pdf,1
2023,徐汇区,上海师大附中附属龙华中学,044125,复旦大学附属中学,102057,委属,0,文本解码,【徐汇】【2023】名额到校招生计划.pdf,1
2023,徐汇区,上海师大附中附属龙华中学,044125,华东师范大学第二附属中学,152003,委属,0,文本解码,【徐汇】【2023】名额到校招生计划.pdf,1
2023,徐汇区,上海师大附中附属龙华中学,044125,上海师范大学附属中学,152006,委属,0,文本解码,【徐汇】【2023】名额到校招生计划.pdf,1
2023,徐汇区,上海市零陵中学,044114,上海市第二中学,042001,区属,2,文本解码,【徐汇】【2023】名额到校招生计划.pdf,1
2023,徐汇区,上海市零陵中学,044114,上海市南洋模范中学,042008,区属,4,文本解码,【徐汇】【2023】名额到校招生计划.pdf,1
2023,徐汇区,上海市零陵中学,044114,上海市位育中学,042035,区属,3,文本解码,【徐汇】【2023】名额到校招生计划.pdf,1
2023,徐汇区,上海市零陵中学,044114,复旦大学附属中学徐汇分校,042036,区属,1,文本解码,【徐汇】【2023】名额到校招生计划.pdf,1
2023,徐汇区,上海市零陵中学,044114,上海市南洋中学,043015,区属,4,文本解码,【徐汇】【2023】名额到校招生计划.pdf,1
2023,徐汇区,上海市零陵中学,044114,上海市上海中学,042032,委属,1,文本解码,【徐汇】【2023】名额到校招生计划.pdf,1
2023,徐汇区,上海市零陵中学,044114,上海交通大学附属中学,102056,委属,0,文本解码,【徐汇】【2023】名额到校招生计划.pdf,1
2023,徐汇区,上海市零陵中学,044114,复旦大学附属中学,102057,委属,0,文本解码,【徐汇】【2023】名额到校招生计划.pdf,1
2023,徐汇区,上海市零陵中学,044114,华东师范大学第二附属中学,152003,委属,0,文本解码,【徐汇】【2023】名额到校招生计划.pdf,1
2023,徐汇区,上海市零陵中学,044114,上海师范大学附属中学,152006,委属,0,文本解码,【徐汇】【2023】名额到校招生计划.pdf,1
2023,徐汇区,上海市第四中学,044111,上海市第二中学,042001,区属,9,文本解码,【徐汇】【2023】名额到校招生计划.pdf,1
2023,徐汇区,上海市第四中学,044111,上海市南洋模范中学,042008,区属,13,文本解码,【徐汇】【2023】名额到校招生计划.pdf,1
2023,徐汇区,上海市第四中学,044111,上海市位育中学,042035,区属,14,文本解码,【徐汇】【2023】名额到校招生计划.pdf,1
2023,徐汇区,上海市第四中学,044111,复旦大学附属中学徐汇分校,042036,区属,2,文本解码,【徐汇】【2023】名额到校招生计划.pdf,1
2023,徐汇区,上海市第四中学,044111,上海市南洋中学,043015,区属,11,文本解码,【徐汇】【2023】名额到校招生计划.pdf,1
2023,徐汇区,上海市第四中学,044111,上海市上海中学,042032,委属,1,文本解码,【徐汇】【2023】名额到校招生计划.pdf,1
2023,徐汇区,上海市第四中学,044111,上海交通大学附属中学,102056,委属,0,文本解码,【徐汇】【2023】名额到校招生计划.pdf,1
2023,徐汇区,上海市第四中学,044111,复旦大学附属中学,102057,委属,0,文本解码,【徐汇】【2023】名额到校招生计划.pdf,1
2023,徐汇区,上海市第四中学,044111,华东师范大学第二附属中学,152003,委属,0,文本解码,【徐汇】【2023】名额到校招生计划.pdf,1
2023,徐汇区,上海市第四中学,044111,上海师范大学附属中学,152006,委属,1,文本解码,【徐汇】【2023】名额到校招生计划.pdf,1
2023,徐汇区,徐汇南校,044110,上海市第二中学,042001,区属,5,文本解码,【徐汇】【2023】名额到校招生计划.pdf,1
2023,徐汇区,徐汇南校,044110,上海市南洋模范中学,042008,区属,7,文本解码,【徐汇】【2023】名额到校招生计划.pdf,1
2023,徐汇区,徐汇南校,044110,上海市位育中学,042035,区属,6,文本解码,【徐汇】【2023】名额到校招生计划.pdf,1
2023,徐汇区,徐汇南校,044110,复旦大学附属中学徐汇分校,042036,区属,1,文本解码,【徐汇】【2023】名额到校招生计划.pdf,1
2023,徐汇区,徐汇南校,044110,上海市南洋中学,043015,区属,6,文本解码,【徐汇】【2023】名额到校招生计划.pdf,1
2023,徐汇区,徐汇南校,044110,上海市上海中学,042032,委属,1,文本解码,【徐汇】【2023】名额到校招生计划.pdf,1
2023,徐汇区,徐汇南校,044110,上海交通大学附属中学,102056,委属,0,文本解码,【徐汇】【2023】名额到校招生计划.pdf,1
2023,徐汇区,徐汇南校,044110,复旦大学附属中学,102057,委属,0,文本解码,【徐汇】【2023】名额到校招生计划.pdf,1
2023,徐汇区,徐汇南校,044110,华东师范大学第二附属中学,152003,委属,0,文本解码,【徐汇】【2023】名额到校招生计划.pdf,1
2023,徐汇区,徐汇南校,044110,上海师范大学附属中学,152006,委属,0,文本解码,【徐汇】【2023】名额到校招生计划.pdf,1
2023,徐汇区,上海市徐汇中学,044109,上海市第二中学,042001,区属,11,文本解码,【徐汇】【2023】名额到校招生计划.pdf,1
2023,徐汇区,上海市徐汇中学,044109,上海市南洋模范中学,042008,区属,15,文本解码,【徐汇】【2023】名额到校招生计划.pdf,1
2023,徐汇区,上海市徐汇中学,044109,上海市位育中学,042035,区属,17,文本解码,【徐汇】【2023】名额到校招生计划.pdf,1
2023,徐汇区,上海市徐汇中学,044109,复旦大学附属中学徐汇分校,042036,区属,2,文本解码,【徐汇】【2023】名额到校招生计划.pdf,1
2023,徐汇区,上海市徐汇中学,044109,上海市南洋中学,043015,区属,13,文本解码,【徐汇】【2023】名额到校招生计划.pdf,1
2023,徐汇区,上海市徐汇中学,044109,上海市上海中学,042032,委属,2,文本解码,【徐汇】【2023】名额到校招生计划.pdf,1
2023,徐汇区,上海市徐汇中学,044109,上海交通大学附属中学,102056,委属,1,文本解码,【徐汇】【2023】名额到校招生计划.pdf,1
2023,徐汇区,上海市徐汇中学,044109,复旦大学附属中学,102057,委属,0,文本解码,【徐汇】【2023】名额到校招生计划.pdf,1
2023,徐汇区,上海市徐汇中学,044109,华东师范大学第二附属中学,152003,委属,0,文本解码,【徐汇】【2023】名额到校招生计划.pdf,1
2023,徐汇区,上海市徐汇中学,044109,上海师范大学附属中学,152006,委属,0,文本解码,【徐汇】【2023】名额到校招生计划.pdf,1
2023,徐汇区,上海市第五十四中学,044107,上海市第二中学,042001,区属,4,文本解码,【徐汇】【2023】名额到校招生计划.pdf,1
2023,徐汇区,上海市第五十四中学,044107,上海市南洋模范中学,042008,区属,5,文本解码,【徐汇】【2023】名额到校招生计划.pdf,1
2023,徐汇区,上海市第五十四中学,044107,上海市位育中学,042035,区属,4,文本解码,【徐汇】【2023】名额到校招生计划.pdf,1
2023,徐汇区,上海市第五十四中学,044107,复旦大学附属中学徐汇分校,042036,区属,1,文本解码,【徐汇】【2023】名额到校招生计划.pdf,1
2023,徐汇区,上海市第五十四中学,044107,上海市南洋中学,043015,区属,3,文本解码,【徐汇】【2023】名额到校招生计划.pdf,1
2023,徐汇区,上海市第五十四中学,044107,上海市上海中学,042032,委属,1,文本解码,【徐汇】【2023】名额到校招生计划.pdf,1
2023,徐汇区,上海市第五十四中学,044107,上海交通大学附属中学,102056,委属,0,文本解码,【徐汇】【2023】名额到校招生计划.pdf,1
2023,徐汇区,上海市第五十四中学,044107,复旦大学附属中学,102057,委属,0,文本解码,【徐汇】【2023】名额到校招生计划.pdf,1
2023,徐汇区,上海市第五十四中学,044107,华东师范大学第二附属中学,152003,委属,0,文本解码,【徐汇】【2023】名额到校招生计划.pdf,1
2023,徐汇区,上海市第五十四中学,044107,上海师范大学附属中学,152006,委属,0,文本解码,【徐汇】【2023】名额到校招生计划.pdf,1
2023,徐汇区,上海市中国中学,044103,上海市第二中学,042001,区属,10,文本解码,【徐汇】【2023】名额到校招生计划.pdf,1
2023,徐汇区,上海市中国中学,044103,上海市南洋模范中学,042008,区属,12,文本解码,【徐汇】【2023】名额到校招生计划.pdf,1
2023,徐汇区,上海市中国中学,044103,上海市位育中学,042035,区属,12,文本解码,【徐汇】【2023】名额到校招生计划.pdf,1
2023,徐汇区,上海市中国中学,044103,复旦大学附属中学徐汇分校,042036,区属,2,文本解码,【徐汇】【2023】名额到校招生计划.pdf,1
2023,徐汇区,上海市中国中学,044103,上海市南洋中学,043015,区属,11,文本解码,【徐汇】【2023】名额到校招生计划.pdf,1
2023,徐汇区,上海市中国中学,044103,上海市上海中学,042032,委属,1,文本解码,【徐汇】【2023】名额到校招生计划.pdf,1
2023,徐汇区,上海市中国中学,044103,上海交通大学附属中学,102056,委属,0,文本解码,【徐汇】【2023】名额到校招生计划.pdf,1
2023,徐汇区,上海市中国中学,044103,复旦大学附属中学,102057,委属,0,文本解码,【徐汇】【2023】名额到校招生计划.pdf,1
2023,徐汇区,上海市中国中学,044103,华东师范大学第二附属中学,152003,委属,0,文本解码,【徐汇】【2023】名额到校招生计划.pdf,1
2023,徐汇区,上海市中国中学,044103,上海师范大学附属中学,152006,委属,0,文本解码,【徐汇】【2023】名额到校招生计划.pdf,1
2023,徐汇区,上海市康健外国语实验中学,041347,上海市第二中学,042001,区属,8,文本解码,【徐汇】【2023】名额到校招生计划.pdf,1
2023,徐汇区,上海市康健外国语实验中学,041347,上海市南洋模范中学,042008,区属,10,文本解码,【徐汇】【2023】名额到校招生计划.pdf,1
2023,徐汇区,上海市康健外国语实验中学,041347,上海市位育中学,042035,区属,10,文本解码,【徐汇】【2023】名额到校招生计划.pdf,1
2023,徐汇区,上海市康健外国语实验中学,041347,复旦大学附属中学徐汇分校,042036,区属,1,文本解码,【徐汇】【2023】名额到校招生计划.pdf,1
2023,徐汇区,上海市康健外国语实验中学,041347,上海市南洋中学,043015,区属,8,文本解码,【徐汇】【2023】名额到校招生计划.pdf,1
2023,徐汇区,上海市康健外国语实验中学,041347,上海市上海中学,042032,委属,0,文本解码,【徐汇】【2023】名额到校招生计划.pdf,1
2023,徐汇区,上海市康健外国语实验中学,041347,上海交通大学附属中学,102056,委属,0,文本解码,【徐汇】【2023】名额到校招生计划.pdf,1
2023,徐汇区,上海市康健外国语实验中学,041347,复旦大学附属中学,102057,委属,0,文本解码,【徐汇】【2023】名额到校招生计划.pdf,1
2023,徐汇区,上海市康健外国语实验中学,041347,华东师范大学第二附属中学,152003,委属,1,文本解码,【徐汇】【2023】名额到校招生计划.pdf,1
2023,徐汇区,上海市康健外国语实验中学,041347,上海师范大学附属中学,152006,委属,0,文本解码,【徐汇】【2023】名额到校招生计划.pdf,1
2023,徐汇区,上海市紫阳中学,041336,上海市第二中学,042001,区属,6,文本解码,【徐汇】【2023】名额到校招生计划.pdf,1
2023,徐汇区,上海市紫阳中学,041336,上海市南洋模范中学,042008,区属,6,文本解码,【徐汇】【2023】名额到校招生计划.pdf,1
2023,徐汇区,上海市紫阳中学,041336,上海市位育中学,042035,区属,6,文本解码,【徐汇】【2023】名额到校招生计划.pdf,1
2023,徐汇区,上海市紫阳中学,041336,复旦大学附属中学徐汇分校,042036,区属,2,文本解码,【徐汇】【2023】名额到校招生计划.pdf,1
2023,徐汇区,上海市紫阳中学,041336,上海市南洋中学,043015,区属,5,文本解码,【徐汇】【2023】名额到校招生计划.pdf,1
2023,徐汇区,上海市紫阳中学,041336,上海市上海中学,042032,委属,0,文本解码,【徐汇】【2023】名额到校招生计划.pdf,1
2023,徐汇区,上海市紫阳中学,041336,上海交通大学附属中学,102056,委属,0,文本解码,【徐汇】【2023】名额到校招生计划.pdf,1
2023,徐汇区,上海市紫阳中学,041336,复旦大学附属中学,102057,委属,0,文本解码,【徐汇】【2023】名额到校招生计划.pdf,1
2023,徐汇区,上海市紫阳中学,041336,华东师范大学第二附属中学,152003,委属,0,文本解码,【徐汇】【2023】名额到校招生计划.pdf,1
2023,徐汇区,上海市紫阳中学,041336,上海师范大学附属中学,152006,委属,0,文本解码,【徐汇】【2023】名额到校招生计划.pdf,1
2023,徐汇区,上海市梅园中学,041334,上海市第二中学,042001,区属,3,文本解码,【徐汇】【2023】名额到校招生计划.pdf,1
2023,徐汇区,上海市梅园中学,041334,上海市南洋模范中学,042008,区属,3,文本解码,【徐汇】【2023】名额到校招生计划.pdf,1
2023,徐汇区,上海市梅园中学,041334,上海市位育中学,042035,区属,4,文本解码,【徐汇】【2023】名额到校招生计划.pdf,1
2023,徐汇区,上海市梅园中学,041334,复旦大学附属中学徐汇分校,042036,区属,1,文本解码,【徐汇】【2023】名额到校招生计划.pdf,1
2023,徐汇区,上海市梅园中学,041334,上海市南洋中学,043015,区属,4,文本解码,【徐汇】【2023】名额到校招生计划.pdf,1
2023,徐汇区,上海市梅园中学,041334,上海市上海中学,042032,委属,0,文本解码,【徐汇】【2023】名额到校招生计划.pdf,1
2023,徐汇区,上海市梅园中学,041334,上海交通大学附属中学,102056,委属,0,文本解码,【徐汇】【2023】名额到校招生计划.pdf,1
2023,徐汇区,上海市梅园中学,041334,复旦大学附属中学,102057,委属,0,文本解码,【徐汇】【2023】名额到校招生计划.pdf,1
2023,徐汇区,上海市梅园中学,041334,华东师范大学第二附属中学,152003,委属,0,文本解码,【徐汇】【2023】名额到校招生计划.pdf,1
2023,徐汇区,上海市梅园中学,041334,上海师范大学附属中学,152006,委属,0,文本解码,【徐汇】【2023】名额到校招生计划.pdf,1
2023,徐汇区,上海市汾阳中学,041331,上海市第二中学,042001,区属,2,文本解码,【徐汇】【2023】名额到校招生计划.pdf,1
2023,徐汇区,上海市汾阳中学,041331,上海市南洋模范中学,042008,区属,3,文本解码,【徐汇】【2023】名额到校招生计划.pdf,1
2023,徐汇区,上海市汾阳中学,041331,上海市位育中学,042035,区属,4,文本解码,【徐汇】【2023】名额到校招生计划.pdf,1
2023,徐汇区,上海市汾阳中学,041331,复旦大学附属中学徐汇分校,042036,区属,1,文本解码,【徐汇】【2023】名额到校招生计划.pdf,1
2023,徐汇区,上海市汾阳中学,041331,上海市南洋中学,043015,区属,2,文本解码,【徐汇】【2023】名额到校招生计划.pdf,1
2023,徐汇区,上海市汾阳中学,041331,上海市上海中学,042032,委属,1,文本解码,【徐汇】【2023】名额到校招生计划.pdf,1
2023,徐汇区,上海市汾阳中学,041331,上海交通大学附属中学,102056,委属,0,文本解码,【徐汇】【2023】名额到校招生计划.pdf,1
2023,徐汇区,上海市汾阳中学,041331,复旦大学附属中学,102057,委属,0,文本解码,【徐汇】【2023】名额到校招生计划.pdf,1
2023,徐汇区,上海市汾阳中学,041331,华东师范大学第二附属中学,152003,委属,0,文本解码,【徐汇】【2023】名额到校招生计划.pdf,1
2023,徐汇区,上海市汾阳中学,041331,上海师范大学附属中学,152006,委属,0,文本解码,【徐汇】【2023】名额到校招生计划.pdf,1
2023,徐汇区,上海市园南中学,041329,上海市第二中学,042001,区属,8,文本解码,【徐汇】【2023】名额到校招生计划.pdf,1
2023,徐汇区,上海市园南中学,041329,上海市南洋模范中学,042008,区属,10,文本解码,【徐汇】【2023】名额到校招生计划.pdf,1
2023,徐汇区,上海市园南中学,041329,上海市位育中学,042035,区属,9,文本解码,【徐汇】【2023】名额到校招生计划.pdf,1
2023,徐汇区,上海市园南中学,041329,复旦大学附属中学徐汇分校,042036,区属,1,文本解码,【徐汇】【2023】名额到校招生计划.pdf,1
2023,徐汇区,上海市园南中学,041329,上海市南洋中学,043015,区属,7,文本解码,【徐汇】【2023】名额到校招生计划.pdf,1
2023,徐汇区,上海市园南中学,041329,上海市上海中学,042032,委属,2,文本解码,【徐汇】【2023】名额到校招生计划.pdf,1
2023,徐汇区,上海市园南中学,041329,上海交通大学附属中学,102056,委属,0,文本解码,【徐汇】【2023】名额到校招生计划.pdf,1
2023,徐汇区,上海市园南中学,041329,复旦大学附属中学,102057,委属,0,文本解码,【徐汇】【2023】名额到校招生计划.pdf,1
2023,徐汇区,上海市园南中学,041329,华东师范大学第二附属中学,152003,委属,0,文本解码,【徐汇】【2023】名额到校招生计划.pdf,1
2023,徐汇区,上海市园南中学,041329,上海师范大学附属中学,152006,委属,0,文本解码,【徐汇】【2023】名额到校招生计划.pdf,1
2023,徐汇区,上海市长桥中学,041328,上海市第二中学,042001,区属,4,文本解码,【徐汇】【2023】名额到校招生计划.pdf,1
2023,徐汇区,上海市长桥中学,041328,上海市南洋模范中学,042008,区属,4,文本解码,【徐汇】【2023】名额到校招生计划.pdf,1
2023,徐汇区,上海市长桥中学,041328,上海市位育中学,042035,区属,4,文本解码,【徐汇】【2023】名额到校招生计划.pdf,1
2023,徐汇区,上海市长桥中学,041328,复旦大学附属中学徐汇分校,042036,区属,1,文本解码,【徐汇】【2023】名额到校招生计划.pdf,1
2023,徐汇区,上海市长桥中学,041328,上海市南洋中学,043015,区属,3,文本解码,【徐汇】【2023】名额到校招生计划.pdf,1
2023,徐汇区,上海市长桥中学,041328,上海市上海中学,042032,委属,0,文本解码,【徐汇】【2023】名额到校招生计划.pdf,1
2023,徐汇区,上海市长桥中学,041328,上海交通大学附属中学,102056,委属,0,文本解码,【徐汇】【2023】名额到校招生计划.pdf,1
2023,徐汇区,上海市长桥中学,041328,复旦大学附属中学,102057,委属,0,文本解码,【徐汇】【2023】名额到校招生计划.pdf,1
2023,徐汇区,上海市长桥中学,041328,华东师范大学第二附属中学,152003,委属,0,文本解码,【徐汇】【2023】名额到校招生计划.pdf,1
2023,徐汇区,上海市长桥中学,041328,上海师范大学附属中学,152006,委属,1,文本解码,【徐汇】【2023】名额到校招生计划.pdf,1
2023,徐汇区,上海市徐汇区教育学院附属实验中学,041327,上海市第二中学,042001,区属,9,文本解码,【徐汇】【2023】名额到校招生计划.pdf,1
2023,徐汇区,上海市徐汇区教育学院附属实验中学,041327,上海市南洋模范中学,042008,区属,12,文本解码,【徐汇】【2023】名额到校招生计划.pdf,1
2023,徐汇区,上海市徐汇区教育学院附属实验中学,041327,上海市位育中学,042035,区属,13,文本解码,【徐汇】【2023】名额到校招生计划.pdf,1
2023,徐汇区,上海市徐汇区教育学院附属实验中学,041327,复旦大学附属中学徐汇分校,042036,区属,2,文本解码,【徐汇】【2023】名额到校招生计划.pdf,1
2023,徐汇区,上海市徐汇区教育学院附属实验中学,041327,上海市南洋中学,043015,区属,10,文本解码,【徐汇】【2023】名额到校招生计划.pdf,1
2023,徐汇区,上海市徐汇区教育学院附属实验中学,041327,上海市上海中学,042032,委属,1,文本解码,【徐汇】【2023】名额到校招生计划.pdf,1
2023,徐汇区,上海市徐汇区教育学院附属实验中学,041327,上海交通大学附属中学,102056,委属,1,文本解码,【徐汇】【2023】名额到校招生计划.pdf,1
2023,徐汇区,上海市徐汇区教育学院附属实验中学,041327,复旦大学附属中学,102057,委属,0,文本解码,【徐汇】【2023】名额到校招生计划.pdf,1
2023,徐汇区,上海市徐汇区教育学院附属实验中学,041327,华东师范大学第二附属中学,152003,委属,0,文本解码,【徐汇】【2023】名额到校招生计划.pdf,1
2023,徐汇区,上海市徐汇区教育学院附属实验中学,041327,上海师范大学附属中学,152006,委属,0,文本解码,【徐汇】【2023】名额到校招生计划.pdf,1
2023,徐汇区,上海市龙苑中学,041326,上海市第二中学,042001,区属,1,文本解码,【徐汇】【2023】名额到校招生计划.pdf,1
2023,徐汇区,上海市龙苑中学,041326,上海市南洋模范中学,042008,区属,2,文本解码,【徐汇】【2023】名额到校招生计划.pdf,1
2023,徐汇区,上海市龙苑中学,041326,上海市位育中学,042035,区属,1,文本解码,【徐汇】【2023】名额到校招生计划.pdf,1
2023,徐汇区,上海市龙苑中学,041326,复旦大学附属中学徐汇分校,042036,区属,1,文本解码,【徐汇】【2023】名额到校招生计划.pdf,1
2023,徐汇区,上海市龙苑中学,041326,上海市南洋中学,043015,区属,1,文本解码,【徐汇】【2023】名额到校招生计划.pdf,1
2023,徐汇区,上海市龙苑中学,041326,上海市上海中学,042032,委属,0,文本解码,【徐汇】【2023】名额到校招生计划.pdf,1
2023,徐汇区,上海市龙苑中学,041326,上海交通大学附属中学,102056,委属,0,文本解码,【徐汇】【2023】名额到校招生计划.pdf,1
2023,徐汇区,上海市龙苑中学,041326,复旦大学附属中学,102057,委属,0,文本解码,【徐汇】【2023】名额到校招生计划.pdf,1
2023,徐汇区,上海市龙苑中学,041326,华东师范大学第二附属中学,152003,委属,0,文本解码,【徐汇】【2023】名额到校招生计划.pdf,1
2023,徐汇区,上海市龙苑中学,041326,上海师范大学附属中学,152006,委属,1,文本解码,【徐汇】【2023】名额到校招生计划.pdf,1
2023,徐汇区,上海市田林第三中学,041320,上海市第二中学,042001,区属,10,文本解码,【徐汇】【2023】名额到校招生计划.pdf,1
2023,徐汇区,上海市田林第三中学,041320,上海市南洋模范中学,042008,区属,14,文本解码,【徐汇】【2023】名额到校招生计划.pdf,1
2023,徐汇区,上海市田林第三中学,041320,上海市位育中学,042035,区属,14,文本解码,【徐汇】【2023】名额到校招生计划.pdf,1
2023,徐汇区,上海市田林第三中学,041320,复旦大学附属中学徐汇分校,042036,区属,2,文本解码,【徐汇】【2023】名额到校招生计划.pdf,1
2023,徐汇区,上海市田林第三中学,041320,上海市南洋中学,043015,区属,12,文本解码,【徐汇】【2023】名额到校招生计划.pdf,1
2023,徐汇区,上海市田林第三中学,041320,上海市上海中学,042032,委属,1,文本解码,【徐汇】【2023】名额到校招生计划.pdf,1
2023,徐汇区,上海市田林第三中学,041320,上海交通大学附属中学,102056,委属,0,文本解码,【徐汇】【2023】名额到校招生计划.pdf,1
2023,徐汇区,上海市田林第三中学,041320,复旦大学附属中学,102057,委属,0,文本解码,【徐汇】【2023】名额到校招生计划.pdf,1
2023,徐汇区,上海市田林第三中学,041320,华东师范大学第二附属中学,152003,委属,1,文本解码,【徐汇】【2023】名额到校招生计划.pdf,1
2023,徐汇区,上海市田林第三中学,041320,上海师范大学附属中学,152006,委属,0,文本解码,【徐汇】【2023】名额到校招生计划.pdf,1
2023,徐汇区,上海市田林第二中学,041319,上海市第二中学,042001,区属,4,文本解码,【徐汇】【2023】名额到校招生计划.pdf,1
2023,徐汇区,上海市田林第二中学,041319,上海市南洋模范中学,042008,区属,6,文本解码,【徐汇】【2023】名额到校招生计划.pdf,1
2023,徐汇区,上海市田林第二中学,041319,上海市位育中学,042035,区属,4,文本解码,【徐汇】【2023】名额到校招生计划.pdf,1
2023,徐汇区,上海市田林第二中学,041319,复旦大学附属中学徐汇分校,042036,区属,1,文本解码,【徐汇】【2023】名额到校招生计划.pdf,1
2023,徐汇区,上海市田林第二中学,041319,上海市南洋中学,043015,区属,3,文本解码,【徐汇】【2023】名额到校招生计划.pdf,1
2023,徐汇区,上海市田林第二中学,041319,上海市上海中学,042032,委属,1,文本解码,【徐汇】【2023】名额到校招生计划.pdf,1
2023,徐汇区,上海市田林第二中学,041319,上海交通大学附属中学,102056,委属,0,文本解码,【徐汇】【2023】名额到校招生计划.pdf,1
2023,徐汇区,上海市田林第二中学,041319,复旦大学附属中学,102057,委属,0,文本解码,【徐汇】【2023】名额到校招生计划.pdf,1
2023,徐汇区,上海市田林第二中学,041319,华东师范大学第二附属中学,152003,委属,0,文本解码,【徐汇】【2023】名额到校招生计划.pdf,1
2023,徐汇区,上海市田林第二中学,041319,上海师范大学附属中学,152006,委属,0,文本解码,【徐汇】【2023】名额到校招生计划.pdf,1
2023,徐汇区,上海市田林中学,041318,上海市第二中学,042001,区属,5,文本解码,【徐汇】【2023】名额到校招生计划.pdf,1
2023,徐汇区,上海市田林中学,041318,上海市南洋模范中学,042008,区属,5,文本解码,【徐汇】【2023】名额到校招生计划.pdf,1
2023,徐汇区,上海市田林中学,041318,上海市位育中学,042035,区属,4,文本解码,【徐汇】【2023】名额到校招生计划.pdf,1
2023,徐汇区,上海市田林中学,041318,复旦大学附属中学徐汇分校,042036,区属,1,文本解码,【徐汇】【2023】名额到校招生计划.pdf,1
2023,徐汇区,上海市田林中学,041318,上海市南洋中学,043015,区属,3,文本解码,【徐汇】【2023】名额到校招生计划.pdf,1
2023,徐汇区,上海市田林中学,041318,上海市上海中学,042032,委属,1,文本解码,【徐汇】【2023】名额到校招生计划.pdf,1
2023,徐汇区,上海市田林中学,041318,上海交通大学附属中学,102056,委属,0,文本解码,【徐汇】【2023】名额到校招生计划.pdf,1
2023,徐汇区,上海市田林中学,041318,复旦大学附属中学,102057,委属,0,文本解码,【徐汇】【2023】名额到校招生计划.pdf,1
2023,徐汇区,上海市田林中学,041318,华东师范大学第二附属中学,152003,委属,0,文本解码,【徐汇】【2023】名额到校招生计划.pdf,1
2023,徐汇区,上海市田林中学,041318,上海师范大学附属中学,152006,委属,0,文本解码,【徐汇】【2023】名额到校招生计划.pdf,1
2023,徐汇区,上海市南洋初级中学,041316,上海市第二中学,042001,区属,8,文本解码,【徐汇】【2023】名额到校招生计划.pdf,1
2023,徐汇区,上海市南洋初级中学,041316,上海市南洋模范中学,042008,区属,10,文本解码,【徐汇】【2023】名额到校招生计划.pdf,1
2023,徐汇区,上海市南洋初级中学,041316,上海市位育中学,042035,区属,9,文本解码,【徐汇】【2023】名额到校招生计划.pdf,1
2023,徐汇区,上海市南洋初级中学,041316,复旦大学附属中学徐汇分校,042036,区属,1,文本解码,【徐汇】【2023】名额到校招生计划.pdf,1
2023,徐汇区,上海市南洋初级中学,041316,上海市南洋中学,043015,区属,7,文本解码,【徐汇】【2023】名额到校招生计划.pdf,1
2023,徐汇区,上海市南洋初级中学,041316,上海市上海中学,042032,委属,1,文本解码,【徐汇】【2023】名额到校招生计划.pdf,1
2023,徐汇区,上海市南洋初级中学,041316,上海交通大学附属中学,102056,委属,0,文本解码,【徐汇】【2023】名额到校招生计划.pdf,1
2023,徐汇区,上海市南洋初级中学,041316,复旦大学附属中学,102057,委属,1,文本解码,【徐汇】【2023】名额到校招生计划.pdf,1
2023,徐汇区,上海市南洋初级中学,041316,华东师范大学第二附属中学,152003,委属,0,文本解码,【徐汇】【2023】名额到校招生计划.pdf,1
2023,徐汇区,上海市南洋初级中学,041316,上海师范大学附属中学,152006,委属,0,文本解码,【徐汇】【2023】名额到校招生计划.pdf,1
2023,徐汇区,上海市南洋模范初级中学,041306,上海市第二中学,042001,区属,8,文本解码,【徐汇】【2023】名额到校招生计划.pdf,1
2023,徐汇区,上海市南洋模范初级中学,041306,上海市南洋模范中学,042008,区属,11,文本解码,【徐汇】【2023】名额到校招生计划.pdf,1
2023,徐汇区,上海市南洋模范初级中学,041306,上海市位育中学,042035,区属,11,文本解码,【徐汇】【2023】名额到校招生计划.pdf,1
2023,徐汇区,上海市南洋模范初级中学,041306,复旦大学附属中学徐汇分校,042036,区属,1,文本解码,【徐汇】【2023】名额到校招生计划.pdf,1
2023,徐汇区,上海市南洋模范初级中学,041306,上海市南洋中学,043015,区属,10,文本解码,【徐汇】【2023】名额到校招生计划.pdf,1
2023,徐汇区,上海市南洋模范初级中学,041306,上海市上海中学,042032,委属,1,文本解码,【徐汇】【2023】名额到校招生计划.pdf,1
2023,徐汇区,上海市南洋模范初级中学,041306,上海交通大学附属中学,102056,委属,0,文本解码,【徐汇】【2023】名额到校招生计划.pdf,1
2023,徐汇区,上海市南洋模范初级中学,041306,复旦大学附属中学,102057,委属,1,文本解码,【徐汇】【2023】名额到校招生计划.pdf,1
2023,徐汇区,上海市南洋模范初级中学,041306,华东师范大学第二附属中学,152003,委属,0,文本解码,【徐汇】【2023】名额到校招生计划.pdf,1
2023,徐汇区,上海市南洋模范初级中学,041306,上海师范大学附属中学,152006,委属,0,文本解码,【徐汇】【2023】名额到校招生计划.pdf,1
2023,徐汇区,上海市第二初级中学,041305,上海市第二中学,042001,区属,6,文本解码,【徐汇】【2023】名额到校招生计划.pdf,1
2023,徐汇区,上海市第二初级中学,041305,上海市南洋模范中学,042008,区属,8,文本解码,【徐汇】【2023】名额到校招生计划.pdf,1
2023,徐汇区,上海市第二初级中学,041305,上海市位育中学,042035,区属,8,文本解码,【徐汇】【2023】名额到校招生计划.pdf,1
2023,徐汇区,上海市第二初级中学,041305,复旦大学附属中学徐汇分校,042036,区属,1,文本解码,【徐汇】【2023】名额到校招生计划.pdf,1
2023,徐汇区,上海市第二初级中学,041305,上海市南洋中学,043015,区属,8,文本解码,【徐汇】【2023】名额到校招生计划.pdf,1
2023,徐汇区,上海市第二初级中学,041305,上海市上海中学,042032,委属,1,文本解码,【徐汇】【2023】名额到校招生计划.pdf,1
2023,徐汇区,上海市第二初级中学,041305,上海交通大学附属中学,102056,委属,0,文本解码,【徐汇】【2023】名额到校招生计划.pdf,1
2023,徐汇区,上海市第二初级中学,041305,复旦大学附属中学,102057,委属,0,文本解码,【徐汇】【2023】名额到校招生计划.pdf,1
2023,徐汇区,上海市第二初级中学,041305,华东师范大学第二附属中学,152003,委属,1,文本解码,【徐汇】【2023】名额到校招生计划.pdf,1
2023,徐汇区,上海市第二初级中学,041305,上海师范大学附属中学,152006,委属,0,文本解码,【徐汇】【2023】名额到校招生计划.pdf,1
2023,徐汇区,上海市位育初级中学,041302,上海市第二中学,042001,区属,9,文本解码,【徐汇】【2023】名额到校招生计划.pdf,1
2023,徐汇区,上海市位育初级中学,041302,上海市南洋模范中学,042008,区属,12,文本解码,【徐汇】【2023】名额到校招生计划.pdf,1
2023,徐汇区,上海市位育初级中学,041302,上海市位育中学,042035,区属,14,文本解码,【徐汇】【2023】名额到校招生计划.pdf,1
2023,徐汇区,上海市位育初级中学,041302,复旦大学附属中学徐汇分校,042036,区属,2,文本解码,【徐汇】【2023】名额到校招生计划.pdf,1
2023,徐汇区,上海市位育初级中学,041302,上海市南洋中学,043015,区属,10,文本解码,【徐汇】【2023】名额到校招生计划.pdf,1
2023,徐汇区,上海市位育初级中学,041302,上海市上海中学,042032,委属,2,文本解码,【徐汇】【2023】名额到校招生计划.pdf,1
2023,徐汇区,上海市位育初级中学,041302,上海交通大学附属中学,102056,委属,0,文本解码,【徐汇】【2023】名额到校招生计划.pdf,1
2023,徐汇区,上海市位育初级中学,041302,复旦大学附属中学,102057,委属,0,文本解码,【徐汇】【2023】名额到校招生计划.pdf,1
2023,徐汇区,上海市位育初级中学,041302,华东师范大学第二附属中学,152003,委属,0,文本解码,【徐汇】【2023】名额到校招生计划.pdf,1
2023,徐汇区,上海市位育初级中学,041302,上海师范大学附属中学,152006,委属,0,文本解码,【徐汇】【2023】名额到校招生计划.pdf,1
2024,徐汇区,上海市位育初级中学,041302,上海市第二中学,042001,区属,8,文本解码,【徐汇】【2024】名额到校招生计划.pdf,1
2024,徐汇区,上海市位育初级中学,041302,上海市南洋模范中学,042008,区属,9,文本解码,【徐汇】【2024】名额到校招生计划.pdf,1
2024,徐汇区,上海市位育初级中学,041302,上海市位育中学,042035,区属,9,文本解码,【徐汇】【2024】名额到校招生计划.pdf,1
2024,徐汇区,上海市位育初级中学,041302,复旦大学附属中学徐汇分校,042036,区属,3,文本解码,【徐汇】【2024】名额到校招生计划.pdf,1
2024,徐汇区,上海市位育初级中学,041302,上海市南洋中学,043015,区属,7,文本解码,【徐汇】【2024】名额到校招生计划.pdf,1
2024,徐汇区,上海市位育初级中学,041302,上海市上海中学,042032,委属,0,文本解码,【徐汇】【2024】名额到校招生计划.pdf,1
2024,徐汇区,上海市位育初级中学,041302,上海交通大学附属中学,102056,委属,0,文本解码,【徐汇】【2024】名额到校招生计划.pdf,1
2024,徐汇区,上海市位育初级中学,041302,复旦大学附属中学,102057,委属,0,文本解码,【徐汇】【2024】名额到校招生计划.pdf,1
2024,徐汇区,上海市位育初级中学,041302,华东师范大学第二附属中学,152003,委属,0,文本解码,【徐汇】【2024】名额到校招生计划.pdf,1
2024,徐汇区,上海市位育初级中学,041302,上海师范大学附属中学,152006,委属,1,文本解码,【徐汇】【2024】名额到校招生计划.pdf,1
2024,徐汇区,上海市第二初级中学,041305,上海市第二中学,042001,区属,4,文本解码,【徐汇】【2024】名额到校招生计划.pdf,1
2024,徐汇区,上海市第二初级中学,041305,上海市南洋模范中学,042008,区属,6,文本解码,【徐汇】【2024】名额到校招生计划.pdf,1
2024,徐汇区,上海市第二初级中学,041305,上海市位育中学,042035,区属,5,文本解码,【徐汇】【2024】名额到校招生计划.pdf,1
2024,徐汇区,上海市第二初级中学,041305,复旦大学附属中学徐汇分校,042036,区属,2,文本解码,【徐汇】【2024】名额到校招生计划.pdf,1
2024,徐汇区,上海市第二初级中学,041305,上海市南洋中学,043015,区属,4,文本解码,【徐汇】【2024】名额到校招生计划.pdf,1
2024,徐汇区,上海市第二初级中学,041305,上海市上海中学,042032,委属,0,文本解码,【徐汇】【2024】名额到校招生计划.pdf,1
2024,徐汇区,上海市第二初级中学,041305,上海交通大学附属中学,102056,委属,0,文本解码,【徐汇】【2024】名额到校招生计划.pdf,1
2024,徐汇区,上海市第二初级中学,041305,复旦大学附属中学,102057,委属,1,文本解码,【徐汇】【2024】名额到校招生计划.pdf,1
2024,徐汇区,上海市第二初级中学,041305,华东师范大学第二附属中学,152003,委属,0,文本解码,【徐汇】【2024】名额到校招生计划.pdf,1
2024,徐汇区,上海市第二初级中学,041305,上海师范大学附属中学,152006,委属,0,文本解码,【徐汇】【2024】名额到校招生计划.pdf,1
2024,徐汇区,上海市南洋模范初级中学,041306,上海市第二中学,042001,区属,8,文本解码,【徐汇】【2024】名额到校招生计划.pdf,1
2024,徐汇区,上海市南洋模范初级中学,041306,上海市南洋模范中学,042008,区属,11,文本解码,【徐汇】【2024】名额到校招生计划.pdf,1
2024,徐汇区,上海市南洋模范初级中学,041306,上海市位育中学,042035,区属,9,文本解码,【徐汇】【2024】名额到校招生计划.pdf,1
2024,徐汇区,上海市南洋模范初级中学,041306,复旦大学附属中学徐汇分校,042036,区属,3,文本解码,【徐汇】【2024】名额到校招生计划.pdf,1
2024,徐汇区,上海市南洋模范初级中学,041306,上海市南洋中学,043015,区属,8,文本解码,【徐汇】【2024】名额到校招生计划.pdf,1
2024,徐汇区,上海市南洋模范初级中学,041306,上海市上海中学,042032,委属,0,文本解码,【徐汇】【2024】名额到校招生计划.pdf,1
2024,徐汇区,上海市南洋模范初级中学,041306,上海交通大学附属中学,102056,委属,1,文本解码,【徐汇】【2024】名额到校招生计划.pdf,1
2024,徐汇区,上海市南洋模范初级中学,041306,复旦大学附属中学,102057,委属,0,文本解码,【徐汇】【2024】名额到校招生计划.pdf,1
2024,徐汇区,上海市南洋模范初级中学,041306,华东师范大学第二附属中学,152003,委属,0,文本解码,【徐汇】【2024】名额到校招生计划.pdf,1
2024,徐汇区,上海市南洋模范初级中学,041306,上海师范大学附属中学,152006,委属,0,文本解码,【徐汇】【2024】名额到校招生计划.pdf,1
2024,徐汇区,上海市南洋初级中学,041316,上海市第二中学,042001,区属,5,文本解码,【徐汇】【2024】名额到校招生计划.pdf,1
2024,徐汇区,上海市南洋初级中学,041316,上海市南洋模范中学,042008,区属,8,文本解码,【徐汇】【2024】名额到校招生计划.pdf,1
2024,徐汇区,上海市南洋初级中学,041316,上海市位育中学,042035,区属,7,文本解码,【徐汇】【2024】名额到校招生计划.pdf,1
2024,徐汇区,上海市南洋初级中学,041316,复旦大学附属中学徐汇分校,042036,区属,3,文本解码,【徐汇】【2024】名额到校招生计划.pdf,1
2024,徐汇区,上海市南洋初级中学,041316,上海市南洋中学,043015,区属,7,文本解码,【徐汇】【2024】名额到校招生计划.pdf,1
2024,徐汇区,上海市南洋初级中学,041316,上海市上海中学,042032,委属,0,文本解码,【徐汇】【2024】名额到校招生计划.pdf,1
2024,徐汇区,上海市南洋初级中学,041316,上海交通大学附属中学,102056,委属,0,文本解码,【徐汇】【2024】名额到校招生计划.pdf,1
2024,徐汇区,上海市南洋初级中学,041316,复旦大学附属中学,102057,委属,0,文本解码,【徐汇】【2024】名额到校招生计划.pdf,1
2024,徐汇区,上海市南洋初级中学,041316,华东师范大学第二附属中学,152003,委属,0,文本解码,【徐汇】【2024】名额到校招生计划.pdf,1
2024,徐汇区,上海市南洋初级中学,041316,上海师范大学附属中学,152006,委属,1,文本解码,【徐汇】【2024】名额到校招生计划.pdf,1
2024,徐汇区,上海市田林中学,041318,上海市第二中学,042001,区属,3,文本解码,【徐汇】【2024】名额到校招生计划.pdf,1
2024,徐汇区,上海市田林中学,041318,上海市南洋模范中学,042008,区属,4,文本解码,【徐汇】【2024】名额到校招生计划.pdf,1
2024,徐汇区,上海市田林中学,041318,上海市位育中学,042035,区属,5,文本解码,【徐汇】【2024】名额到校招生计划.pdf,1
2024,徐汇区,上海市田林中学,041318,复旦大学附属中学徐汇分校,042036,区属,2,文本解码,【徐汇】【2024】名额到校招生计划.pdf,1
2024,徐汇区,上海市田林中学,041318,上海市南洋中学,043015,区属,4,文本解码,【徐汇】【2024】名额到校招生计划.pdf,1
2024,徐汇区,上海市田林中学,041318,上海市上海中学,042032,委属,1,文本解码,【徐汇】【2024】名额到校招生计划.pdf,1
2024,徐汇区,上海市田林中学,041318,上海交通大学附属中学,102056,委属,0,文本解码,【徐汇】【2024】名额到校招生计划.pdf,1
2024,徐汇区,上海市田林中学,041318,复旦大学附属中学,102057,委属,0,文本解码,【徐汇】【2024】名额到校招生计划.pdf,1
2024,徐汇区,上海市田林中学,041318,华东师范大学第二附属中学,152003,委属,0,文本解码,【徐汇】【2024】名额到校招生计划.pdf,1
2024,徐汇区,上海市田林中学,041318,上海师范大学附属中学,152006,委属,0,文本解码,【徐汇】【2024】名额到校招生计划.pdf,1
2024,徐汇区,上海市田林第二中学,041319,上海市第二中学,042001,区属,3,文本解码,【徐汇】【2024】名额到校招生计划.pdf,1
2024,徐汇区,上海市田林第二中学,041319,上海市南洋模范中学,042008,区属,5,文本解码,【徐汇】【2024】名额到校招生计划.pdf,1
2024,徐汇区,上海市田林第二中学,041319,上海市位育中学,042035,区属,4,文本解码,【徐汇】【2024】名额到校招生计划.pdf,1
2024,徐汇区,上海市田林第二中学,041319,复旦大学附属中学徐汇分校,042036,区属,1,文本解码,【徐汇】【2024】名额到校招生计划.pdf,1
2024,徐汇区,上海市田林第二中学,041319,上海市南洋中学,043015,区属,3,文本解码,【徐汇】【2024】名额到校招生计划.pdf,1
2024,徐汇区,上海市田林第二中学,041319,上海市上海中学,042032,委属,1,文本解码,【徐汇】【2024】名额到校招生计划.pdf,1
2024,徐汇区,上海市田林第二中学,041319,上海交通大学附属中学,102056,委属,0,文本解码,【徐汇】【2024】名额到校招生计划.pdf,1
2024,徐汇区,上海市田林第二中学,041319,复旦大学附属中学,102057,委属,0,文本解码,【徐汇】【2024】名额到校招生计划.pdf,1
2024,徐汇区,上海市田林第二中学,041319,华东师范大学第二附属中学,152003,委属,0,文本解码,【徐汇】【2024】名额到校招生计划.pdf,1
2024,徐汇区,上海市田林第二中学,041319,上海师范大学附属中学,152006,委属,0,文本解码,【徐汇】【2024】名额到校招生计划.pdf,1
2024,徐汇区,上海市田林第三中学,041320,上海市第二中学,042001,区属,10,文本解码,【徐汇】【2024】名额到校招生计划.pdf,1
2024,徐汇区,上海市田林第三中学,041320,上海市南洋模范中学,042008,区属,12,文本解码,【徐汇】【2024】名额到校招生计划.pdf,1
2024,徐汇区,上海市田林第三中学,041320,上海市位育中学,042035,区属,12,文本解码,【徐汇】【2024】名额到校招生计划.pdf,1
2024,徐汇区,上海市田林第三中学,041320,复旦大学附属中学徐汇分校,042036,区属,5,文本解码,【徐汇】【2024】名额到校招生计划.pdf,1
2024,徐汇区,上海市田林第三中学,041320,上海市南洋中学,043015,区属,10,文本解码,【徐汇】【2024】名额到校招生计划.pdf,1
2024,徐汇区,上海市田林第三中学,041320,上海市上海中学,042032,委属,0,文本解码,【徐汇】【2024】名额到校招生计划.pdf,1
2024,徐汇区,上海市田林第三中学,041320,上海交通大学附属中学,102056,委属,1,文本解码,【徐汇】【2024】名额到校招生计划.pdf,1
2024,徐汇区,上海市田林第三中学,041320,复旦大学附属中学,102057,委属,0,文本解码,【徐汇】【2024】名额到校招生计划.pdf,1
2024,徐汇区,上海市田林第三中学,041320,华东师范大学第二附属中学,152003,委属,1,文本解码,【徐汇】【2024】名额到校招生计划.pdf,1
2024,徐汇区,上海市田林第三中学,041320,上海师范大学附属中学,152006,委属,0,文本解码,【徐汇】【2024】名额到校招生计划.pdf,1
2024,徐汇区,上海市龙苑中学,041326,上海市第二中学,042001,区属,1,文本解码,【徐汇】【2024】名额到校招生计划.pdf,1
2024,徐汇区,上海市龙苑中学,041326,上海市南洋模范中学,042008,区属,1,文本解码,【徐汇】【2024】名额到校招生计划.pdf,1
2024,徐汇区,上海市龙苑中学,041326,上海市位育中学,042035,区属,1,文本解码,【徐汇】【2024】名额到校招生计划.pdf,1
2024,徐汇区,上海市龙苑中学,041326,复旦大学附属中学徐汇分校,042036,区属,1,文本解码,【徐汇】【2024】名额到校招生计划.pdf,1
2024,徐汇区,上海市龙苑中学,041326,上海市南洋中学,043015,区属,1,文本解码,【徐汇】【2024】名额到校招生计划.pdf,1
2024,徐汇区,上海市龙苑中学,041326,上海市上海中学,042032,委属,0,文本解码,【徐汇】【2024】名额到校招生计划.pdf,1
2024,徐汇区,上海市龙苑中学,041326,上海交通大学附属中学,102056,委属,0,文本解码,【徐汇】【2024】名额到校招生计划.pdf,1
2024,徐汇区,上海市龙苑中学,041326,复旦大学附属中学,102057,委属,0,文本解码,【徐汇】【2024】名额到校招生计划.pdf,1
2024,徐汇区,上海市龙苑中学,041326,华东师范大学第二附属中学,152003,委属,0,文本解码,【徐汇】【2024】名额到校招生计划.pdf,1
2024,徐汇区,上海市龙苑中学,041326,上海师范大学附属中学,152006,委属,0,文本解码,【徐汇】【2024】名额到校招生计划.pdf,1
2024,徐汇区,上海市徐汇区教育学院附属实验中学,041327,上海市第二中学,042001,区属,7,文本解码,【徐汇】【2024】名额到校招生计划.pdf,1
2024,徐汇区,上海市徐汇区教育学院附属实验中学,041327,上海市南洋模范中学,042008,区属,11,文本解码,【徐汇】【2024】名额到校招生计划.pdf,1
2024,徐汇区,上海市徐汇区教育学院附属实验中学,041327,上海市位育中学,042035,区属,9,文本解码,【徐汇】【2024】名额到校招生计划.pdf,1
2024,徐汇区,上海市徐汇区教育学院附属实验中学,041327,复旦大学附属中学徐汇分校,042036,区属,3,文本解码,【徐汇】【2024】名额到校招生计划.pdf,1
2024,徐汇区,上海市徐汇区教育学院附属实验中学,041327,上海市南洋中学,043015,区属,8,文本解码,【徐汇】【2024】名额到校招生计划.pdf,1
2024,徐汇区,上海市徐汇区教育学院附属实验中学,041327,上海市上海中学,042032,委属,1,文本解码,【徐汇】【2024】名额到校招生计划.pdf,1
2024,徐汇区,上海市徐汇区教育学院附属实验中学,041327,上海交通大学附属中学,102056,委属,1,文本解码,【徐汇】【2024】名额到校招生计划.pdf,1
2024,徐汇区,上海市徐汇区教育学院附属实验中学,041327,复旦大学附属中学,102057,委属,0,文本解码,【徐汇】【2024】名额到校招生计划.pdf,1
2024,徐汇区,上海市徐汇区教育学院附属实验中学,041327,华东师范大学第二附属中学,152003,委属,0,文本解码,【徐汇】【2024】名额到校招生计划.pdf,1
2024,徐汇区,上海市徐汇区教育学院附属实验中学,041327,上海师范大学附属中学,152006,委属,0,文本解码,【徐汇】【2024】名额到校招生计划.pdf,1
2024,徐汇区,上海市长桥中学,041328,上海市第二中学,042001,区属,2,文本解码,【徐汇】【2024】名额到校招生计划.pdf,1
2024,徐汇区,上海市长桥中学,041328,上海市南洋模范中学,042008,区属,3,文本解码,【徐汇】【2024】名额到校招生计划.pdf,1
2024,徐汇区,上海市长桥中学,041328,上海市位育中学,042035,区属,2,文本解码,【徐汇】【2024】名额到校招生计划.pdf,1
2024,徐汇区,上海市长桥中学,041328,复旦大学附属中学徐汇分校,042036,区属,2,文本解码,【徐汇】【2024】名额到校招生计划.pdf,1
2024,徐汇区,上海市长桥中学,041328,上海市南洋中学,043015,区属,3,文本解码,【徐汇】【2024】名额到校招生计划.pdf,1
2024,徐汇区,上海市长桥中学,041328,上海市上海中学,042032,委属,1,文本解码,【徐汇】【2024】名额到校招生计划.pdf,1
2024,徐汇区,上海市长桥中学,041328,上海交通大学附属中学,102056,委属,0,文本解码,【徐汇】【2024】名额到校招生计划.pdf,1
2024,徐汇区,上海市长桥中学,041328,复旦大学附属中学,102057,委属,0,文本解码,【徐汇】【2024】名额到校招生计划.pdf,1
2024,徐汇区,上海市长桥中学,041328,华东师范大学第二附属中学,152003,委属,0,文本解码,【徐汇】【2024】名额到校招生计划.pdf,1
2024,徐汇区,上海市长桥中学,041328,上海师范大学附属中学,152006,委属,0,文本解码,【徐汇】【2024】名额到校招生计划.pdf,1
2024,徐汇区,上海市园南中学,041329,上海市第二中学,042001,区属,5,文本解码,【徐汇】【2024】名额到校招生计划.pdf,1
2024,徐汇区,上海市园南中学,041329,上海市南洋模范中学,042008,区属,7,文本解码,【徐汇】【2024】名额到校招生计划.pdf,1
2024,徐汇区,上海市园南中学,041329,上海市位育中学,042035,区属,7,文本解码,【徐汇】【2024】名额到校招生计划.pdf,1
2024,徐汇区,上海市园南中学,041329,复旦大学附属中学徐汇分校,042036,区属,2,文本解码,【徐汇】【2024】名额到校招生计划.pdf,1
2024,徐汇区,上海市园南中学,041329,上海市南洋中学,043015,区属,6,文本解码,【徐汇】【2024】名额到校招生计划.pdf,1
2024,徐汇区,上海市园南中学,041329,上海市上海中学,042032,委属,2,文本解码,【徐汇】【2024】名额到校招生计划.pdf,1
2024,徐汇区,上海市园南中学,041329,上海交通大学附属中学,102056,委属,0,文本解码,【徐汇】【2024】名额到校招生计划.pdf,1
2024,徐汇区,上海市园南中学,041329,复旦大学附属中学,102057,委属,0,文本解码,【徐汇】【2024】名额到校招生计划.pdf,1
2024,徐汇区,上海市园南中学,041329,华东师范大学第二附属中学,152003,委属,0,文本解码,【徐汇】【2024】名额到校招生计划.pdf,1
2024,徐汇区,上海市园南中学,041329,上海师范大学附属中学,152006,委属,0,文本解码,【徐汇】【2024】名额到校招生计划.pdf,1
2024,徐汇区,上海市汾阳中学,041331,上海市第二中学,042001,区属,1,文本解码,【徐汇】【2024】名额到校招生计划.pdf,1
2024,徐汇区,上海市汾阳中学,041331,上海市南洋模范中学,042008,区属,4,文本解码,【徐汇】【2024】名额到校招生计划.pdf,1
2024,徐汇区,上海市汾阳中学,041331,上海市位育中学,042035,区属,3,文本解码,【徐汇】【2024】名额到校招生计划.pdf,1
2024,徐汇区,上海市汾阳中学,041331,复旦大学附属中学徐汇分校,042036,区属,1,文本解码,【徐汇】【2024】名额到校招生计划.pdf,1
2024,徐汇区,上海市汾阳中学,041331,上海市南洋中学,043015,区属,1,文本解码,【徐汇】【2024】名额到校招生计划.pdf,1
2024,徐汇区,上海市汾阳中学,041331,上海市上海中学,042032,委属,1,文本解码,【徐汇】【2024】名额到校招生计划.pdf,1
2024,徐汇区,上海市汾阳中学,041331,上海交通大学附属中学,102056,委属,0,文本解码,【徐汇】【2024】名额到校招生计划.pdf,1
2024,徐汇区,上海市汾阳中学,041331,复旦大学附属中学,102057,委属,0,文本解码,【徐汇】【2024】名额到校招生计划.pdf,1
2024,徐汇区,上海市汾阳中学,041331,华东师范大学第二附属中学,152003,委属,0,文本解码,【徐汇】【2024】名额到校招生计划.pdf,1
2024,徐汇区,上海市汾阳中学,041331,上海师范大学附属中学,152006,委属,0,文本解码,【徐汇】【2024】名额到校招生计划.pdf,1
2024,徐汇区,上海市梅园中学,041334,上海市第二中学,042001,区属,2,文本解码,【徐汇】【2024】名额到校招生计划.pdf,1
2024,徐汇区,上海市梅园中学,041334,上海市南洋模范中学,042008,区属,4,文本解码,【徐汇】【2024】名额到校招生计划.pdf,1
2024,徐汇区,上海市梅园中学,041334,上海市位育中学,042035,区属,3,文本解码,【徐汇】【2024】名额到校招生计划.pdf,1
2024,徐汇区,上海市梅园中学,041334,复旦大学附属中学徐汇分校,042036,区属,1,文本解码,【徐汇】【2024】名额到校招生计划.pdf,1
2024,徐汇区,上海市梅园中学,041334,上海市南洋中学,043015,区属,2,文本解码,【徐汇】【2024】名额到校招生计划.pdf,1
2024,徐汇区,上海市梅园中学,041334,上海市上海中学,042032,委属,0,文本解码,【徐汇】【2024】名额到校招生计划.pdf,1
2024,徐汇区,上海市梅园中学,041334,上海交通大学附属中学,102056,委属,0,文本解码,【徐汇】【2024】名额到校招生计划.pdf,1
2024,徐汇区,上海市梅园中学,041334,复旦大学附属中学,102057,委属,0,文本解码,【徐汇】【2024】名额到校招生计划.pdf,1
2024,徐汇区,上海市梅园中学,041334,华东师范大学第二附属中学,152003,委属,1,文本解码,【徐汇】【2024】名额到校招生计划.pdf,1
2024,徐汇区,上海市梅园中学,041334,上海师范大学附属中学,152006,委属,0,文本解码,【徐汇】【2024】名额到校招生计划.pdf,1
2024,徐汇区,上海市紫阳中学,041336,上海市第二中学,042001,区属,3,文本解码,【徐汇】【2024】名额到校招生计划.pdf,1
2024,徐汇区,上海市紫阳中学,041336,上海市南洋模范中学,042008,区属,6,文本解码,【徐汇】【2024】名额到校招生计划.pdf,1
2024,徐汇区,上海市紫阳中学,041336,上海市位育中学,042035,区属,5,文本解码,【徐汇】【2024】名额到校招生计划.pdf,1
2024,徐汇区,上海市紫阳中学,041336,复旦大学附属中学徐汇分校,042036,区属,1,文本解码,【徐汇】【2024】名额到校招生计划.pdf,1
2024,徐汇区,上海市紫阳中学,041336,上海市南洋中学,043015,区属,3,文本解码,【徐汇】【2024】名额到校招生计划.pdf,1
2024,徐汇区,上海市紫阳中学,041336,上海市上海中学,042032,委属,0,文本解码,【徐汇】【2024】名额到校招生计划.pdf,1
2024,徐汇区,上海市紫阳中学,041336,上海交通大学附属中学,102056,委属,1,文本解码,【徐汇】【2024】名额到校招生计划.pdf,1
2024,徐汇区,上海市紫阳中学,041336,复旦大学附属中学,102057,委属,0,文本解码,【徐汇】【2024】名额到校招生计划.pdf,1
2024,徐汇区,上海市紫阳中学,041336,华东师范大学第二附属中学,152003,委属,0,文本解码,【徐汇】【2024】名额到校招生计划.pdf,1
2024,徐汇区,上海市紫阳中学,041336,上海师范大学附属中学,152006,委属,0,文本解码,【徐汇】【2024】名额到校招生计划.pdf,1
2024,徐汇区,上海市康健外国语实验中学,041347,上海市第二中学,042001,区属,5,文本解码,【徐汇】【2024】名额到校招生计划.pdf,1
2024,徐汇区,上海市康健外国语实验中学,041347,上海市南洋模范中学,042008,区属,7,文本解码,【徐汇】【2024】名额到校招生计划.pdf,1
2024,徐汇区,上海市康健外国语实验中学,041347,上海市位育中学,042035,区属,7,文本解码,【徐汇】【2024】名额到校招生计划.pdf,1
2024,徐汇区,上海市康健外国语实验中学,041347,复旦大学附属中学徐汇分校,042036,区属,2,文本解码,【徐汇】【2024】名额到校招生计划.pdf,1
2024,徐汇区,上海市康健外国语实验中学,041347,上海市南洋中学,043015,区属,5,文本解码,【徐汇】【2024】名额到校招生计划.pdf,1
2024,徐汇区,上海市康健外国语实验中学,041347,上海市上海中学,042032,委属,2,文本解码,【徐汇】【2024】名额到校招生计划.pdf,1
2024,徐汇区,上海市康健外国语实验中学,041347,上海交通大学附属中学,102056,委属,0,文本解码,【徐汇】【2024】名额到校招生计划.pdf,1
2024,徐汇区,上海市康健外国语实验中学,041347,复旦大学附属中学,102057,委属,0,文本解码,【徐汇】【2024】名额到校招生计划.pdf,1
2024,徐汇区,上海市康健外国语实验中学,041347,华东师范大学第二附属中学,152003,委属,0,文本解码,【徐汇】【2024】名额到校招生计划.pdf,1
2024,徐汇区,上海市康健外国语实验中学,041347,上海师范大学附属中学,152006,委属,0,文本解码,【徐汇】【2024】名额到校招生计划.pdf,1
2024,徐汇区,上海市世外中学,041363,上海市第二中学,042001,区属,8,文本解码,【徐汇】【2024】名额到校招生计划.pdf,1
2024,徐汇区,上海市世外中学,041363,上海市南洋模范中学,042008,区属,11,文本解码,【徐汇】【2024】名额到校招生计划.pdf,1
2024,徐汇区,上海市世外中学,041363,上海市位育中学,042035,区属,11,文本解码,【徐汇】【2024】名额到校招生计划.pdf,1
2024,徐汇区,上海市世外中学,041363,复旦大学附属中学徐汇分校,042036,区属,3,文本解码,【徐汇】【2024】名额到校招生计划.pdf,1
2024,徐汇区,上海市世外中学,041363,上海市南洋中学,043015,区属,9,文本解码,【徐汇】【2024】名额到校招生计划.pdf,1
2024,徐汇区,上海市世外中学,041363,上海市上海中学,042032,委属,0,文本解码,【徐汇】【2024】名额到校招生计划.pdf,1
2024,徐汇区,上海市世外中学,041363,上海交通大学附属中学,102056,委属,0,文本解码,【徐汇】【2024】名额到校招生计划.pdf,1
2024,徐汇区,上海市世外中学,041363,复旦大学附属中学,102057,委属,1,文本解码,【徐汇】【2024】名额到校招生计划.pdf,1
2024,徐汇区,上海市世外中学,041363,华东师范大学第二附属中学,152003,委属,0,文本解码,【徐汇】【2024】名额到校招生计划.pdf,1
2024,徐汇区,上海市世外中学,041363,上海师范大学附属中学,152006,委属,0,文本解码,【徐汇】【2024】名额到校招生计划.pdf,1
2024,徐汇区,上海市民办华育中学,041385,上海市第二中学,042001,区属,9,文本解码,【徐汇】【2024】名额到校招生计划.pdf,1
2024,徐汇区,上海市民办华育中学,041385,上海市南洋模范中学,042008,区属,10,文本解码,【徐汇】【2024】名额到校招生计划.pdf,1
2024,徐汇区,上海市民办华育中学,041385,上海市位育中学,042035,区属,10,文本解码,【徐汇】【2024】名额到校招生计划.pdf,1
2024,徐汇区,上海市民办华育中学,041385,复旦大学附属中学徐汇分校,042036,区属,2,文本解码,【徐汇】【2024】名额到校招生计划.pdf,1
2024,徐汇区,上海市民办华育中学,041385,上海市南洋中学,043015,区属,8,文本解码,【徐汇】【2024】名额到校招生计划.pdf,1
2024,徐汇区,上海市民办华育中学,041385,上海市上海中学,042032,委属,1,文本解码,【徐汇】【2024】名额到校招生计划.pdf,1
2024,徐汇区,上海市民办华育中学,041385,上海交通大学附属中学,102056,委属,0,文本解码,【徐汇】【2024】名额到校招生计划.pdf,1
2024,徐汇区,上海市民办华育中学,041385,复旦大学附属中学,102057,委属,1,文本解码,【徐汇】【2024】名额到校招生计划.pdf,1
2024,徐汇区,上海市民办华育中学,041385,华东师范大学第二附属中学,152003,委属,0,文本解码,【徐汇】【2024】名额到校招生计划.pdf,1
2024,徐汇区,上海市民办华育中学,041385,上海师范大学附属中学,152006,委属,0,文本解码,【徐汇】【2024】名额到校招生计划.pdf,1
2024,徐汇区,上海市中国中学,044103,上海市第二中学,042001,区属,8,文本解码,【徐汇】【2024】名额到校招生计划.pdf,1
2024,徐汇区,上海市中国中学,044103,上海市南洋模范中学,042008,区属,10,文本解码,【徐汇】【2024】名额到校招生计划.pdf,1
2024,徐汇区,上海市中国中学,044103,上海市位育中学,042035,区属,9,文本解码,【徐汇】【2024】名额到校招生计划.pdf,1
2024,徐汇区,上海市中国中学,044103,复旦大学附属中学徐汇分校,042036,区属,4,文本解码,【徐汇】【2024】名额到校招生计划.pdf,1
2024,徐汇区,上海市中国中学,044103,上海市南洋中学,043015,区属,8,文本解码,【徐汇】【2024】名额到校招生计划.pdf,1
2024,徐汇区,上海市中国中学,044103,上海市上海中学,042032,委属,0,文本解码,【徐汇】【2024】名额到校招生计划.pdf,1
2024,徐汇区,上海市中国中学,044103,上海交通大学附属中学,102056,委属,0,文本解码,【徐汇】【2024】名额到校招生计划.pdf,1
2024,徐汇区,上海市中国中学,044103,复旦大学附属中学,102057,委属,1,文本解码,【徐汇】【2024】名额到校招生计划.pdf,1
2024,徐汇区,上海市中国中学,044103,华东师范大学第二附属中学,152003,委属,0,文本解码,【徐汇】【2024】名额到校招生计划.pdf,1
2024,徐汇区,上海市中国中学,044103,上海师范大学附属中学,152006,委属,1,文本解码,【徐汇】【2024】名额到校招生计划.pdf,1
2024,徐汇区,上海市第五十四中学,044107,上海市第二中学,042001,区属,2,文本解码,【徐汇】【2024】名额到校招生计划.pdf,1
2024,徐汇区,上海市第五十四中学,044107,上海市南洋模范中学,042008,区属,3,文本解码,【徐汇】【2024】名额到校招生计划.pdf,1
2024,徐汇区,上海市第五十四中学,044107,上海市位育中学,042035,区属,5,文本解码,【徐汇】【2024】名额到校招生计划.pdf,1
2024,徐汇区,上海市第五十四中学,044107,复旦大学附属中学徐汇分校,042036,区属,1,文本解码,【徐汇】【2024】名额到校招生计划.pdf,1
2024,徐汇区,上海市第五十四中学,044107,上海市南洋中学,043015,区属,2,文本解码,【徐汇】【2024】名额到校招生计划.pdf,1
2024,徐汇区,上海市第五十四中学,044107,上海市上海中学,042032,委属,0,文本解码,【徐汇】【2024】名额到校招生计划.pdf,1
2024,徐汇区,上海市第五十四中学,044107,上海交通大学附属中学,102056,委属,0,文本解码,【徐汇】【2024】名额到校招生计划.pdf,1
2024,徐汇区,上海市第五十四中学,044107,复旦大学附属中学,102057,委属,0,文本解码,【徐汇】【2024】名额到校招生计划.pdf,1
2024,徐汇区,上海市第五十四中学,044107,华东师范大学第二附属中学,152003,委属,0,文本解码,【徐汇】【2024】名额到校招生计划.pdf,1
2024,徐汇区,上海市第五十四中学,044107,上海师范大学附属中学,152006,委属,0,文本解码,【徐汇】【2024】名额到校招生计划.pdf,1
2024,徐汇区,上海市徐汇中学,044109,上海市第二中学,042001,区属,9,文本解码,【徐汇】【2024】名额到校招生计划.pdf,1
2024,徐汇区,上海市徐汇中学,044109,上海市南洋模范中学,042008,区属,11,文本解码,【徐汇】【2024】名额到校招生计划.pdf,1
2024,徐汇区,上海市徐汇中学,044109,上海市位育中学,042035,区属,12,文本解码,【徐汇】【2024】名额到校招生计划.pdf,1
2024,徐汇区,上海市徐汇中学,044109,复旦大学附属中学徐汇分校,042036,区属,4,文本解码,【徐汇】【2024】名额到校招生计划.pdf,1
2024,徐汇区,上海市徐汇中学,044109,上海市南洋中学,043015,区属,10,文本解码,【徐汇】【2024】名额到校招生计划.pdf,1
2024,徐汇区,上海市徐汇中学,044109,上海市上海中学,042032,委属,1,文本解码,【徐汇】【2024】名额到校招生计划.pdf,1
2024,徐汇区,上海市徐汇中学,044109,上海交通大学附属中学,102056,委属,0,文本解码,【徐汇】【2024】名额到校招生计划.pdf,1
2024,徐汇区,上海市徐汇中学,044109,复旦大学附属中学,102057,委属,0,文本解码,【徐汇】【2024】名额到校招生计划.pdf,1
2024,徐汇区,上海市徐汇中学,044109,华东师范大学第二附属中学,152003,委属,0,文本解码,【徐汇】【2024】名额到校招生计划.pdf,1
2024,徐汇区,上海市徐汇中学,044109,上海师范大学附属中学,152006,委属,1,文本解码,【徐汇】【2024】名额到校招生计划.pdf,1
2024,徐汇区,徐汇南校,044110,上海市第二中学,042001,区属,6,文本解码,【徐汇】【2024】名额到校招生计划.pdf,1
2024,徐汇区,徐汇南校,044110,上海市南洋模范中学,042008,区属,7,文本解码,【徐汇】【2024】名额到校招生计划.pdf,1
2024,徐汇区,徐汇南校,044110,上海市位育中学,042035,区属,9,文本解码,【徐汇】【2024】名额到校招生计划.pdf,1
2024,徐汇区,徐汇南校,044110,复旦大学附属中学徐汇分校,042036,区属,1,文本解码,【徐汇】【2024】名额到校招生计划.pdf,1
2024,徐汇区,徐汇南校,044110,上海市南洋中学,043015,区属,7,文本解码,【徐汇】【2024】名额到校招生计划.pdf,1
2024,徐汇区,徐汇南校,044110,上海市上海中学,042032,委属,0,文本解码,【徐汇】【2024】名额到校招生计划.pdf,1
2024,徐汇区,徐汇南校,044110,上海交通大学附属中学,102056,委属,0,文本解码,【徐汇】【2024】名额到校招生计划.pdf,1
2024,徐汇区,徐汇南校,044110,复旦大学附属中学,102057,委属,0,文本解码,【徐汇】【2024】名额到校招生计划.pdf,1
2024,徐汇区,徐汇南校,044110,华东师范大学第二附属中学,152003,委属,1,文本解码,【徐汇】【2024】名额到校招生计划.pdf,1
2024,徐汇区,徐汇南校,044110,上海师范大学附属中学,152006,委属,0,文本解码,【徐汇】【2024】名额到校招生计划.pdf,1
2024,徐汇区,上海市第四中学,044111,上海市第二中学,042001,区属,10,文本解码,【徐汇】【2024】名额到校招生计划.pdf,1
2024,徐汇区,上海市第四中学,044111,上海市南洋模范中学,042008,区属,10,文本解码,【徐汇】【2024】名额到校招生计划.pdf,1
2024,徐汇区,上海市第四中学,044111,上海市位育中学,042035,区属,11,文本解码,【徐汇】【2024】名额到校招生计划.pdf,1
2024,徐汇区,上海市第四中学,044111,复旦大学附属中学徐汇分校,042036,区属,1,文本解码,【徐汇】【2024】名额到校招生计划.pdf,1
2024,徐汇区,上海市第四中学,044111,上海市南洋中学,043015,区属,9,文本解码,【徐汇】【2024】名额到校招生计划.pdf,1
2024,徐汇区,上海市第四中学,044111,上海市上海中学,042032,委属,2,文本解码,【徐汇】【2024】名额到校招生计划.pdf,1
2024,徐汇区,上海市第四中学,044111,上海交通大学附属中学,102056,委属,0,文本解码,【徐汇】【2024】名额到校招生计划.pdf,1
2024,徐汇区,上海市第四中学,044111,复旦大学附属中学,102057,委属,0,文本解码,【徐汇】【2024】名额到校招生计划.pdf,1
2024,徐汇区,上海市第四中学,044111,华东师范大学第二附属中学,152003,委属,1,文本解码,【徐汇】【2024】名额到校招生计划.pdf,1
2024,徐汇区,上海市第四中学,044111,上海师范大学附属中学,152006,委属,0,文本解码,【徐汇】【2024】名额到校招生计划.pdf,1
2024,徐汇区,上海市零陵中学,044114,上海市第二中学,042001,区属,3,文本解码,【徐汇】【2024】名额到校招生计划.pdf,1
2024,徐汇区,上海市零陵中学,044114,上海市南洋模范中学,042008,区属,3,文本解码,【徐汇】【2024】名额到校招生计划.pdf,1
2024,徐汇区,上海市零陵中学,044114,上海市位育中学,042035,区属,3,文本解码,【徐汇】【2024】名额到校招生计划.pdf,1
2024,徐汇区,上海市零陵中学,044114,复旦大学附属中学徐汇分校,042036,区属,2,文本解码,【徐汇】【2024】名额到校招生计划.pdf,1
2024,徐汇区,上海市零陵中学,044114,上海市南洋中学,043015,区属,4,文本解码,【徐汇】【2024】名额到校招生计划.pdf,1
2024,徐汇区,上海市零陵中学,044114,上海市上海中学,042032,委属,1,文本解码,【徐汇】【2024】名额到校招生计划.pdf,1
2024,徐汇区,上海市零陵中学,044114,上海交通大学附属中学,102056,委属,0,文本解码,【徐汇】【2024】名额到校招生计划.pdf,1
2024,徐汇区,上海市零陵中学,044114,复旦大学附属中学,102057,委属,0,文本解码,【徐汇】【2024】名额到校招生计划.pdf,1
2024,徐汇区,上海市零陵中学,044114,华东师范大学第二附属中学,152003,委属,0,文本解码,【徐汇】【2024】名额到校招生计划.pdf,1
2024,徐汇区,上海市零陵中学,044114,上海师范大学附属中学,152006,委属,0,文本解码,【徐汇】【2024】名额到校招生计划.pdf,1
2024,徐汇区,上海师大附中附属龙华中学,044125,上海市第二中学,042001,区属,3,文本解码,【徐汇】【2024】名额到校招生计划.pdf,1
2024,徐汇区,上海师大附中附属龙华中学,044125,上海市南洋模范中学,042008,区属,2,文本解码,【徐汇】【2024】名额到校招生计划.pdf,1
2024,徐汇区,上海师大附中附属龙华中学,044125,上海市位育中学,042035,区属,2,文本解码,【徐汇】【2024】名额到校招生计划.pdf,1
2024,徐汇区,上海师大附中附属龙华中学,044125,复旦大学附属中学徐汇分校,042036,区属,1,文本解码,【徐汇】【2024】名额到校招生计划.pdf,1
2024,徐汇区,上海师大附中附属龙华中学,044125,上海市南洋中学,043015,区属,2,文本解码,【徐汇】【2024】名额到校招生计划.pdf,1
2024,徐汇区,上海师大附中附属龙华中学,044125,上海市上海中学,042032,委属,1,文本解码,【徐汇】【2024】名额到校招生计划.pdf,1
2024,徐汇区,上海师大附中附属龙华中学,044125,上海交通大学附属中学,102056,委属,0,文本解码,【徐汇】【2024】名额到校招生计划.pdf,1
2024,徐汇区,上海师大附中附属龙华中学,044125,复旦大学附属中学,102057,委属,0,文本解码,【徐汇】【2024】名额到校招生计划.pdf,1
2024,徐汇区,上海师大附中附属龙华中学,044125,华东师范大学第二附属中学,152003,委属,0,文本解码,【徐汇】【2024】名额到校招生计划.pdf,1
2024,徐汇区,上海师大附中附属龙华中学,044125,上海师范大学附属中学,152006,委属,0,文本解码,【徐汇】【2024】名额到校招生计划.pdf,1
2024,徐汇区,华东理工大学附属中学,044133,上海市第二中学,042001,区属,5,文本解码,【徐汇】【2024】名额到校招生计划.pdf,1
2024,徐汇区,华东理工大学附属中学,044133,上海市南洋模范中学,042008,区属,7,文本解码,【徐汇】【2024】名额到校招生计划.pdf,1
2024,徐汇区,华东理工大学附属中学,044133,上海市位育中学,042035,区属,9,文本解码,【徐汇】【2024】名额到校招生计划.pdf,1
2024,徐汇区,华东理工大学附属中学,044133,复旦大学附属中学徐汇分校,042036,区属,3,文本解码,【徐汇】【2024】名额到校招生计划.pdf,1
2024,徐汇区,华东理工大学附属中学,044133,上海市南洋中学,043015,区属,5,文本解码,【徐汇】【2024】名额到校招生计划.pdf,1
2024,徐汇区,华东理工大学附属中学,044133,上海市上海中学,042032,委属,1,文本解码,【徐汇】【2024】名额到校招生计划.pdf,1
2024,徐汇区,华东理工大学附属中学,044133,上海交通大学附属中学,102056,委属,0,文本解码,【徐汇】【2024】名额到校招生计划.pdf,1
2024,徐汇区,华东理工大学附属中学,044133,复旦大学附属中学,102057,委属,0,文本解码,【徐汇】【2024】名额到校招生计划.pdf,1
2024,徐汇区,华东理工大学附属中学,044133,华东师范大学第二附属中学,152003,委属,0,文本解码,【徐汇】【2024】名额到校招生计划.pdf,1
2024,徐汇区,华东理工大学附属中学,044133,上海师范大学附属中学,152006,委属,0,文本解码,【徐汇】【2024】名额到校招生计划.pdf,1
2024,徐汇区,上海市西南位育中学,044162,上海市第二中学,042001,区属,10,文本解码,【徐汇】【2024】名额到校招生计划.pdf,1
2024,徐汇区,上海市西南位育中学,044162,上海市南洋模范中学,042008,区属,13,文本解码,【徐汇】【2024】名额到校招生计划.pdf,1
2024,徐汇区,上海市西南位育中学,044162,上海市位育中学,042035,区属,13,文本解码,【徐汇】【2024】名额到校招生计划.pdf,1
2024,徐汇区,上海市西南位育中学,044162,复旦大学附属中学徐汇分校,042036,区属,6,文本解码,【徐汇】【2024】名额到校招生计划.pdf,1
2024,徐汇区,上海市西南位育中学,044162,上海市南洋中学,043015,区属,10,文本解码,【徐汇】【2024】名额到校招生计划.pdf,1
2024,徐汇区,上海市西南位育中学,044162,上海市上海中学,042032,委属,2,文本解码,【徐汇】【2024】名额到校招生计划.pdf,1
2024,徐汇区,上海市西南位育中学,044162,上海交通大学附属中学,102056,委属,0,文本解码,【徐汇】【2024】名额到校招生计划.pdf,1
2024,徐汇区,上海市西南位育中学,044162,复旦大学附属中学,102057,委属,0,文本解码,【徐汇】【2024】名额到校招生计划.pdf,1
2024,徐汇区,上海市西南位育中学,044162,华东师范大学第二附属中学,152003,委属,0,文本解码,【徐汇】【2024】名额到校招生计划.pdf,1
2024,徐汇区,上海市西南位育中学,044162,上海师范大学附属中学,152006,委属,1,文本解码,【徐汇】【2024】名额到校招生计划.pdf,1
2024,徐汇区,上海市西南模范中学,044164,上海市第二中学,042001,区属,10,文本解码,【徐汇】【2024】名额到校招生计划.pdf,1
2024,徐汇区,上海市西南模范中学,044164,上海市南洋模范中学,042008,区属,12,文本解码,【徐汇】【2024】名额到校招生计划.pdf,1
2024,徐汇区,上海市西南模范中学,044164,上海市位育中学,042035,区属,13,文本解码,【徐汇】【2024】名额到校招生计划.pdf,1
2024,徐汇区,上海市西南模范中学,044164,复旦大学附属中学徐汇分校,042036,区属,5,文本解码,【徐汇】【2024】名额到校招生计划.pdf,1
2024,徐汇区,上海市西南模范中学,044164,上海市南洋中学,043015,区属,11,文本解码,【徐汇】【2024】名额到校招生计划.pdf,1
2024,徐汇区,上海市西南模范中学,044164,上海市上海中学,042032,委属,3,文本解码,【徐汇】【2024】名额到校招生计划.pdf,1
2024,徐汇区,上海市西南模范中学,044164,上海交通大学附属中学,102056,委属,0,文本解码,【徐汇】【2024】名额到校招生计划.pdf,1
2024,徐汇区,上海市西南模范中学,044164,复旦大学附属中学,102057,委属,0,文本解码,【徐汇】【2024】名额到校招生计划.pdf,1
2024,徐汇区,上海市西南模范中学,044164,华东师范大学第二附属中学,152003,委属,0,文本解码,【徐汇】【2024】名额到校招生计划.pdf,1
2024,徐汇区,上海市西南模范中学,044164,上海师范大学附属中学,152006,委属,0,文本解码,【徐汇】【2024】名额到校招生计划.pdf,1
2024,徐汇区,上海民办位育中学,044181,上海市第二中学,042001,区属,4,文本解码,【徐汇】【2024】名额到校招生计划.pdf,1
2024,徐汇区,上海民办位育中学,044181,上海市南洋模范中学,042008,区属,3,文本解码,【徐汇】【2024】名额到校招生计划.pdf,1
2024,徐汇区,上海民办位育中学,044181,上海市位育中学,042035,区属,3,文本解码,【徐汇】【2024】名额到校招生计划.pdf,1
2024,徐汇区,上海民办位育中学,044181,复旦大学附属中学徐汇分校,042036,区属,1,文本解码,【徐汇】【2024】名额到校招生计划.pdf,1
2024,徐汇区,上海民办位育中学,044181,上海市南洋中学,043015,区属,2,文本解码,【徐汇】【2024】名额到校招生计划.pdf,1
2024,徐汇区,上海民办位育中学,044181,上海市上海中学,042032,委属,0,文本解码,【徐汇】【2024】名额到校招生计划.pdf,1
2024,徐汇区,上海民办位育中学,044181,上海交通大学附属中学,102056,委属,0,文本解码,【徐汇】【2024】名额到校招生计划.pdf,1
2024,徐汇区,上海民办位育中学,044181,复旦大学附属中学,102057,委属,0,文本解码,【徐汇】【2024】名额到校招生计划.pdf,1
2024,徐汇区,上海民办位育中学,044181,华东师范大学第二附属中学,152003,委属,0,文本解码,【徐汇】【2024】名额到校招生计划.pdf,1
2024,徐汇区,上海民办位育中学,044181,上海师范大学附属中学,152006,委属,1,文本解码,【徐汇】【2024】名额到校招生计划.pdf,1
2024,徐汇区,上海民办南模中学,044182,上海市第二中学,042001,区属,2,文本解码,【徐汇】【2024】名额到校招生计划.pdf,1
2024,徐汇区,上海民办南模中学,044182,上海市南洋模范中学,042008,区属,3,文本解码,【徐汇】【2024】名额到校招生计划.pdf,1
2024,徐汇区,上海民办南模中学,044182,上海市位育中学,042035,区属,3,文本解码,【徐汇】【2024】名额到校招生计划.pdf,1
2024,徐汇区,上海民办南模中学,044182,复旦大学附属中学徐汇分校,042036,区属,2,文本解码,【徐汇】【2024】名额到校招生计划.pdf,1
2024,徐汇区,上海民办南模中学,044182,上海市南洋中学,043015,区属,2,文本解码,【徐汇】【2024】名额到校招生计划.pdf,1
2024,徐汇区,上海民办南模中学,044182,上海市上海中学,042032,委属,0,文本解码,【徐汇】【2024】名额到校招生计划.pdf,1
2024,徐汇区,上海民办南模中学,044182,上海交通大学附属中学,102056,委属,0,文本解码,【徐汇】【2024】名额到校招生计划.pdf,1
2024,徐汇区,上海民办南模中学,044182,复旦大学附属中学,102057,委属,0,文本解码,【徐汇】【2024】名额到校招生计划.pdf,1
2024,徐汇区,上海民办南模中学,044182,华东师范大学第二附属中学,152003,委属,0,文本解码,【徐汇】【2024】名额到校招生计划.pdf,1
2024,徐汇区,上海民办南模中学,044182,上海师范大学附属中学,152006,委属,0,文本解码,【徐汇】【2024】名额到校招生计划.pdf,1
2024,徐汇区,上海市位育实验学校,045304,上海市第二中学,042001,区属,1,文本解码,【徐汇】【2024】名额到校招生计划.pdf,1
2024,徐汇区,上海市位育实验学校,045304,上海市南洋模范中学,042008,区属,1,文本解码,【徐汇】【2024】名额到校招生计划.pdf,1
2024,徐汇区,上海市位育实验学校,045304,上海市位育中学,042035,区属,2,文本解码,【徐汇】【2024】名额到校招生计划.pdf,1
2024,徐汇区,上海市位育实验学校,045304,复旦大学附属中学徐汇分校,042036,区属,2,文本解码,【徐汇】【2024】名额到校招生计划.pdf,1
2024,徐汇区,上海市位育实验学校,045304,上海市南洋中学,043015,区属,2,文本解码,【徐汇】【2024】名额到校招生计划.pdf,1
2024,徐汇区,上海市位育实验学校,045304,上海市上海中学,042032,委属,0,文本解码,【徐汇】【2024】名额到校招生计划.pdf,1
2024,徐汇区,上海市位育实验学校,045304,上海交通大学附属中学,102056,委属,0,文本解码,【徐汇】【2024】名额到校招生计划.pdf,1
2024,徐汇区,上海市位育实验学校,045304,复旦大学附属中学,102057,委属,0,文本解码,【徐汇】【2024】名额到校招生计划.pdf,1
2024,徐汇区,上海市位育实验学校,045304,华东师范大学第二附属中学,152003,委属,0,文本解码,【徐汇】【2024】名额到校招生计划.pdf,1
2024,徐汇区,上海市位育实验学校,045304,上海师范大学附属中学,152006,委属,0,文本解码,【徐汇】【2024】名额到校招生计划.pdf,1
2024,徐汇区,上海师范大学第三附属实验学校,045444,上海市第二中学,042001,区属,4,文本解码,【徐汇】【2024】名额到校招生计划.pdf,1
2024,徐汇区,上海师范大学第三附属实验学校,045444,上海市南洋模范中学,042008,区属,5,文本解码,【徐汇】【2024】名额到校招生计划.pdf,1
2024,徐汇区,上海师范大学第三附属实验学校,045444,上海市位育中学,042035,区属,4,文本解码,【徐汇】【2024】名额到校招生计划.pdf,1
2024,徐汇区,上海师范大学第三附属实验学校,045444,复旦大学附属中学徐汇分校,042036,区属,3,文本解码,【徐汇】【2024】名额到校招生计划.pdf,1
2024,徐汇区,上海师范大学第三附属实验学校,045444,上海市南洋中学,043015,区属,3,文本解码,【徐汇】【2024】名额到校招生计划.pdf,1
2024,徐汇区,上海师范大学第三附属实验学校,045444,上海市上海中学,042032,委属,1,文本解码,【徐汇】【2024】名额到校招生计划.pdf,1
2024,徐汇区,上海师范大学第三附属实验学校,045444,上海交通大学附属中学,102056,委属,0,文本解码,【徐汇】【2024】名额到校招生计划.pdf,1
2024,徐汇区,上海师范大学第三附属实验学校,045444,复旦大学附属中学,102057,委属,0,文本解码,【徐汇】【2024】名额到校招生计划.pdf,1
2024,徐汇区,上海师范大学第三附属实验学校,045444,华东师范大学第二附属中学,152003,委属,0,文本解码,【徐汇】【2024】名额到校招生计划.pdf,1
2024,徐汇区,上海师范大学第三附属实验学校,045444,上海师范大学附属中学,152006,委属,0,文本解码,【徐汇】【2024】名额到校招生计划.pdf,1
2025,徐汇区,上海市位育初级中学,041302,上海市南洋模范中学,042008,区属,10,截图转录,【徐汇】【2025】名额到校招生计划.pdf,截图
2025,徐汇区,上海市位育初级中学,041302,上海市位育中学,042035,区属,9,截图转录,【徐汇】【2025】名额到校招生计划.pdf,截图
2025,徐汇区,上海市位育初级中学,041302,上海市第二中学,042001,区属,8,截图转录,【徐汇】【2025】名额到校招生计划.pdf,截图
2025,徐汇区,上海市位育初级中学,041302,上海市南洋中学,043015,区属,8,截图转录,【徐汇】【2025】名额到校招生计划.pdf,截图
2025,徐汇区,上海市位育初级中学,041302,复旦大学附属中学徐汇分校,042036,区属,3,截图转录,【徐汇】【2025】名额到校招生计划.pdf,截图
2025,徐汇区,上海市第二初级中学,041305,上海市南洋模范中学,042008,区属,6,截图转录,【徐汇】【2025】名额到校招生计划.pdf,截图
2025,徐汇区,上海市第二初级中学,041305,上海市位育中学,042035,区属,6,截图转录,【徐汇】【2025】名额到校招生计划.pdf,截图
2025,徐汇区,上海市第二初级中学,041305,上海市第二中学,042001,区属,5,截图转录,【徐汇】【2025】名额到校招生计划.pdf,截图
2025,徐汇区,上海市第二初级中学,041305,上海市南洋中学,043015,区属,5,截图转录,【徐汇】【2025】名额到校招生计划.pdf,截图
2025,徐汇区,上海市第二初级中学,041305,复旦大学附属中学徐汇分校,042036,区属,3,截图转录,【徐汇】【2025】名额到校招生计划.pdf,截图
2025,徐汇区,上海市南洋模范初级中学,041306,上海市南洋模范中学,042008,区属,10,截图转录,【徐汇】【2025】名额到校招生计划.pdf,截图
2025,徐汇区,上海市南洋模范初级中学,041306,上海市位育中学,042035,区属,10,截图转录,【徐汇】【2025】名额到校招生计划.pdf,截图
2025,徐汇区,上海市南洋模范初级中学,041306,上海市第二中学,042001,区属,10,截图转录,【徐汇】【2025】名额到校招生计划.pdf,截图
2025,徐汇区,上海市南洋模范初级中学,041306,上海市南洋中学,043015,区属,9,截图转录,【徐汇】【2025】名额到校招生计划.pdf,截图
2025,徐汇区,上海市南洋模范初级中学,041306,复旦大学附属中学徐汇分校,042036,区属,3,截图转录,【徐汇】【2025】名额到校招生计划.pdf,截图
2025,徐汇区,上海市南洋初级中学,041316,上海市南洋模范中学,042008,区属,7,截图转录,【徐汇】【2025】名额到校招生计划.pdf,截图
2025,徐汇区,上海市南洋初级中学,041316,上海市位育中学,042035,区属,7,截图转录,【徐汇】【2025】名额到校招生计划.pdf,截图
2025,徐汇区,上海市南洋初级中学,041316,上海市第二中学,042001,区属,7,截图转录,【徐汇】【2025】名额到校招生计划.pdf,截图
2025,徐汇区,上海市南洋初级中学,041316,上海市南洋中学,043015,区属,6,截图转录,【徐汇】【2025】名额到校招生计划.pdf,截图
2025,徐汇区,上海市南洋初级中学,041316,复旦大学附属中学徐汇分校,042036,区属,3,截图转录,【徐汇】【2025】名额到校招生计划.pdf,截图
2025,徐汇区,上海市田林中学,041318,上海市南洋模范中学,042008,区属,6,截图转录,【徐汇】【2025】名额到校招生计划.pdf,截图
2025,徐汇区,上海市田林中学,041318,上海市位育中学,042035,区属,4,截图转录,【徐汇】【2025】名额到校招生计划.pdf,截图
2025,徐汇区,上海市田林中学,041318,上海市第二中学,042001,区属,3,截图转录,【徐汇】【2025】名额到校招生计划.pdf,截图
2025,徐汇区,上海市田林中学,041318,上海市南洋中学,043015,区属,3,截图转录,【徐汇】【2025】名额到校招生计划.pdf,截图
2025,徐汇区,上海市田林中学,041318,复旦大学附属中学徐汇分校,042036,区属,1,截图转录,【徐汇】【2025】名额到校招生计划.pdf,截图
2025,徐汇区,上海市田林第二中学,041319,上海市南洋模范中学,042008,区属,4,截图转录,【徐汇】【2025】名额到校招生计划.pdf,截图
2025,徐汇区,上海市田林第二中学,041319,上海市位育中学,042035,区属,3,截图转录,【徐汇】【2025】名额到校招生计划.pdf,截图
2025,徐汇区,上海市田林第二中学,041319,上海市第二中学,042001,区属,3,截图转录,【徐汇】【2025】名额到校招生计划.pdf,截图
2025,徐汇区,上海市田林第二中学,041319,上海市南洋中学,043015,区属,4,截图转录,【徐汇】【2025】名额到校招生计划.pdf,截图
2025,徐汇区,上海市田林第二中学,041319,复旦大学附属中学徐汇分校,042036,区属,1,截图转录,【徐汇】【2025】名额到校招生计划.pdf,截图
2025,徐汇区,上海市田林第三中学,041320,上海市南洋模范中学,042008,区属,12,截图转录,【徐汇】【2025】名额到校招生计划.pdf,截图
2025,徐汇区,上海市田林第三中学,041320,上海市位育中学,042035,区属,11,截图转录,【徐汇】【2025】名额到校招生计划.pdf,截图
2025,徐汇区,上海市田林第三中学,041320,上海市第二中学,042001,区属,11,截图转录,【徐汇】【2025】名额到校招生计划.pdf,截图
2025,徐汇区,上海市田林第三中学,041320,上海市南洋中学,043015,区属,10,截图转录,【徐汇】【2025】名额到校招生计划.pdf,截图
2025,徐汇区,上海市田林第三中学,041320,复旦大学附属中学徐汇分校,042036,区属,4,截图转录,【徐汇】【2025】名额到校招生计划.pdf,截图
2025,徐汇区,上海市龙苑中学,041326,上海市南洋模范中学,042008,区属,1,截图转录,【徐汇】【2025】名额到校招生计划.pdf,截图
2025,徐汇区,上海市龙苑中学,041326,上海市位育中学,042035,区属,2,截图转录,【徐汇】【2025】名额到校招生计划.pdf,截图
2025,徐汇区,上海市龙苑中学,041326,上海市第二中学,042001,区属,1,截图转录,【徐汇】【2025】名额到校招生计划.pdf,截图
2025,徐汇区,上海市龙苑中学,041326,上海市南洋中学,043015,区属,1,截图转录,【徐汇】【2025】名额到校招生计划.pdf,截图
2025,徐汇区,上海市龙苑中学,041326,复旦大学附属中学徐汇分校,042036,区属,1,截图转录,【徐汇】【2025】名额到校招生计划.pdf,截图
2025,徐汇区,上海市徐汇区教育学院附属实验中学,041327,上海市南洋模范中学,042008,区属,10,截图转录,【徐汇】【2025】名额到校招生计划.pdf,截图
2025,徐汇区,上海市徐汇区教育学院附属实验中学,041327,上海市位育中学,042035,区属,10,截图转录,【徐汇】【2025】名额到校招生计划.pdf,截图
2025,徐汇区,上海市徐汇区教育学院附属实验中学,041327,上海市第二中学,042001,区属,7,截图转录,【徐汇】【2025】名额到校招生计划.pdf,截图
2025,徐汇区,上海市徐汇区教育学院附属实验中学,041327,上海市南洋中学,043015,区属,9,截图转录,【徐汇】【2025】名额到校招生计划.pdf,截图
2025,徐汇区,上海市徐汇区教育学院附属实验中学,041327,复旦大学附属中学徐汇分校,042036,区属,3,截图转录,【徐汇】【2025】名额到校招生计划.pdf,截图
2025,徐汇区,上海市徐汇区教育学院附属实验中学南部分校,041328,上海市南洋模范中学,042008,区属,4,截图转录,【徐汇】【2025】名额到校招生计划.pdf,截图
2025,徐汇区,上海市徐汇区教育学院附属实验中学南部分校,041328,上海市位育中学,042035,区属,4,截图转录,【徐汇】【2025】名额到校招生计划.pdf,截图
2025,徐汇区,上海市徐汇区教育学院附属实验中学南部分校,041328,上海市第二中学,042001,区属,3,截图转录,【徐汇】【2025】名额到校招生计划.pdf,截图
2025,徐汇区,上海市徐汇区教育学院附属实验中学南部分校,041328,上海市南洋中学,043015,区属,4,截图转录,【徐汇】【2025】名额到校招生计划.pdf,截图
2025,徐汇区,上海市徐汇区教育学院附属实验中学南部分校,041328,复旦大学附属中学徐汇分校,042036,区属,1,截图转录,【徐汇】【2025】名额到校招生计划.pdf,截图
2025,徐汇区,上海市园南中学,041329,上海市南洋模范中学,042008,区属,9,截图转录,【徐汇】【2025】名额到校招生计划.pdf,截图
2025,徐汇区,上海市园南中学,041329,上海市位育中学,042035,区属,9,截图转录,【徐汇】【2025】名额到校招生计划.pdf,截图
2025,徐汇区,上海市园南中学,041329,上海市第二中学,042001,区属,7,截图转录,【徐汇】【2025】名额到校招生计划.pdf,截图
2025,徐汇区,上海市园南中学,041329,上海市南洋中学,043015,区属,7,截图转录,【徐汇】【2025】名额到校招生计划.pdf,截图
2025,徐汇区,上海市园南中学,041329,复旦大学附属中学徐汇分校,042036,区属,4,截图转录,【徐汇】【2025】名额到校招生计划.pdf,截图
2025,徐汇区,上海市汾阳中学,041331,上海市南洋模范中学,042008,区属,2,截图转录,【徐汇】【2025】名额到校招生计划.pdf,截图
2025,徐汇区,上海市汾阳中学,041331,上海市位育中学,042035,区属,3,截图转录,【徐汇】【2025】名额到校招生计划.pdf,截图
2025,徐汇区,上海市汾阳中学,041331,上海市第二中学,042001,区属,1,截图转录,【徐汇】【2025】名额到校招生计划.pdf,截图
2025,徐汇区,上海市汾阳中学,041331,上海市南洋中学,043015,区属,2,截图转录,【徐汇】【2025】名额到校招生计划.pdf,截图
2025,徐汇区,上海市汾阳中学,041331,复旦大学附属中学徐汇分校,042036,区属,2,截图转录,【徐汇】【2025】名额到校招生计划.pdf,截图
2025,徐汇区,上海市梅园中学,041334,上海市南洋模范中学,042008,区属,2,截图转录,【徐汇】【2025】名额到校招生计划.pdf,截图
2025,徐汇区,上海市梅园中学,041334,上海市位育中学,042035,区属,3,截图转录,【徐汇】【2025】名额到校招生计划.pdf,截图
2025,徐汇区,上海市梅园中学,041334,上海市第二中学,042001,区属,2,截图转录,【徐汇】【2025】名额到校招生计划.pdf,截图
2025,徐汇区,上海市梅园中学,041334,上海市南洋中学,043015,区属,2,截图转录,【徐汇】【2025】名额到校招生计划.pdf,截图
2025,徐汇区,上海市梅园中学,041334,复旦大学附属中学徐汇分校,042036,区属,2,截图转录,【徐汇】【2025】名额到校招生计划.pdf,截图
2025,徐汇区,上海市紫阳中学,041336,上海市南洋模范中学,042008,区属,6,截图转录,【徐汇】【2025】名额到校招生计划.pdf,截图
2025,徐汇区,上海市紫阳中学,041336,上海市位育中学,042035,区属,6,截图转录,【徐汇】【2025】名额到校招生计划.pdf,截图
2025,徐汇区,上海市紫阳中学,041336,上海市第二中学,042001,区属,4,截图转录,【徐汇】【2025】名额到校招生计划.pdf,截图
2025,徐汇区,上海市紫阳中学,041336,上海市南洋中学,043015,区属,4,截图转录,【徐汇】【2025】名额到校招生计划.pdf,截图
2025,徐汇区,上海市紫阳中学,041336,复旦大学附属中学徐汇分校,042036,区属,1,截图转录,【徐汇】【2025】名额到校招生计划.pdf,截图
2025,徐汇区,上海市康健外国语实验中学,041347,上海市南洋模范中学,042008,区属,7,截图转录,【徐汇】【2025】名额到校招生计划.pdf,截图
2025,徐汇区,上海市康健外国语实验中学,041347,上海市位育中学,042035,区属,7,截图转录,【徐汇】【2025】名额到校招生计划.pdf,截图
2025,徐汇区,上海市康健外国语实验中学,041347,上海市第二中学,042001,区属,6,截图转录,【徐汇】【2025】名额到校招生计划.pdf,截图
2025,徐汇区,上海市康健外国语实验中学,041347,上海市南洋中学,043015,区属,8,截图转录,【徐汇】【2025】名额到校招生计划.pdf,截图
2025,徐汇区,上海市康健外国语实验中学,041347,复旦大学附属中学徐汇分校,042036,区属,2,截图转录,【徐汇】【2025】名额到校招生计划.pdf,截图
2025,徐汇区,上海市世外中学,041363,上海市南洋模范中学,042008,区属,9,截图转录,【徐汇】【2025】名额到校招生计划.pdf,截图
2025,徐汇区,上海市世外中学,041363,上海市位育中学,042035,区属,9,截图转录,【徐汇】【2025】名额到校招生计划.pdf,截图
2025,徐汇区,上海市世外中学,041363,上海市第二中学,042001,区属,10,截图转录,【徐汇】【2025】名额到校招生计划.pdf,截图
2025,徐汇区,上海市世外中学,041363,上海市南洋中学,043015,区属,8,截图转录,【徐汇】【2025】名额到校招生计划.pdf,截图
2025,徐汇区,上海市世外中学,041363,复旦大学附属中学徐汇分校,042036,区属,4,截图转录,【徐汇】【2025】名额到校招生计划.pdf,截图
2025,徐汇区,上海市民办华育中学,041385,上海市南洋模范中学,042008,区属,10,截图转录,【徐汇】【2025】名额到校招生计划.pdf,截图
2025,徐汇区,上海市民办华育中学,041385,上海市位育中学,042035,区属,9,截图转录,【徐汇】【2025】名额到校招生计划.pdf,截图
2025,徐汇区,上海市民办华育中学,041385,上海市第二中学,042001,区属,8,截图转录,【徐汇】【2025】名额到校招生计划.pdf,截图
2025,徐汇区,上海市民办华育中学,041385,上海市南洋中学,043015,区属,8,截图转录,【徐汇】【2025】名额到校招生计划.pdf,截图
2025,徐汇区,上海市民办华育中学,041385,复旦大学附属中学徐汇分校,042036,区属,2,截图转录,【徐汇】【2025】名额到校招生计划.pdf,截图
2025,徐汇区,上海市中国中学,044103,上海市南洋模范中学,042008,区属,8,截图转录,【徐汇】【2025】名额到校招生计划.pdf,截图
2025,徐汇区,上海市中国中学,044103,上海市位育中学,042035,区属,9,截图转录,【徐汇】【2025】名额到校招生计划.pdf,截图
2025,徐汇区,上海市中国中学,044103,上海市第二中学,042001,区属,8,截图转录,【徐汇】【2025】名额到校招生计划.pdf,截图
2025,徐汇区,上海市中国中学,044103,上海市南洋中学,043015,区属,7,截图转录,【徐汇】【2025】名额到校招生计划.pdf,截图
2025,徐汇区,上海市中国中学,044103,复旦大学附属中学徐汇分校,042036,区属,4,截图转录,【徐汇】【2025】名额到校招生计划.pdf,截图
2025,徐汇区,上海市第五十四中学,044107,上海市南洋模范中学,042008,区属,4,截图转录,【徐汇】【2025】名额到校招生计划.pdf,截图
2025,徐汇区,上海市第五十四中学,044107,上海市位育中学,042035,区属,3,截图转录,【徐汇】【2025】名额到校招生计划.pdf,截图
2025,徐汇区,上海市第五十四中学,044107,上海市第二中学,042001,区属,2,截图转录,【徐汇】【2025】名额到校招生计划.pdf,截图
2025,徐汇区,上海市第五十四中学,044107,上海市南洋中学,043015,区属,4,截图转录,【徐汇】【2025】名额到校招生计划.pdf,截图
2025,徐汇区,上海市第五十四中学,044107,复旦大学附属中学徐汇分校,042036,区属,1,截图转录,【徐汇】【2025】名额到校招生计划.pdf,截图
2025,徐汇区,上海市徐汇中学,044109,上海市南洋模范中学,042008,区属,12,截图转录,【徐汇】【2025】名额到校招生计划.pdf,截图
2025,徐汇区,上海市徐汇中学,044109,上海市位育中学,042035,区属,13,截图转录,【徐汇】【2025】名额到校招生计划.pdf,截图
2025,徐汇区,上海市徐汇中学,044109,上海市第二中学,042001,区属,10,截图转录,【徐汇】【2025】名额到校招生计划.pdf,截图
2025,徐汇区,上海市徐汇中学,044109,上海市南洋中学,043015,区属,11,截图转录,【徐汇】【2025】名额到校招生计划.pdf,截图
2025,徐汇区,上海市徐汇中学,044109,复旦大学附属中学徐汇分校,042036,区属,4,截图转录,【徐汇】【2025】名额到校招生计划.pdf,截图
2025,徐汇区,徐汇南校,044110,上海市南洋模范中学,042008,区属,9,截图转录,【徐汇】【2025】名额到校招生计划.pdf,截图
2025,徐汇区,徐汇南校,044110,上海市位育中学,042035,区属,7,截图转录,【徐汇】【2025】名额到校招生计划.pdf,截图
2025,徐汇区,徐汇南校,044110,上海市第二中学,042001,区属,6,截图转录,【徐汇】【2025】名额到校招生计划.pdf,截图
2025,徐汇区,徐汇南校,044110,上海市南洋中学,043015,区属,6,截图转录,【徐汇】【2025】名额到校招生计划.pdf,截图
2025,徐汇区,徐汇南校,044110,复旦大学附属中学徐汇分校,042036,区属,2,截图转录,【徐汇】【2025】名额到校招生计划.pdf,截图
2025,徐汇区,上海市第四中学,044111,上海市南洋模范中学,042008,区属,11,截图转录,【徐汇】【2025】名额到校招生计划.pdf,截图
2025,徐汇区,上海市第四中学,044111,上海市位育中学,042035,区属,11,截图转录,【徐汇】【2025】名额到校招生计划.pdf,截图
2025,徐汇区,上海市第四中学,044111,上海市第二中学,042001,区属,9,截图转录,【徐汇】【2025】名额到校招生计划.pdf,截图
2025,徐汇区,上海市第四中学,044111,上海市南洋中学,043015,区属,10,截图转录,【徐汇】【2025】名额到校招生计划.pdf,截图
2025,徐汇区,上海市第四中学,044111,复旦大学附属中学徐汇分校,042036,区属,1,截图转录,【徐汇】【2025】名额到校招生计划.pdf,截图
2025,徐汇区,上海市零陵中学,044114,上海市南洋模范中学,042008,区属,4,截图转录,【徐汇】【2025】名额到校招生计划.pdf,截图
2025,徐汇区,上海市零陵中学,044114,上海市位育中学,042035,区属,3,截图转录,【徐汇】【2025】名额到校招生计划.pdf,截图
2025,徐汇区,上海市零陵中学,044114,上海市第二中学,042001,区属,3,截图转录,【徐汇】【2025】名额到校招生计划.pdf,截图
2025,徐汇区,上海市零陵中学,044114,上海市南洋中学,043015,区属,5,截图转录,【徐汇】【2025】名额到校招生计划.pdf,截图
2025,徐汇区,上海市零陵中学,044114,复旦大学附属中学徐汇分校,042036,区属,1,截图转录,【徐汇】【2025】名额到校招生计划.pdf,截图
2025,徐汇区,华东理工大学附属中学,044133,上海市南洋模范中学,042008,区属,7,截图转录,【徐汇】【2025】名额到校招生计划.pdf,截图
2025,徐汇区,华东理工大学附属中学,044133,上海市位育中学,042035,区属,7,截图转录,【徐汇】【2025】名额到校招生计划.pdf,截图
2025,徐汇区,华东理工大学附属中学,044133,上海市第二中学,042001,区属,5,截图转录,【徐汇】【2025】名额到校招生计划.pdf,截图
2025,徐汇区,华东理工大学附属中学,044133,上海市南洋中学,043015,区属,6,截图转录,【徐汇】【2025】名额到校招生计划.pdf,截图
2025,徐汇区,华东理工大学附属中学,044133,复旦大学附属中学徐汇分校,042036,区属,2,截图转录,【徐汇】【2025】名额到校招生计划.pdf,截图
2025,徐汇区,上海市西南位育中学,044162,上海市南洋模范中学,042008,区属,12,截图转录,【徐汇】【2025】名额到校招生计划.pdf,截图
2025,徐汇区,上海市西南位育中学,044162,上海市位育中学,042035,区属,13,截图转录,【徐汇】【2025】名额到校招生计划.pdf,截图
2025,徐汇区,上海市西南位育中学,044162,上海市第二中学,042001,区属,10,截图转录,【徐汇】【2025】名额到校招生计划.pdf,截图
2025,徐汇区,上海市西南位育中学,044162,上海市南洋中学,043015,区属,13,截图转录,【徐汇】【2025】名额到校招生计划.pdf,截图
2025,徐汇区,上海市西南位育中学,044162,复旦大学附属中学徐汇分校,042036,区属,4,截图转录,【徐汇】【2025】名额到校招生计划.pdf,截图
2025,徐汇区,上海市西南模范中学,044164,上海市南洋模范中学,042008,区属,13,截图转录,【徐汇】【2025】名额到校招生计划.pdf,截图
2025,徐汇区,上海市西南模范中学,044164,上海市位育中学,042035,区属,13,截图转录,【徐汇】【2025】名额到校招生计划.pdf,截图
2025,徐汇区,上海市西南模范中学,044164,上海市第二中学,042001,区属,10,截图转录,【徐汇】【2025】名额到校招生计划.pdf,截图
2025,徐汇区,上海市西南模范中学,044164,上海市南洋中学,043015,区属,11,截图转录,【徐汇】【2025】名额到校招生计划.pdf,截图
2025,徐汇区,上海市西南模范中学,044164,复旦大学附属中学徐汇分校,042036,区属,4,截图转录,【徐汇】【2025】名额到校招生计划.pdf,截图
2025,徐汇区,上海民办位育中学,044181,上海市南洋模范中学,042008,区属,2,截图转录,【徐汇】【2025】名额到校招生计划.pdf,截图
2025,徐汇区,上海民办位育中学,044181,上海市位育中学,042035,区属,3,截图转录,【徐汇】【2025】名额到校招生计划.pdf,截图
2025,徐汇区,上海民办位育中学,044181,上海市第二中学,042001,区属,2,截图转录,【徐汇】【2025】名额到校招生计划.pdf,截图
2025,徐汇区,上海民办位育中学,044181,上海市南洋中学,043015,区属,3,截图转录,【徐汇】【2025】名额到校招生计划.pdf,截图
2025,徐汇区,上海民办位育中学,044181,复旦大学附属中学徐汇分校,042036,区属,2,截图转录,【徐汇】【2025】名额到校招生计划.pdf,截图
2025,徐汇区,上海民办南模中学,044182,上海市南洋模范中学,042008,区属,3,截图转录,【徐汇】【2025】名额到校招生计划.pdf,截图
2025,徐汇区,上海民办南模中学,044182,上海市位育中学,042035,区属,4,截图转录,【徐汇】【2025】名额到校招生计划.pdf,截图
2025,徐汇区,上海民办南模中学,044182,上海市第二中学,042001,区属,2,截图转录,【徐汇】【2025】名额到校招生计划.pdf,截图
2025,徐汇区,上海民办南模中学,044182,上海市南洋中学,043015,区属,3,截图转录,【徐汇】【2025】名额到校招生计划.pdf,截图
2025,徐汇区,上海民办南模中学,044182,复旦大学附属中学徐汇分校,042036,区属,1,截图转录,【徐汇】【2025】名额到校招生计划.pdf,截图
2025,徐汇区,上海市位育实验学校,045304,上海市南洋模范中学,042008,区属,3,截图转录,【徐汇】【2025】名额到校招生计划.pdf,截图
2025,徐汇区,上海市位育实验学校,045304,上海市位育中学,042035,区属,2,截图转录,【徐汇】【2025】名额到校招生计划.pdf,截图
2025,徐汇区,上海市位育实验学校,045304,上海市第二中学,042001,区属,3,截图转录,【徐汇】【2025】名额到校招生计划.pdf,截图
2025,徐汇区,上海市位育实验学校,045304,上海市南洋中学,043015,区属,2,截图转录,【徐汇】【2025】名额到校招生计划.pdf,截图
2025,徐汇区,上海市位育实验学校,045304,复旦大学附属中学徐汇分校,042036,区属,2,截图转录,【徐汇】【2025】名额到校招生计划.pdf,截图
2025,徐汇区,上海市徐汇区上汇实验学校,045306,上海市南洋模范中学,042008,区属,2,截图转录,【徐汇】【2025】名额到校招生计划.pdf,截图
2025,徐汇区,上海市徐汇区上汇实验学校,045306,上海市位育中学,042035,区属,2,截图转录,【徐汇】【2025】名额到校招生计划.pdf,截图
2025,徐汇区,上海市徐汇区上汇实验学校,045306,上海市第二中学,042001,区属,1,截图转录,【徐汇】【2025】名额到校招生计划.pdf,截图
2025,徐汇区,上海市徐汇区上汇实验学校,045306,上海市南洋中学,043015,区属,2,截图转录,【徐汇】【2025】名额到校招生计划.pdf,截图
2025,徐汇区,上海市徐汇区上汇实验学校,045306,复旦大学附属中学徐汇分校,042036,区属,2,截图转录,【徐汇】【2025】名额到校招生计划.pdf,截图
2025,徐汇区,上海师范大学第三附属实验学校,045444,上海市南洋模范中学,042008,区属,4,截图转录,【徐汇】【2025】名额到校招生计划.pdf,截图
2025,徐汇区,上海师范大学第三附属实验学校,045444,上海市位育中学,042035,区属,5,截图转录,【徐汇】【2025】名额到校招生计划.pdf,截图
2025,徐汇区,上海师范大学第三附属实验学校,045444,上海市第二中学,042001,区属,3,截图转录,【徐汇】【2025】名额到校招生计划.pdf,截图
2025,徐汇区,上海师范大学第三附属实验学校,045444,上海市南洋中学,043015,区属,4,截图转录,【徐汇】【2025】名额到校招生计划.pdf,截图
2025,徐汇区,上海师范大学第三附属实验学校,045444,复旦大学附属中学徐汇分校,042036,区属,3,截图转录,【徐汇】【2025】名额到校招生计划.pdf,截图
2025,徐汇区,上海市位育初级中学,041302,上海市上海中学,042032,委属,,未转录——扫描件读图无法互相印证,【徐汇】【2025】名额到校招生计划.pdf,
2025,徐汇区,上海市位育初级中学,041302,上海交通大学附属中学,102056,委属,,未转录——扫描件读图无法互相印证,【徐汇】【2025】名额到校招生计划.pdf,
2025,徐汇区,上海市位育初级中学,041302,复旦大学附属中学,102057,委属,,未转录——扫描件读图无法互相印证,【徐汇】【2025】名额到校招生计划.pdf,
2025,徐汇区,上海市位育初级中学,041302,华东师范大学第二附属中学,152003,委属,,未转录——扫描件读图无法互相印证,【徐汇】【2025】名额到校招生计划.pdf,
2025,徐汇区,上海市位育初级中学,041302,上海师范大学附属中学,152006,委属,,未转录——扫描件读图无法互相印证,【徐汇】【2025】名额到校招生计划.pdf,
2025,徐汇区,上海市第二初级中学,041305,上海市上海中学,042032,委属,,未转录——扫描件读图无法互相印证,【徐汇】【2025】名额到校招生计划.pdf,
2025,徐汇区,上海市第二初级中学,041305,上海交通大学附属中学,102056,委属,,未转录——扫描件读图无法互相印证,【徐汇】【2025】名额到校招生计划.pdf,
2025,徐汇区,上海市第二初级中学,041305,复旦大学附属中学,102057,委属,,未转录——扫描件读图无法互相印证,【徐汇】【2025】名额到校招生计划.pdf,
2025,徐汇区,上海市第二初级中学,041305,华东师范大学第二附属中学,152003,委属,,未转录——扫描件读图无法互相印证,【徐汇】【2025】名额到校招生计划.pdf,
2025,徐汇区,上海市第二初级中学,041305,上海师范大学附属中学,152006,委属,,未转录——扫描件读图无法互相印证,【徐汇】【2025】名额到校招生计划.pdf,
2025,徐汇区,上海市南洋模范初级中学,041306,上海市上海中学,042032,委属,,未转录——扫描件读图无法互相印证,【徐汇】【2025】名额到校招生计划.pdf,
2025,徐汇区,上海市南洋模范初级中学,041306,上海交通大学附属中学,102056,委属,,未转录——扫描件读图无法互相印证,【徐汇】【2025】名额到校招生计划.pdf,
2025,徐汇区,上海市南洋模范初级中学,041306,复旦大学附属中学,102057,委属,,未转录——扫描件读图无法互相印证,【徐汇】【2025】名额到校招生计划.pdf,
2025,徐汇区,上海市南洋模范初级中学,041306,华东师范大学第二附属中学,152003,委属,,未转录——扫描件读图无法互相印证,【徐汇】【2025】名额到校招生计划.pdf,
2025,徐汇区,上海市南洋模范初级中学,041306,上海师范大学附属中学,152006,委属,,未转录——扫描件读图无法互相印证,【徐汇】【2025】名额到校招生计划.pdf,
2025,徐汇区,上海市南洋初级中学,041316,上海市上海中学,042032,委属,,未转录——扫描件读图无法互相印证,【徐汇】【2025】名额到校招生计划.pdf,
2025,徐汇区,上海市南洋初级中学,041316,上海交通大学附属中学,102056,委属,,未转录——扫描件读图无法互相印证,【徐汇】【2025】名额到校招生计划.pdf,
2025,徐汇区,上海市南洋初级中学,041316,复旦大学附属中学,102057,委属,,未转录——扫描件读图无法互相印证,【徐汇】【2025】名额到校招生计划.pdf,
2025,徐汇区,上海市南洋初级中学,041316,华东师范大学第二附属中学,152003,委属,,未转录——扫描件读图无法互相印证,【徐汇】【2025】名额到校招生计划.pdf,
2025,徐汇区,上海市南洋初级中学,041316,上海师范大学附属中学,152006,委属,,未转录——扫描件读图无法互相印证,【徐汇】【2025】名额到校招生计划.pdf,
2025,徐汇区,上海市田林中学,041318,上海市上海中学,042032,委属,,未转录——扫描件读图无法互相印证,【徐汇】【2025】名额到校招生计划.pdf,
2025,徐汇区,上海市田林中学,041318,上海交通大学附属中学,102056,委属,,未转录——扫描件读图无法互相印证,【徐汇】【2025】名额到校招生计划.pdf,
2025,徐汇区,上海市田林中学,041318,复旦大学附属中学,102057,委属,,未转录——扫描件读图无法互相印证,【徐汇】【2025】名额到校招生计划.pdf,
2025,徐汇区,上海市田林中学,041318,华东师范大学第二附属中学,152003,委属,,未转录——扫描件读图无法互相印证,【徐汇】【2025】名额到校招生计划.pdf,
2025,徐汇区,上海市田林中学,041318,上海师范大学附属中学,152006,委属,,未转录——扫描件读图无法互相印证,【徐汇】【2025】名额到校招生计划.pdf,
2025,徐汇区,上海市田林第二中学,041319,上海市上海中学,042032,委属,,未转录——扫描件读图无法互相印证,【徐汇】【2025】名额到校招生计划.pdf,
2025,徐汇区,上海市田林第二中学,041319,上海交通大学附属中学,102056,委属,,未转录——扫描件读图无法互相印证,【徐汇】【2025】名额到校招生计划.pdf,
2025,徐汇区,上海市田林第二中学,041319,复旦大学附属中学,102057,委属,,未转录——扫描件读图无法互相印证,【徐汇】【2025】名额到校招生计划.pdf,
2025,徐汇区,上海市田林第二中学,041319,华东师范大学第二附属中学,152003,委属,,未转录——扫描件读图无法互相印证,【徐汇】【2025】名额到校招生计划.pdf,
2025,徐汇区,上海市田林第二中学,041319,上海师范大学附属中学,152006,委属,,未转录——扫描件读图无法互相印证,【徐汇】【2025】名额到校招生计划.pdf,
2025,徐汇区,上海市田林第三中学,041320,上海市上海中学,042032,委属,,未转录——扫描件读图无法互相印证,【徐汇】【2025】名额到校招生计划.pdf,
2025,徐汇区,上海市田林第三中学,041320,上海交通大学附属中学,102056,委属,,未转录——扫描件读图无法互相印证,【徐汇】【2025】名额到校招生计划.pdf,
2025,徐汇区,上海市田林第三中学,041320,复旦大学附属中学,102057,委属,,未转录——扫描件读图无法互相印证,【徐汇】【2025】名额到校招生计划.pdf,
2025,徐汇区,上海市田林第三中学,041320,华东师范大学第二附属中学,152003,委属,,未转录——扫描件读图无法互相印证,【徐汇】【2025】名额到校招生计划.pdf,
2025,徐汇区,上海市田林第三中学,041320,上海师范大学附属中学,152006,委属,,未转录——扫描件读图无法互相印证,【徐汇】【2025】名额到校招生计划.pdf,
2025,徐汇区,上海市龙苑中学,041326,上海市上海中学,042032,委属,,未转录——扫描件读图无法互相印证,【徐汇】【2025】名额到校招生计划.pdf,
2025,徐汇区,上海市龙苑中学,041326,上海交通大学附属中学,102056,委属,,未转录——扫描件读图无法互相印证,【徐汇】【2025】名额到校招生计划.pdf,
2025,徐汇区,上海市龙苑中学,041326,复旦大学附属中学,102057,委属,,未转录——扫描件读图无法互相印证,【徐汇】【2025】名额到校招生计划.pdf,
2025,徐汇区,上海市龙苑中学,041326,华东师范大学第二附属中学,152003,委属,,未转录——扫描件读图无法互相印证,【徐汇】【2025】名额到校招生计划.pdf,
2025,徐汇区,上海市龙苑中学,041326,上海师范大学附属中学,152006,委属,,未转录——扫描件读图无法互相印证,【徐汇】【2025】名额到校招生计划.pdf,
2025,徐汇区,上海市徐汇区教育学院附属实验中学,041327,上海市上海中学,042032,委属,,未转录——扫描件读图无法互相印证,【徐汇】【2025】名额到校招生计划.pdf,
2025,徐汇区,上海市徐汇区教育学院附属实验中学,041327,上海交通大学附属中学,102056,委属,,未转录——扫描件读图无法互相印证,【徐汇】【2025】名额到校招生计划.pdf,
2025,徐汇区,上海市徐汇区教育学院附属实验中学,041327,复旦大学附属中学,102057,委属,,未转录——扫描件读图无法互相印证,【徐汇】【2025】名额到校招生计划.pdf,
2025,徐汇区,上海市徐汇区教育学院附属实验中学,041327,华东师范大学第二附属中学,152003,委属,,未转录——扫描件读图无法互相印证,【徐汇】【2025】名额到校招生计划.pdf,
2025,徐汇区,上海市徐汇区教育学院附属实验中学,041327,上海师范大学附属中学,152006,委属,,未转录——扫描件读图无法互相印证,【徐汇】【2025】名额到校招生计划.pdf,
2025,徐汇区,上海市徐汇区教育学院附属实验中学南部分校,041328,上海市上海中学,042032,委属,,未转录——扫描件读图无法互相印证,【徐汇】【2025】名额到校招生计划.pdf,
2025,徐汇区,上海市徐汇区教育学院附属实验中学南部分校,041328,上海交通大学附属中学,102056,委属,,未转录——扫描件读图无法互相印证,【徐汇】【2025】名额到校招生计划.pdf,
2025,徐汇区,上海市徐汇区教育学院附属实验中学南部分校,041328,复旦大学附属中学,102057,委属,,未转录——扫描件读图无法互相印证,【徐汇】【2025】名额到校招生计划.pdf,
2025,徐汇区,上海市徐汇区教育学院附属实验中学南部分校,041328,华东师范大学第二附属中学,152003,委属,,未转录——扫描件读图无法互相印证,【徐汇】【2025】名额到校招生计划.pdf,
2025,徐汇区,上海市徐汇区教育学院附属实验中学南部分校,041328,上海师范大学附属中学,152006,委属,,未转录——扫描件读图无法互相印证,【徐汇】【2025】名额到校招生计划.pdf,
2025,徐汇区,上海市园南中学,041329,上海市上海中学,042032,委属,,未转录——扫描件读图无法互相印证,【徐汇】【2025】名额到校招生计划.pdf,
2025,徐汇区,上海市园南中学,041329,上海交通大学附属中学,102056,委属,,未转录——扫描件读图无法互相印证,【徐汇】【2025】名额到校招生计划.pdf,
2025,徐汇区,上海市园南中学,041329,复旦大学附属中学,102057,委属,,未转录——扫描件读图无法互相印证,【徐汇】【2025】名额到校招生计划.pdf,
2025,徐汇区,上海市园南中学,041329,华东师范大学第二附属中学,152003,委属,,未转录——扫描件读图无法互相印证,【徐汇】【2025】名额到校招生计划.pdf,
2025,徐汇区,上海市园南中学,041329,上海师范大学附属中学,152006,委属,,未转录——扫描件读图无法互相印证,【徐汇】【2025】名额到校招生计划.pdf,
2025,徐汇区,上海市汾阳中学,041331,上海市上海中学,042032,委属,,未转录——扫描件读图无法互相印证,【徐汇】【2025】名额到校招生计划.pdf,
2025,徐汇区,上海市汾阳中学,041331,上海交通大学附属中学,102056,委属,,未转录——扫描件读图无法互相印证,【徐汇】【2025】名额到校招生计划.pdf,
2025,徐汇区,上海市汾阳中学,041331,复旦大学附属中学,102057,委属,,未转录——扫描件读图无法互相印证,【徐汇】【2025】名额到校招生计划.pdf,
2025,徐汇区,上海市汾阳中学,041331,华东师范大学第二附属中学,152003,委属,,未转录——扫描件读图无法互相印证,【徐汇】【2025】名额到校招生计划.pdf,
2025,徐汇区,上海市汾阳中学,041331,上海师范大学附属中学,152006,委属,,未转录——扫描件读图无法互相印证,【徐汇】【2025】名额到校招生计划.pdf,
2025,徐汇区,上海市梅园中学,041334,上海市上海中学,042032,委属,,未转录——扫描件读图无法互相印证,【徐汇】【2025】名额到校招生计划.pdf,
2025,徐汇区,上海市梅园中学,041334,上海交通大学附属中学,102056,委属,,未转录——扫描件读图无法互相印证,【徐汇】【2025】名额到校招生计划.pdf,
2025,徐汇区,上海市梅园中学,041334,复旦大学附属中学,102057,委属,,未转录——扫描件读图无法互相印证,【徐汇】【2025】名额到校招生计划.pdf,
2025,徐汇区,上海市梅园中学,041334,华东师范大学第二附属中学,152003,委属,,未转录——扫描件读图无法互相印证,【徐汇】【2025】名额到校招生计划.pdf,
2025,徐汇区,上海市梅园中学,041334,上海师范大学附属中学,152006,委属,,未转录——扫描件读图无法互相印证,【徐汇】【2025】名额到校招生计划.pdf,
2025,徐汇区,上海市紫阳中学,041336,上海市上海中学,042032,委属,,未转录——扫描件读图无法互相印证,【徐汇】【2025】名额到校招生计划.pdf,
2025,徐汇区,上海市紫阳中学,041336,上海交通大学附属中学,102056,委属,,未转录——扫描件读图无法互相印证,【徐汇】【2025】名额到校招生计划.pdf,
2025,徐汇区,上海市紫阳中学,041336,复旦大学附属中学,102057,委属,,未转录——扫描件读图无法互相印证,【徐汇】【2025】名额到校招生计划.pdf,
2025,徐汇区,上海市紫阳中学,041336,华东师范大学第二附属中学,152003,委属,,未转录——扫描件读图无法互相印证,【徐汇】【2025】名额到校招生计划.pdf,
2025,徐汇区,上海市紫阳中学,041336,上海师范大学附属中学,152006,委属,,未转录——扫描件读图无法互相印证,【徐汇】【2025】名额到校招生计划.pdf,
2025,徐汇区,上海市康健外国语实验中学,041347,上海市上海中学,042032,委属,,未转录——扫描件读图无法互相印证,【徐汇】【2025】名额到校招生计划.pdf,
2025,徐汇区,上海市康健外国语实验中学,041347,上海交通大学附属中学,102056,委属,,未转录——扫描件读图无法互相印证,【徐汇】【2025】名额到校招生计划.pdf,
2025,徐汇区,上海市康健外国语实验中学,041347,复旦大学附属中学,102057,委属,,未转录——扫描件读图无法互相印证,【徐汇】【2025】名额到校招生计划.pdf,
2025,徐汇区,上海市康健外国语实验中学,041347,华东师范大学第二附属中学,152003,委属,,未转录——扫描件读图无法互相印证,【徐汇】【2025】名额到校招生计划.pdf,
2025,徐汇区,上海市康健外国语实验中学,041347,上海师范大学附属中学,152006,委属,,未转录——扫描件读图无法互相印证,【徐汇】【2025】名额到校招生计划.pdf,
2025,徐汇区,上海市世外中学,041363,上海市上海中学,042032,委属,,未转录——扫描件读图无法互相印证,【徐汇】【2025】名额到校招生计划.pdf,
2025,徐汇区,上海市世外中学,041363,上海交通大学附属中学,102056,委属,,未转录——扫描件读图无法互相印证,【徐汇】【2025】名额到校招生计划.pdf,
2025,徐汇区,上海市世外中学,041363,复旦大学附属中学,102057,委属,,未转录——扫描件读图无法互相印证,【徐汇】【2025】名额到校招生计划.pdf,
2025,徐汇区,上海市世外中学,041363,华东师范大学第二附属中学,152003,委属,,未转录——扫描件读图无法互相印证,【徐汇】【2025】名额到校招生计划.pdf,
2025,徐汇区,上海市世外中学,041363,上海师范大学附属中学,152006,委属,,未转录——扫描件读图无法互相印证,【徐汇】【2025】名额到校招生计划.pdf,
2025,徐汇区,上海市民办华育中学,041385,上海市上海中学,042032,委属,,未转录——扫描件读图无法互相印证,【徐汇】【2025】名额到校招生计划.pdf,
2025,徐汇区,上海市民办华育中学,041385,上海交通大学附属中学,102056,委属,,未转录——扫描件读图无法互相印证,【徐汇】【2025】名额到校招生计划.pdf,
2025,徐汇区,上海市民办华育中学,041385,复旦大学附属中学,102057,委属,,未转录——扫描件读图无法互相印证,【徐汇】【2025】名额到校招生计划.pdf,
2025,徐汇区,上海市民办华育中学,041385,华东师范大学第二附属中学,152003,委属,,未转录——扫描件读图无法互相印证,【徐汇】【2025】名额到校招生计划.pdf,
2025,徐汇区,上海市民办华育中学,041385,上海师范大学附属中学,152006,委属,,未转录——扫描件读图无法互相印证,【徐汇】【2025】名额到校招生计划.pdf,
2025,徐汇区,上海市中国中学,044103,上海市上海中学,042032,委属,,未转录——扫描件读图无法互相印证,【徐汇】【2025】名额到校招生计划.pdf,
2025,徐汇区,上海市中国中学,044103,上海交通大学附属中学,102056,委属,,未转录——扫描件读图无法互相印证,【徐汇】【2025】名额到校招生计划.pdf,
2025,徐汇区,上海市中国中学,044103,复旦大学附属中学,102057,委属,,未转录——扫描件读图无法互相印证,【徐汇】【2025】名额到校招生计划.pdf,
2025,徐汇区,上海市中国中学,044103,华东师范大学第二附属中学,152003,委属,,未转录——扫描件读图无法互相印证,【徐汇】【2025】名额到校招生计划.pdf,
2025,徐汇区,上海市中国中学,044103,上海师范大学附属中学,152006,委属,,未转录——扫描件读图无法互相印证,【徐汇】【2025】名额到校招生计划.pdf,
2025,徐汇区,上海市第五十四中学,044107,上海市上海中学,042032,委属,,未转录——扫描件读图无法互相印证,【徐汇】【2025】名额到校招生计划.pdf,
2025,徐汇区,上海市第五十四中学,044107,上海交通大学附属中学,102056,委属,,未转录——扫描件读图无法互相印证,【徐汇】【2025】名额到校招生计划.pdf,
2025,徐汇区,上海市第五十四中学,044107,复旦大学附属中学,102057,委属,,未转录——扫描件读图无法互相印证,【徐汇】【2025】名额到校招生计划.pdf,
2025,徐汇区,上海市第五十四中学,044107,华东师范大学第二附属中学,152003,委属,,未转录——扫描件读图无法互相印证,【徐汇】【2025】名额到校招生计划.pdf,
2025,徐汇区,上海市第五十四中学,044107,上海师范大学附属中学,152006,委属,,未转录——扫描件读图无法互相印证,【徐汇】【2025】名额到校招生计划.pdf,
2025,徐汇区,上海市徐汇中学,044109,上海市上海中学,042032,委属,,未转录——扫描件读图无法互相印证,【徐汇】【2025】名额到校招生计划.pdf,
2025,徐汇区,上海市徐汇中学,044109,上海交通大学附属中学,102056,委属,,未转录——扫描件读图无法互相印证,【徐汇】【2025】名额到校招生计划.pdf,
2025,徐汇区,上海市徐汇中学,044109,复旦大学附属中学,102057,委属,,未转录——扫描件读图无法互相印证,【徐汇】【2025】名额到校招生计划.pdf,
2025,徐汇区,上海市徐汇中学,044109,华东师范大学第二附属中学,152003,委属,,未转录——扫描件读图无法互相印证,【徐汇】【2025】名额到校招生计划.pdf,
2025,徐汇区,上海市徐汇中学,044109,上海师范大学附属中学,152006,委属,,未转录——扫描件读图无法互相印证,【徐汇】【2025】名额到校招生计划.pdf,
2025,徐汇区,徐汇南校,044110,上海市上海中学,042032,委属,,未转录——扫描件读图无法互相印证,【徐汇】【2025】名额到校招生计划.pdf,
2025,徐汇区,徐汇南校,044110,上海交通大学附属中学,102056,委属,,未转录——扫描件读图无法互相印证,【徐汇】【2025】名额到校招生计划.pdf,
2025,徐汇区,徐汇南校,044110,复旦大学附属中学,102057,委属,,未转录——扫描件读图无法互相印证,【徐汇】【2025】名额到校招生计划.pdf,
2025,徐汇区,徐汇南校,044110,华东师范大学第二附属中学,152003,委属,,未转录——扫描件读图无法互相印证,【徐汇】【2025】名额到校招生计划.pdf,
2025,徐汇区,徐汇南校,044110,上海师范大学附属中学,152006,委属,,未转录——扫描件读图无法互相印证,【徐汇】【2025】名额到校招生计划.pdf,
2025,徐汇区,上海市第四中学,044111,上海市上海中学,042032,委属,,未转录——扫描件读图无法互相印证,【徐汇】【2025】名额到校招生计划.pdf,
2025,徐汇区,上海市第四中学,044111,上海交通大学附属中学,102056,委属,,未转录——扫描件读图无法互相印证,【徐汇】【2025】名额到校招生计划.pdf,
2025,徐汇区,上海市第四中学,044111,复旦大学附属中学,102057,委属,,未转录——扫描件读图无法互相印证,【徐汇】【2025】名额到校招生计划.pdf,
2025,徐汇区,上海市第四中学,044111,华东师范大学第二附属中学,152003,委属,,未转录——扫描件读图无法互相印证,【徐汇】【2025】名额到校招生计划.pdf,
2025,徐汇区,上海市第四中学,044111,上海师范大学附属中学,152006,委属,,未转录——扫描件读图无法互相印证,【徐汇】【2025】名额到校招生计划.pdf,
2025,徐汇区,上海市零陵中学,044114,上海市上海中学,042032,委属,,未转录——扫描件读图无法互相印证,【徐汇】【2025】名额到校招生计划.pdf,
2025,徐汇区,上海市零陵中学,044114,上海交通大学附属中学,102056,委属,,未转录——扫描件读图无法互相印证,【徐汇】【2025】名额到校招生计划.pdf,
2025,徐汇区,上海市零陵中学,044114,复旦大学附属中学,102057,委属,,未转录——扫描件读图无法互相印证,【徐汇】【2025】名额到校招生计划.pdf,
2025,徐汇区,上海市零陵中学,044114,华东师范大学第二附属中学,152003,委属,,未转录——扫描件读图无法互相印证,【徐汇】【2025】名额到校招生计划.pdf,
2025,徐汇区,上海市零陵中学,044114,上海师范大学附属中学,152006,委属,,未转录——扫描件读图无法互相印证,【徐汇】【2025】名额到校招生计划.pdf,
2025,徐汇区,华东理工大学附属中学,044133,上海市上海中学,042032,委属,,未转录——扫描件读图无法互相印证,【徐汇】【2025】名额到校招生计划.pdf,
2025,徐汇区,华东理工大学附属中学,044133,上海交通大学附属中学,102056,委属,,未转录——扫描件读图无法互相印证,【徐汇】【2025】名额到校招生计划.pdf,
2025,徐汇区,华东理工大学附属中学,044133,复旦大学附属中学,102057,委属,,未转录——扫描件读图无法互相印证,【徐汇】【2025】名额到校招生计划.pdf,
2025,徐汇区,华东理工大学附属中学,044133,华东师范大学第二附属中学,152003,委属,,未转录——扫描件读图无法互相印证,【徐汇】【2025】名额到校招生计划.pdf,
2025,徐汇区,华东理工大学附属中学,044133,上海师范大学附属中学,152006,委属,,未转录——扫描件读图无法互相印证,【徐汇】【2025】名额到校招生计划.pdf,
2025,徐汇区,上海市西南位育中学,044162,上海市上海中学,042032,委属,,未转录——扫描件读图无法互相印证,【徐汇】【2025】名额到校招生计划.pdf,
2025,徐汇区,上海市西南位育中学,044162,上海交通大学附属中学,102056,委属,,未转录——扫描件读图无法互相印证,【徐汇】【2025】名额到校招生计划.pdf,
2025,徐汇区,上海市西南位育中学,044162,复旦大学附属中学,102057,委属,,未转录——扫描件读图无法互相印证,【徐汇】【2025】名额到校招生计划.pdf,
2025,徐汇区,上海市西南位育中学,044162,华东师范大学第二附属中学,152003,委属,,未转录——扫描件读图无法互相印证,【徐汇】【2025】名额到校招生计划.pdf,
2025,徐汇区,上海市西南位育中学,044162,上海师范大学附属中学,152006,委属,,未转录——扫描件读图无法互相印证,【徐汇】【2025】名额到校招生计划.pdf,
2025,徐汇区,上海市西南模范中学,044164,上海市上海中学,042032,委属,,未转录——扫描件读图无法互相印证,【徐汇】【2025】名额到校招生计划.pdf,
2025,徐汇区,上海市西南模范中学,044164,上海交通大学附属中学,102056,委属,,未转录——扫描件读图无法互相印证,【徐汇】【2025】名额到校招生计划.pdf,
2025,徐汇区,上海市西南模范中学,044164,复旦大学附属中学,102057,委属,,未转录——扫描件读图无法互相印证,【徐汇】【2025】名额到校招生计划.pdf,
2025,徐汇区,上海市西南模范中学,044164,华东师范大学第二附属中学,152003,委属,,未转录——扫描件读图无法互相印证,【徐汇】【2025】名额到校招生计划.pdf,
2025,徐汇区,上海市西南模范中学,044164,上海师范大学附属中学,152006,委属,,未转录——扫描件读图无法互相印证,【徐汇】【2025】名额到校招生计划.pdf,
2025,徐汇区,上海民办位育中学,044181,上海市上海中学,042032,委属,,未转录——扫描件读图无法互相印证,【徐汇】【2025】名额到校招生计划.pdf,
2025,徐汇区,上海民办位育中学,044181,上海交通大学附属中学,102056,委属,,未转录——扫描件读图无法互相印证,【徐汇】【2025】名额到校招生计划.pdf,
2025,徐汇区,上海民办位育中学,044181,复旦大学附属中学,102057,委属,,未转录——扫描件读图无法互相印证,【徐汇】【2025】名额到校招生计划.pdf,
2025,徐汇区,上海民办位育中学,044181,华东师范大学第二附属中学,152003,委属,,未转录——扫描件读图无法互相印证,【徐汇】【2025】名额到校招生计划.pdf,
2025,徐汇区,上海民办位育中学,044181,上海师范大学附属中学,152006,委属,,未转录——扫描件读图无法互相印证,【徐汇】【2025】名额到校招生计划.pdf,
2025,徐汇区,上海民办南模中学,044182,上海市上海中学,042032,委属,,未转录——扫描件读图无法互相印证,【徐汇】【2025】名额到校招生计划.pdf,
2025,徐汇区,上海民办南模中学,044182,上海交通大学附属中学,102056,委属,,未转录——扫描件读图无法互相印证,【徐汇】【2025】名额到校招生计划.pdf,
2025,徐汇区,上海民办南模中学,044182,复旦大学附属中学,102057,委属,,未转录——扫描件读图无法互相印证,【徐汇】【2025】名额到校招生计划.pdf,
2025,徐汇区,上海民办南模中学,044182,华东师范大学第二附属中学,152003,委属,,未转录——扫描件读图无法互相印证,【徐汇】【2025】名额到校招生计划.pdf,
2025,徐汇区,上海民办南模中学,044182,上海师范大学附属中学,152006,委属,,未转录——扫描件读图无法互相印证,【徐汇】【2025】名额到校招生计划.pdf,
2025,徐汇区,上海市位育实验学校,045304,上海市上海中学,042032,委属,,未转录——扫描件读图无法互相印证,【徐汇】【2025】名额到校招生计划.pdf,
2025,徐汇区,上海市位育实验学校,045304,上海交通大学附属中学,102056,委属,,未转录——扫描件读图无法互相印证,【徐汇】【2025】名额到校招生计划.pdf,
2025,徐汇区,上海市位育实验学校,045304,复旦大学附属中学,102057,委属,,未转录——扫描件读图无法互相印证,【徐汇】【2025】名额到校招生计划.pdf,
2025,徐汇区,上海市位育实验学校,045304,华东师范大学第二附属中学,152003,委属,,未转录——扫描件读图无法互相印证,【徐汇】【2025】名额到校招生计划.pdf,
2025,徐汇区,上海市位育实验学校,045304,上海师范大学附属中学,152006,委属,,未转录——扫描件读图无法互相印证,【徐汇】【2025】名额到校招生计划.pdf,
2025,徐汇区,上海市徐汇区上汇实验学校,045306,上海市上海中学,042032,委属,,未转录——扫描件读图无法互相印证,【徐汇】【2025】名额到校招生计划.pdf,
2025,徐汇区,上海市徐汇区上汇实验学校,045306,上海交通大学附属中学,102056,委属,,未转录——扫描件读图无法互相印证,【徐汇】【2025】名额到校招生计划.pdf,
2025,徐汇区,上海市徐汇区上汇实验学校,045306,复旦大学附属中学,102057,委属,,未转录——扫描件读图无法互相印证,【徐汇】【2025】名额到校招生计划.pdf,
2025,徐汇区,上海市徐汇区上汇实验学校,045306,华东师范大学第二附属中学,152003,委属,,未转录——扫描件读图无法互相印证,【徐汇】【2025】名额到校招生计划.pdf,
2025,徐汇区,上海市徐汇区上汇实验学校,045306,上海师范大学附属中学,152006,委属,,未转录——扫描件读图无法互相印证,【徐汇】【2025】名额到校招生计划.pdf,
2025,徐汇区,上海师范大学第三附属实验学校,045444,上海市上海中学,042032,委属,,未转录——扫描件读图无法互相印证,【徐汇】【2025】名额到校招生计划.pdf,
2025,徐汇区,上海师范大学第三附属实验学校,045444,上海交通大学附属中学,102056,委属,,未转录——扫描件读图无法互相印证,【徐汇】【2025】名额到校招生计划.pdf,
2025,徐汇区,上海师范大学第三附属实验学校,045444,复旦大学附属中学,102057,委属,,未转录——扫描件读图无法互相印证,【徐汇】【2025】名额到校招生计划.pdf,
2025,徐汇区,上海师范大学第三附属实验学校,045444,华东师范大学第二附属中学,152003,委属,,未转录——扫描件读图无法互相印证,【徐汇】【2025】名额到校招生计划.pdf,
2025,徐汇区,上海师范大学第三附属实验学校,045444,上海师范大学附属中学,152006,委属,,未转录——扫描件读图无法互相印证,【徐汇】【2025】名额到校招生计划.pdf,
2026,徐汇区,上海市位育初级中学,041302,上海市南洋模范中学,042008,区属,10,截图转录,【徐汇】【2026】名额到校招生计划.pdf,截图
2026,徐汇区,上海市位育初级中学,041302,上海市位育中学,042035,区属,10,截图转录,【徐汇】【2026】名额到校招生计划.pdf,截图
2026,徐汇区,上海市位育初级中学,041302,上海市第二中学,042001,区属,5,截图转录,【徐汇】【2026】名额到校招生计划.pdf,截图
2026,徐汇区,上海市位育初级中学,041302,上海市第二中学（梅陇校区）,042002,区属,2,截图转录,【徐汇】【2026】名额到校招生计划.pdf,截图
2026,徐汇区,上海市位育初级中学,041302,上海市南洋中学,043015,区属,8,截图转录,【徐汇】【2026】名额到校招生计划.pdf,截图
2026,徐汇区,上海市位育初级中学,041302,复旦大学附属中学徐汇分校,042036,区属,4,截图转录,【徐汇】【2026】名额到校招生计划.pdf,截图
2026,徐汇区,上海市位育初级中学,041302,上海市上海中学,042032,委属,2,截图转录,【徐汇】【2026】名额到校招生计划.pdf,截图
2026,徐汇区,上海市位育初级中学,041302,上海交通大学附属中学,102056,委属,0,截图转录,【徐汇】【2026】名额到校招生计划.pdf,截图
2026,徐汇区,上海市位育初级中学,041302,复旦大学附属中学,102057,委属,0,截图转录,【徐汇】【2026】名额到校招生计划.pdf,截图
2026,徐汇区,上海市位育初级中学,041302,华东师范大学第二附属中学,152003,委属,0,截图转录,【徐汇】【2026】名额到校招生计划.pdf,截图
2026,徐汇区,上海市位育初级中学,041302,上海师范大学附属中学,152006,委属,0,截图转录,【徐汇】【2026】名额到校招生计划.pdf,截图
2026,徐汇区,上海市第二初级中学,041305,上海市南洋模范中学,042008,区属,5,截图转录,【徐汇】【2026】名额到校招生计划.pdf,截图
2026,徐汇区,上海市第二初级中学,041305,上海市位育中学,042035,区属,6,截图转录,【徐汇】【2026】名额到校招生计划.pdf,截图
2026,徐汇区,上海市第二初级中学,041305,上海市第二中学,042001,区属,3,截图转录,【徐汇】【2026】名额到校招生计划.pdf,截图
2026,徐汇区,上海市第二初级中学,041305,上海市第二中学（梅陇校区）,042002,区属,2,截图转录,【徐汇】【2026】名额到校招生计划.pdf,截图
2026,徐汇区,上海市第二初级中学,041305,上海市南洋中学,043015,区属,4,截图转录,【徐汇】【2026】名额到校招生计划.pdf,截图
2026,徐汇区,上海市第二初级中学,041305,复旦大学附属中学徐汇分校,042036,区属,2,截图转录,【徐汇】【2026】名额到校招生计划.pdf,截图
2026,徐汇区,上海市第二初级中学,041305,上海市上海中学,042032,委属,1,截图转录,【徐汇】【2026】名额到校招生计划.pdf,截图
2026,徐汇区,上海市第二初级中学,041305,上海交通大学附属中学,102056,委属,1,截图转录,【徐汇】【2026】名额到校招生计划.pdf,截图
2026,徐汇区,上海市第二初级中学,041305,复旦大学附属中学,102057,委属,0,截图转录,【徐汇】【2026】名额到校招生计划.pdf,截图
2026,徐汇区,上海市第二初级中学,041305,华东师范大学第二附属中学,152003,委属,0,截图转录,【徐汇】【2026】名额到校招生计划.pdf,截图
2026,徐汇区,上海市第二初级中学,041305,上海师范大学附属中学,152006,委属,0,截图转录,【徐汇】【2026】名额到校招生计划.pdf,截图
2026,徐汇区,上海市南洋模范初级中学,041306,上海市南洋模范中学,042008,区属,11,截图转录,【徐汇】【2026】名额到校招生计划.pdf,截图
2026,徐汇区,上海市南洋模范初级中学,041306,上海市位育中学,042035,区属,11,截图转录,【徐汇】【2026】名额到校招生计划.pdf,截图
2026,徐汇区,上海市南洋模范初级中学,041306,上海市第二中学,042001,区属,5,截图转录,【徐汇】【2026】名额到校招生计划.pdf,截图
2026,徐汇区,上海市南洋模范初级中学,041306,上海市第二中学（梅陇校区）,042002,区属,2,截图转录,【徐汇】【2026】名额到校招生计划.pdf,截图
2026,徐汇区,上海市南洋模范初级中学,041306,上海市南洋中学,043015,区属,9,截图转录,【徐汇】【2026】名额到校招生计划.pdf,截图
2026,徐汇区,上海市南洋模范初级中学,041306,复旦大学附属中学徐汇分校,042036,区属,3,截图转录,【徐汇】【2026】名额到校招生计划.pdf,截图
2026,徐汇区,上海市南洋模范初级中学,041306,上海市上海中学,042032,委属,2,截图转录,【徐汇】【2026】名额到校招生计划.pdf,截图
2026,徐汇区,上海市南洋模范初级中学,041306,上海交通大学附属中学,102056,委属,1,截图转录,【徐汇】【2026】名额到校招生计划.pdf,截图
2026,徐汇区,上海市南洋模范初级中学,041306,复旦大学附属中学,102057,委属,0,截图转录,【徐汇】【2026】名额到校招生计划.pdf,截图
2026,徐汇区,上海市南洋模范初级中学,041306,华东师范大学第二附属中学,152003,委属,0,截图转录,【徐汇】【2026】名额到校招生计划.pdf,截图
2026,徐汇区,上海市南洋模范初级中学,041306,上海师范大学附属中学,152006,委属,0,截图转录,【徐汇】【2026】名额到校招生计划.pdf,截图
2026,徐汇区,上海市南洋初级中学,041316,上海市南洋模范中学,042008,区属,9,截图转录,【徐汇】【2026】名额到校招生计划.pdf,截图
2026,徐汇区,上海市南洋初级中学,041316,上海市位育中学,042035,区属,7,截图转录,【徐汇】【2026】名额到校招生计划.pdf,截图
2026,徐汇区,上海市南洋初级中学,041316,上海市第二中学,042001,区属,5,截图转录,【徐汇】【2026】名额到校招生计划.pdf,截图
2026,徐汇区,上海市南洋初级中学,041316,上海市第二中学（梅陇校区）,042002,区属,1,截图转录,【徐汇】【2026】名额到校招生计划.pdf,截图
2026,徐汇区,上海市南洋初级中学,041316,上海市南洋中学,043015,区属,6,截图转录,【徐汇】【2026】名额到校招生计划.pdf,截图
2026,徐汇区,上海市南洋初级中学,041316,复旦大学附属中学徐汇分校,042036,区属,3,截图转录,【徐汇】【2026】名额到校招生计划.pdf,截图
2026,徐汇区,上海市南洋初级中学,041316,上海市上海中学,042032,委属,1,截图转录,【徐汇】【2026】名额到校招生计划.pdf,截图
2026,徐汇区,上海市南洋初级中学,041316,上海交通大学附属中学,102056,委属,0,截图转录,【徐汇】【2026】名额到校招生计划.pdf,截图
2026,徐汇区,上海市南洋初级中学,041316,复旦大学附属中学,102057,委属,0,截图转录,【徐汇】【2026】名额到校招生计划.pdf,截图
2026,徐汇区,上海市南洋初级中学,041316,华东师范大学第二附属中学,152003,委属,0,截图转录,【徐汇】【2026】名额到校招生计划.pdf,截图
2026,徐汇区,上海市南洋初级中学,041316,上海师范大学附属中学,152006,委属,1,截图转录,【徐汇】【2026】名额到校招生计划.pdf,截图
2026,徐汇区,上海市田林中学,041318,上海市南洋模范中学,042008,区属,5,截图转录,【徐汇】【2026】名额到校招生计划.pdf,截图
2026,徐汇区,上海市田林中学,041318,上海市位育中学,042035,区属,5,截图转录,【徐汇】【2026】名额到校招生计划.pdf,截图
2026,徐汇区,上海市田林中学,041318,上海市第二中学,042001,区属,5,截图转录,【徐汇】【2026】名额到校招生计划.pdf,截图
2026,徐汇区,上海市田林中学,041318,上海市第二中学（梅陇校区）,042002,区属,1,截图转录,【徐汇】【2026】名额到校招生计划.pdf,截图
2026,徐汇区,上海市田林中学,041318,上海市南洋中学,043015,区属,4,截图转录,【徐汇】【2026】名额到校招生计划.pdf,截图
2026,徐汇区,上海市田林中学,041318,复旦大学附属中学徐汇分校,042036,区属,1,截图转录,【徐汇】【2026】名额到校招生计划.pdf,截图
2026,徐汇区,上海市田林中学,041318,上海市上海中学,042032,委属,1,截图转录,【徐汇】【2026】名额到校招生计划.pdf,截图
2026,徐汇区,上海市田林中学,041318,上海交通大学附属中学,102056,委属,0,截图转录,【徐汇】【2026】名额到校招生计划.pdf,截图
2026,徐汇区,上海市田林中学,041318,复旦大学附属中学,102057,委属,0,截图转录,【徐汇】【2026】名额到校招生计划.pdf,截图
2026,徐汇区,上海市田林中学,041318,华东师范大学第二附属中学,152003,委属,0,截图转录,【徐汇】【2026】名额到校招生计划.pdf,截图
2026,徐汇区,上海市田林中学,041318,上海师范大学附属中学,152006,委属,0,截图转录,【徐汇】【2026】名额到校招生计划.pdf,截图
2026,徐汇区,上海市田林第二中学,041319,上海市南洋模范中学,042008,区属,4,截图转录,【徐汇】【2026】名额到校招生计划.pdf,截图
2026,徐汇区,上海市田林第二中学,041319,上海市位育中学,042035,区属,5,截图转录,【徐汇】【2026】名额到校招生计划.pdf,截图
2026,徐汇区,上海市田林第二中学,041319,上海市第二中学,042001,区属,3,截图转录,【徐汇】【2026】名额到校招生计划.pdf,截图
2026,徐汇区,上海市田林第二中学,041319,上海市第二中学（梅陇校区）,042002,区属,1,截图转录,【徐汇】【2026】名额到校招生计划.pdf,截图
2026,徐汇区,上海市田林第二中学,041319,上海市南洋中学,043015,区属,3,截图转录,【徐汇】【2026】名额到校招生计划.pdf,截图
2026,徐汇区,上海市田林第二中学,041319,复旦大学附属中学徐汇分校,042036,区属,1,截图转录,【徐汇】【2026】名额到校招生计划.pdf,截图
2026,徐汇区,上海市田林第二中学,041319,上海市上海中学,042032,委属,1,截图转录,【徐汇】【2026】名额到校招生计划.pdf,截图
2026,徐汇区,上海市田林第二中学,041319,上海交通大学附属中学,102056,委属,0,截图转录,【徐汇】【2026】名额到校招生计划.pdf,截图
2026,徐汇区,上海市田林第二中学,041319,复旦大学附属中学,102057,委属,0,截图转录,【徐汇】【2026】名额到校招生计划.pdf,截图
2026,徐汇区,上海市田林第二中学,041319,华东师范大学第二附属中学,152003,委属,0,截图转录,【徐汇】【2026】名额到校招生计划.pdf,截图
2026,徐汇区,上海市田林第二中学,041319,上海师范大学附属中学,152006,委属,0,截图转录,【徐汇】【2026】名额到校招生计划.pdf,截图
2026,徐汇区,上海市田林第三中学,041320,上海市南洋模范中学,042008,区属,13,截图转录,【徐汇】【2026】名额到校招生计划.pdf,截图
2026,徐汇区,上海市田林第三中学,041320,上海市位育中学,042035,区属,11,截图转录,【徐汇】【2026】名额到校招生计划.pdf,截图
2026,徐汇区,上海市田林第三中学,041320,上海市第二中学,042001,区属,6,截图转录,【徐汇】【2026】名额到校招生计划.pdf,截图
2026,徐汇区,上海市田林第三中学,041320,上海市第二中学（梅陇校区）,042002,区属,2,截图转录,【徐汇】【2026】名额到校招生计划.pdf,截图
2026,徐汇区,上海市田林第三中学,041320,上海市南洋中学,043015,区属,10,截图转录,【徐汇】【2026】名额到校招生计划.pdf,截图
2026,徐汇区,上海市田林第三中学,041320,复旦大学附属中学徐汇分校,042036,区属,5,截图转录,【徐汇】【2026】名额到校招生计划.pdf,截图
2026,徐汇区,上海市田林第三中学,041320,上海市上海中学,042032,委属,3,截图转录,【徐汇】【2026】名额到校招生计划.pdf,截图
2026,徐汇区,上海市田林第三中学,041320,上海交通大学附属中学,102056,委属,0,截图转录,【徐汇】【2026】名额到校招生计划.pdf,截图
2026,徐汇区,上海市田林第三中学,041320,复旦大学附属中学,102057,委属,0,截图转录,【徐汇】【2026】名额到校招生计划.pdf,截图
2026,徐汇区,上海市田林第三中学,041320,华东师范大学第二附属中学,152003,委属,0,截图转录,【徐汇】【2026】名额到校招生计划.pdf,截图
2026,徐汇区,上海市田林第三中学,041320,上海师范大学附属中学,152006,委属,0,截图转录,【徐汇】【2026】名额到校招生计划.pdf,截图
2026,徐汇区,上海市龙苑中学,041326,上海市南洋模范中学,042008,区属,1,截图转录,【徐汇】【2026】名额到校招生计划.pdf,截图
2026,徐汇区,上海市龙苑中学,041326,上海市位育中学,042035,区属,1,截图转录,【徐汇】【2026】名额到校招生计划.pdf,截图
2026,徐汇区,上海市龙苑中学,041326,上海市第二中学,042001,区属,1,截图转录,【徐汇】【2026】名额到校招生计划.pdf,截图
2026,徐汇区,上海市龙苑中学,041326,上海市第二中学（梅陇校区）,042002,区属,1,截图转录,【徐汇】【2026】名额到校招生计划.pdf,截图
2026,徐汇区,上海市龙苑中学,041326,上海市南洋中学,043015,区属,1,截图转录,【徐汇】【2026】名额到校招生计划.pdf,截图
2026,徐汇区,上海市龙苑中学,041326,复旦大学附属中学徐汇分校,042036,区属,1,截图转录,【徐汇】【2026】名额到校招生计划.pdf,截图
2026,徐汇区,上海市龙苑中学,041326,上海市上海中学,042032,委属,0,截图转录,【徐汇】【2026】名额到校招生计划.pdf,截图
2026,徐汇区,上海市龙苑中学,041326,上海交通大学附属中学,102056,委属,0,截图转录,【徐汇】【2026】名额到校招生计划.pdf,截图
2026,徐汇区,上海市龙苑中学,041326,复旦大学附属中学,102057,委属,0,截图转录,【徐汇】【2026】名额到校招生计划.pdf,截图
2026,徐汇区,上海市龙苑中学,041326,华东师范大学第二附属中学,152003,委属,0,截图转录,【徐汇】【2026】名额到校招生计划.pdf,截图
2026,徐汇区,上海市龙苑中学,041326,上海师范大学附属中学,152006,委属,0,截图转录,【徐汇】【2026】名额到校招生计划.pdf,截图
2026,徐汇区,上海市徐汇区教育学院附属实验中学,041327,上海市南洋模范中学,042008,区属,9,截图转录,【徐汇】【2026】名额到校招生计划.pdf,截图
2026,徐汇区,上海市徐汇区教育学院附属实验中学,041327,上海市位育中学,042035,区属,8,截图转录,【徐汇】【2026】名额到校招生计划.pdf,截图
2026,徐汇区,上海市徐汇区教育学院附属实验中学,041327,上海市第二中学,042001,区属,5,截图转录,【徐汇】【2026】名额到校招生计划.pdf,截图
2026,徐汇区,上海市徐汇区教育学院附属实验中学,041327,上海市第二中学（梅陇校区）,042002,区属,2,截图转录,【徐汇】【2026】名额到校招生计划.pdf,截图
2026,徐汇区,上海市徐汇区教育学院附属实验中学,041327,上海市南洋中学,043015,区属,8,截图转录,【徐汇】【2026】名额到校招生计划.pdf,截图
2026,徐汇区,上海市徐汇区教育学院附属实验中学,041327,复旦大学附属中学徐汇分校,042036,区属,3,截图转录,【徐汇】【2026】名额到校招生计划.pdf,截图
2026,徐汇区,上海市徐汇区教育学院附属实验中学,041327,上海市上海中学,042032,委属,1,截图转录,【徐汇】【2026】名额到校招生计划.pdf,截图
2026,徐汇区,上海市徐汇区教育学院附属实验中学,041327,上海交通大学附属中学,102056,委属,1,截图转录,【徐汇】【2026】名额到校招生计划.pdf,截图
2026,徐汇区,上海市徐汇区教育学院附属实验中学,041327,复旦大学附属中学,102057,委属,0,截图转录,【徐汇】【2026】名额到校招生计划.pdf,截图
2026,徐汇区,上海市徐汇区教育学院附属实验中学,041327,华东师范大学第二附属中学,152003,委属,0,截图转录,【徐汇】【2026】名额到校招生计划.pdf,截图
2026,徐汇区,上海市徐汇区教育学院附属实验中学,041327,上海师范大学附属中学,152006,委属,0,截图转录,【徐汇】【2026】名额到校招生计划.pdf,截图
2026,徐汇区,上海市徐汇区教育学院附属实验中学南部分校,041328,上海市南洋模范中学,042008,区属,4,截图转录,【徐汇】【2026】名额到校招生计划.pdf,截图
2026,徐汇区,上海市徐汇区教育学院附属实验中学南部分校,041328,上海市位育中学,042035,区属,5,截图转录,【徐汇】【2026】名额到校招生计划.pdf,截图
2026,徐汇区,上海市徐汇区教育学院附属实验中学南部分校,041328,上海市第二中学,042001,区属,2,截图转录,【徐汇】【2026】名额到校招生计划.pdf,截图
2026,徐汇区,上海市徐汇区教育学院附属实验中学南部分校,041328,上海市第二中学（梅陇校区）,042002,区属,2,截图转录,【徐汇】【2026】名额到校招生计划.pdf,截图
2026,徐汇区,上海市徐汇区教育学院附属实验中学南部分校,041328,上海市南洋中学,043015,区属,3,截图转录,【徐汇】【2026】名额到校招生计划.pdf,截图
2026,徐汇区,上海市徐汇区教育学院附属实验中学南部分校,041328,复旦大学附属中学徐汇分校,042036,区属,1,截图转录,【徐汇】【2026】名额到校招生计划.pdf,截图
2026,徐汇区,上海市徐汇区教育学院附属实验中学南部分校,041328,上海市上海中学,042032,委属,0,截图转录,【徐汇】【2026】名额到校招生计划.pdf,截图
2026,徐汇区,上海市徐汇区教育学院附属实验中学南部分校,041328,上海交通大学附属中学,102056,委属,0,截图转录,【徐汇】【2026】名额到校招生计划.pdf,截图
2026,徐汇区,上海市徐汇区教育学院附属实验中学南部分校,041328,复旦大学附属中学,102057,委属,0,截图转录,【徐汇】【2026】名额到校招生计划.pdf,截图
2026,徐汇区,上海市徐汇区教育学院附属实验中学南部分校,041328,华东师范大学第二附属中学,152003,委属,0,截图转录,【徐汇】【2026】名额到校招生计划.pdf,截图
2026,徐汇区,上海市徐汇区教育学院附属实验中学南部分校,041328,上海师范大学附属中学,152006,委属,1,截图转录,【徐汇】【2026】名额到校招生计划.pdf,截图
2026,徐汇区,上海市园南中学,041329,上海市南洋模范中学,042008,区属,7,截图转录,【徐汇】【2026】名额到校招生计划.pdf,截图
2026,徐汇区,上海市园南中学,041329,上海市位育中学,042035,区属,8,截图转录,【徐汇】【2026】名额到校招生计划.pdf,截图
2026,徐汇区,上海市园南中学,041329,上海市第二中学,042001,区属,4,截图转录,【徐汇】【2026】名额到校招生计划.pdf,截图
2026,徐汇区,上海市园南中学,041329,上海市第二中学（梅陇校区）,042002,区属,1,截图转录,【徐汇】【2026】名额到校招生计划.pdf,截图
2026,徐汇区,上海市园南中学,041329,上海市南洋中学,043015,区属,7,截图转录,【徐汇】【2026】名额到校招生计划.pdf,截图
2026,徐汇区,上海市园南中学,041329,复旦大学附属中学徐汇分校,042036,区属,4,截图转录,【徐汇】【2026】名额到校招生计划.pdf,截图
2026,徐汇区,上海市园南中学,041329,上海市上海中学,042032,委属,1,截图转录,【徐汇】【2026】名额到校招生计划.pdf,截图
2026,徐汇区,上海市园南中学,041329,上海交通大学附属中学,102056,委属,1,截图转录,【徐汇】【2026】名额到校招生计划.pdf,截图
2026,徐汇区,上海市园南中学,041329,复旦大学附属中学,102057,委属,0,截图转录,【徐汇】【2026】名额到校招生计划.pdf,截图
2026,徐汇区,上海市园南中学,041329,华东师范大学第二附属中学,152003,委属,0,截图转录,【徐汇】【2026】名额到校招生计划.pdf,截图
2026,徐汇区,上海市园南中学,041329,上海师范大学附属中学,152006,委属,0,截图转录,【徐汇】【2026】名额到校招生计划.pdf,截图
2026,徐汇区,上海市汾阳中学,041331,上海市南洋模范中学,042008,区属,3,截图转录,【徐汇】【2026】名额到校招生计划.pdf,截图
2026,徐汇区,上海市汾阳中学,041331,上海市位育中学,042035,区属,2,截图转录,【徐汇】【2026】名额到校招生计划.pdf,截图
2026,徐汇区,上海市汾阳中学,041331,上海市第二中学,042001,区属,2,截图转录,【徐汇】【2026】名额到校招生计划.pdf,截图
2026,徐汇区,上海市汾阳中学,041331,上海市第二中学（梅陇校区）,042002,区属,1,截图转录,【徐汇】【2026】名额到校招生计划.pdf,截图
2026,徐汇区,上海市汾阳中学,041331,上海市南洋中学,043015,区属,3,截图转录,【徐汇】【2026】名额到校招生计划.pdf,截图
2026,徐汇区,上海市汾阳中学,041331,复旦大学附属中学徐汇分校,042036,区属,1,截图转录,【徐汇】【2026】名额到校招生计划.pdf,截图
2026,徐汇区,上海市汾阳中学,041331,上海市上海中学,042032,委属,0,截图转录,【徐汇】【2026】名额到校招生计划.pdf,截图
2026,徐汇区,上海市汾阳中学,041331,上海交通大学附属中学,102056,委属,0,截图转录,【徐汇】【2026】名额到校招生计划.pdf,截图
2026,徐汇区,上海市汾阳中学,041331,复旦大学附属中学,102057,委属,0,截图转录,【徐汇】【2026】名额到校招生计划.pdf,截图
2026,徐汇区,上海市汾阳中学,041331,华东师范大学第二附属中学,152003,委属,0,截图转录,【徐汇】【2026】名额到校招生计划.pdf,截图
2026,徐汇区,上海市汾阳中学,041331,上海师范大学附属中学,152006,委属,0,截图转录,【徐汇】【2026】名额到校招生计划.pdf,截图
2026,徐汇区,上海市梅园中学,041334,上海市南洋模范中学,042008,区属,5,截图转录,【徐汇】【2026】名额到校招生计划.pdf,截图
2026,徐汇区,上海市梅园中学,041334,上海市位育中学,042035,区属,3,截图转录,【徐汇】【2026】名额到校招生计划.pdf,截图
2026,徐汇区,上海市梅园中学,041334,上海市第二中学,042001,区属,1,截图转录,【徐汇】【2026】名额到校招生计划.pdf,截图
2026,徐汇区,上海市梅园中学,041334,上海市第二中学（梅陇校区）,042002,区属,1,截图转录,【徐汇】【2026】名额到校招生计划.pdf,截图
2026,徐汇区,上海市梅园中学,041334,上海市南洋中学,043015,区属,3,截图转录,【徐汇】【2026】名额到校招生计划.pdf,截图
2026,徐汇区,上海市梅园中学,041334,复旦大学附属中学徐汇分校,042036,区属,1,截图转录,【徐汇】【2026】名额到校招生计划.pdf,截图
2026,徐汇区,上海市梅园中学,041334,上海市上海中学,042032,委属,0,截图转录,【徐汇】【2026】名额到校招生计划.pdf,截图
2026,徐汇区,上海市梅园中学,041334,上海交通大学附属中学,102056,委属,0,截图转录,【徐汇】【2026】名额到校招生计划.pdf,截图
2026,徐汇区,上海市梅园中学,041334,复旦大学附属中学,102057,委属,0,截图转录,【徐汇】【2026】名额到校招生计划.pdf,截图
2026,徐汇区,上海市梅园中学,041334,华东师范大学第二附属中学,152003,委属,0,截图转录,【徐汇】【2026】名额到校招生计划.pdf,截图
2026,徐汇区,上海市梅园中学,041334,上海师范大学附属中学,152006,委属,0,截图转录,【徐汇】【2026】名额到校招生计划.pdf,截图
2026,徐汇区,上海市紫阳中学,041336,上海市南洋模范中学,042008,区属,5,截图转录,【徐汇】【2026】名额到校招生计划.pdf,截图
2026,徐汇区,上海市紫阳中学,041336,上海市位育中学,042035,区属,5,截图转录,【徐汇】【2026】名额到校招生计划.pdf,截图
2026,徐汇区,上海市紫阳中学,041336,上海市第二中学,042001,区属,3,截图转录,【徐汇】【2026】名额到校招生计划.pdf,截图
2026,徐汇区,上海市紫阳中学,041336,上海市第二中学（梅陇校区）,042002,区属,2,截图转录,【徐汇】【2026】名额到校招生计划.pdf,截图
2026,徐汇区,上海市紫阳中学,041336,上海市南洋中学,043015,区属,7,截图转录,【徐汇】【2026】名额到校招生计划.pdf,截图
2026,徐汇区,上海市紫阳中学,041336,复旦大学附属中学徐汇分校,042036,区属,1,截图转录,【徐汇】【2026】名额到校招生计划.pdf,截图
2026,徐汇区,上海市紫阳中学,041336,上海市上海中学,042032,委属,1,截图转录,【徐汇】【2026】名额到校招生计划.pdf,截图
2026,徐汇区,上海市紫阳中学,041336,上海交通大学附属中学,102056,委属,0,截图转录,【徐汇】【2026】名额到校招生计划.pdf,截图
2026,徐汇区,上海市紫阳中学,041336,复旦大学附属中学,102057,委属,1,截图转录,【徐汇】【2026】名额到校招生计划.pdf,截图
2026,徐汇区,上海市紫阳中学,041336,华东师范大学第二附属中学,152003,委属,0,截图转录,【徐汇】【2026】名额到校招生计划.pdf,截图
2026,徐汇区,上海市紫阳中学,041336,上海师范大学附属中学,152006,委属,0,截图转录,【徐汇】【2026】名额到校招生计划.pdf,截图
2026,徐汇区,上海市康健外国语实验中学,041347,上海市南洋模范中学,042008,区属,8,截图转录,【徐汇】【2026】名额到校招生计划.pdf,截图
2026,徐汇区,上海市康健外国语实验中学,041347,上海市位育中学,042035,区属,8,截图转录,【徐汇】【2026】名额到校招生计划.pdf,截图
2026,徐汇区,上海市康健外国语实验中学,041347,上海市第二中学,042001,区属,4,截图转录,【徐汇】【2026】名额到校招生计划.pdf,截图
2026,徐汇区,上海市康健外国语实验中学,041347,上海市第二中学（梅陇校区）,042002,区属,1,截图转录,【徐汇】【2026】名额到校招生计划.pdf,截图
2026,徐汇区,上海市康健外国语实验中学,041347,上海市南洋中学,043015,区属,8,截图转录,【徐汇】【2026】名额到校招生计划.pdf,截图
2026,徐汇区,上海市康健外国语实验中学,041347,复旦大学附属中学徐汇分校,042036,区属,2,截图转录,【徐汇】【2026】名额到校招生计划.pdf,截图
2026,徐汇区,上海市康健外国语实验中学,041347,上海市上海中学,042032,委属,2,截图转录,【徐汇】【2026】名额到校招生计划.pdf,截图
2026,徐汇区,上海市康健外国语实验中学,041347,上海交通大学附属中学,102056,委属,0,截图转录,【徐汇】【2026】名额到校招生计划.pdf,截图
2026,徐汇区,上海市康健外国语实验中学,041347,复旦大学附属中学,102057,委属,0,截图转录,【徐汇】【2026】名额到校招生计划.pdf,截图
2026,徐汇区,上海市康健外国语实验中学,041347,华东师范大学第二附属中学,152003,委属,0,截图转录,【徐汇】【2026】名额到校招生计划.pdf,截图
2026,徐汇区,上海市康健外国语实验中学,041347,上海师范大学附属中学,152006,委属,0,截图转录,【徐汇】【2026】名额到校招生计划.pdf,截图
2026,徐汇区,上海市世外中学,041363,上海市南洋模范中学,042008,区属,8,截图转录,【徐汇】【2026】名额到校招生计划.pdf,截图
2026,徐汇区,上海市世外中学,041363,上海市位育中学,042035,区属,8,截图转录,【徐汇】【2026】名额到校招生计划.pdf,截图
2026,徐汇区,上海市世外中学,041363,上海市第二中学,042001,区属,5,截图转录,【徐汇】【2026】名额到校招生计划.pdf,截图
2026,徐汇区,上海市世外中学,041363,上海市第二中学（梅陇校区）,042002,区属,3,截图转录,【徐汇】【2026】名额到校招生计划.pdf,截图
2026,徐汇区,上海市世外中学,041363,上海市南洋中学,043015,区属,8,截图转录,【徐汇】【2026】名额到校招生计划.pdf,截图
2026,徐汇区,上海市世外中学,041363,复旦大学附属中学徐汇分校,042036,区属,4,截图转录,【徐汇】【2026】名额到校招生计划.pdf,截图
2026,徐汇区,上海市世外中学,041363,上海市上海中学,042032,委属,1,截图转录,【徐汇】【2026】名额到校招生计划.pdf,截图
2026,徐汇区,上海市世外中学,041363,上海交通大学附属中学,102056,委属,0,截图转录,【徐汇】【2026】名额到校招生计划.pdf,截图
2026,徐汇区,上海市世外中学,041363,复旦大学附属中学,102057,委属,1,截图转录,【徐汇】【2026】名额到校招生计划.pdf,截图
2026,徐汇区,上海市世外中学,041363,华东师范大学第二附属中学,152003,委属,0,截图转录,【徐汇】【2026】名额到校招生计划.pdf,截图
2026,徐汇区,上海市世外中学,041363,上海师范大学附属中学,152006,委属,0,截图转录,【徐汇】【2026】名额到校招生计划.pdf,截图
2026,徐汇区,上海市民办华育中学,041385,上海市南洋模范中学,042008,区属,10,截图转录,【徐汇】【2026】名额到校招生计划.pdf,截图
2026,徐汇区,上海市民办华育中学,041385,上海市位育中学,042035,区属,5,截图转录,【徐汇】【2026】名额到校招生计划.pdf,截图
2026,徐汇区,上海市民办华育中学,041385,上海市第二中学,042001,区属,2,截图转录,【徐汇】【2026】名额到校招生计划.pdf,截图
2026,徐汇区,上海市民办华育中学,041385,上海市第二中学（梅陇校区）,042002,区属,0,截图转录,【徐汇】【2026】名额到校招生计划.pdf,截图
2026,徐汇区,上海市民办华育中学,041385,上海市南洋中学,043015,区属,9,截图转录,【徐汇】【2026】名额到校招生计划.pdf,截图
2026,徐汇区,上海市民办华育中学,041385,复旦大学附属中学徐汇分校,042036,区属,3,截图转录,【徐汇】【2026】名额到校招生计划.pdf,截图
2026,徐汇区,上海市民办华育中学,041385,上海市上海中学,042032,委属,0,截图转录,【徐汇】【2026】名额到校招生计划.pdf,截图
2026,徐汇区,上海市民办华育中学,041385,上海交通大学附属中学,102056,委属,0,截图转录,【徐汇】【2026】名额到校招生计划.pdf,截图
2026,徐汇区,上海市民办华育中学,041385,复旦大学附属中学,102057,委属,0,截图转录,【徐汇】【2026】名额到校招生计划.pdf,截图
2026,徐汇区,上海市民办华育中学,041385,华东师范大学第二附属中学,152003,委属,0,截图转录,【徐汇】【2026】名额到校招生计划.pdf,截图
2026,徐汇区,上海市民办华育中学,041385,上海师范大学附属中学,152006,委属,1,截图转录,【徐汇】【2026】名额到校招生计划.pdf,截图
2026,徐汇区,上海市中国中学,044103,上海市南洋模范中学,042008,区属,10,截图转录,【徐汇】【2026】名额到校招生计划.pdf,截图
2026,徐汇区,上海市中国中学,044103,上海市位育中学,042035,区属,9,截图转录,【徐汇】【2026】名额到校招生计划.pdf,截图
2026,徐汇区,上海市中国中学,044103,上海市第二中学,042001,区属,5,截图转录,【徐汇】【2026】名额到校招生计划.pdf,截图
2026,徐汇区,上海市中国中学,044103,上海市第二中学（梅陇校区）,042002,区属,2,截图转录,【徐汇】【2026】名额到校招生计划.pdf,截图
2026,徐汇区,上海市中国中学,044103,上海市南洋中学,043015,区属,10,截图转录,【徐汇】【2026】名额到校招生计划.pdf,截图
2026,徐汇区,上海市中国中学,044103,复旦大学附属中学徐汇分校,042036,区属,3,截图转录,【徐汇】【2026】名额到校招生计划.pdf,截图
2026,徐汇区,上海市中国中学,044103,上海市上海中学,042032,委属,2,截图转录,【徐汇】【2026】名额到校招生计划.pdf,截图
2026,徐汇区,上海市中国中学,044103,上海交通大学附属中学,102056,委属,0,截图转录,【徐汇】【2026】名额到校招生计划.pdf,截图
2026,徐汇区,上海市中国中学,044103,复旦大学附属中学,102057,委属,0,截图转录,【徐汇】【2026】名额到校招生计划.pdf,截图
2026,徐汇区,上海市中国中学,044103,华东师范大学第二附属中学,152003,委属,0,截图转录,【徐汇】【2026】名额到校招生计划.pdf,截图
2026,徐汇区,上海市中国中学,044103,上海师范大学附属中学,152006,委属,0,截图转录,【徐汇】【2026】名额到校招生计划.pdf,截图
2026,徐汇区,上海市第五十四中学,044107,上海市南洋模范中学,042008,区属,3,截图转录,【徐汇】【2026】名额到校招生计划.pdf,截图
2026,徐汇区,上海市第五十四中学,044107,上海市位育中学,042035,区属,3,截图转录,【徐汇】【2026】名额到校招生计划.pdf,截图
2026,徐汇区,上海市第五十四中学,044107,上海市第二中学,042001,区属,1,截图转录,【徐汇】【2026】名额到校招生计划.pdf,截图
2026,徐汇区,上海市第五十四中学,044107,上海市第二中学（梅陇校区）,042002,区属,1,截图转录,【徐汇】【2026】名额到校招生计划.pdf,截图
2026,徐汇区,上海市第五十四中学,044107,上海市南洋中学,043015,区属,4,截图转录,【徐汇】【2026】名额到校招生计划.pdf,截图
2026,徐汇区,上海市第五十四中学,044107,复旦大学附属中学徐汇分校,042036,区属,1,截图转录,【徐汇】【2026】名额到校招生计划.pdf,截图
2026,徐汇区,上海市第五十四中学,044107,上海市上海中学,042032,委属,1,截图转录,【徐汇】【2026】名额到校招生计划.pdf,截图
2026,徐汇区,上海市第五十四中学,044107,上海交通大学附属中学,102056,委属,0,截图转录,【徐汇】【2026】名额到校招生计划.pdf,截图
2026,徐汇区,上海市第五十四中学,044107,复旦大学附属中学,102057,委属,0,截图转录,【徐汇】【2026】名额到校招生计划.pdf,截图
2026,徐汇区,上海市第五十四中学,044107,华东师范大学第二附属中学,152003,委属,0,截图转录,【徐汇】【2026】名额到校招生计划.pdf,截图
2026,徐汇区,上海市第五十四中学,044107,上海师范大学附属中学,152006,委属,0,截图转录,【徐汇】【2026】名额到校招生计划.pdf,截图
2026,徐汇区,上海市徐汇中学,044109,上海市南洋模范中学,042008,区属,13,截图转录,【徐汇】【2026】名额到校招生计划.pdf,截图
2026,徐汇区,上海市徐汇中学,044109,上海市位育中学,042035,区属,14,截图转录,【徐汇】【2026】名额到校招生计划.pdf,截图
2026,徐汇区,上海市徐汇中学,044109,上海市第二中学,042001,区属,7,截图转录,【徐汇】【2026】名额到校招生计划.pdf,截图
2026,徐汇区,上海市徐汇中学,044109,上海市第二中学（梅陇校区）,042002,区属,3,截图转录,【徐汇】【2026】名额到校招生计划.pdf,截图
2026,徐汇区,上海市徐汇中学,044109,上海市南洋中学,043015,区属,12,截图转录,【徐汇】【2026】名额到校招生计划.pdf,截图
2026,徐汇区,上海市徐汇中学,044109,复旦大学附属中学徐汇分校,042036,区属,5,截图转录,【徐汇】【2026】名额到校招生计划.pdf,截图
2026,徐汇区,上海市徐汇中学,044109,上海市上海中学,042032,委属,0,截图转录,【徐汇】【2026】名额到校招生计划.pdf,截图
2026,徐汇区,上海市徐汇中学,044109,上海交通大学附属中学,102056,委属,0,截图转录,【徐汇】【2026】名额到校招生计划.pdf,截图
2026,徐汇区,上海市徐汇中学,044109,复旦大学附属中学,102057,委属,0,截图转录,【徐汇】【2026】名额到校招生计划.pdf,截图
2026,徐汇区,上海市徐汇中学,044109,华东师范大学第二附属中学,152003,委属,0,截图转录,【徐汇】【2026】名额到校招生计划.pdf,截图
2026,徐汇区,上海市徐汇中学,044109,上海师范大学附属中学,152006,委属,1,截图转录,【徐汇】【2026】名额到校招生计划.pdf,截图
2026,徐汇区,徐汇南校,044110,上海市南洋模范中学,042008,区属,7,截图转录,【徐汇】【2026】名额到校招生计划.pdf,截图
2026,徐汇区,徐汇南校,044110,上海市位育中学,042035,区属,6,截图转录,【徐汇】【2026】名额到校招生计划.pdf,截图
2026,徐汇区,徐汇南校,044110,上海市第二中学,042001,区属,4,截图转录,【徐汇】【2026】名额到校招生计划.pdf,截图
2026,徐汇区,徐汇南校,044110,上海市第二中学（梅陇校区）,042002,区属,1,截图转录,【徐汇】【2026】名额到校招生计划.pdf,截图
2026,徐汇区,徐汇南校,044110,上海市南洋中学,043015,区属,7,截图转录,【徐汇】【2026】名额到校招生计划.pdf,截图
2026,徐汇区,徐汇南校,044110,复旦大学附属中学徐汇分校,042036,区属,3,截图转录,【徐汇】【2026】名额到校招生计划.pdf,截图
2026,徐汇区,徐汇南校,044110,上海市上海中学,042032,委属,0,截图转录,【徐汇】【2026】名额到校招生计划.pdf,截图
2026,徐汇区,徐汇南校,044110,上海交通大学附属中学,102056,委属,0,截图转录,【徐汇】【2026】名额到校招生计划.pdf,截图
2026,徐汇区,徐汇南校,044110,复旦大学附属中学,102057,委属,0,截图转录,【徐汇】【2026】名额到校招生计划.pdf,截图
2026,徐汇区,徐汇南校,044110,华东师范大学第二附属中学,152003,委属,0,截图转录,【徐汇】【2026】名额到校招生计划.pdf,截图
2026,徐汇区,徐汇南校,044110,上海师范大学附属中学,152006,委属,0,截图转录,【徐汇】【2026】名额到校招生计划.pdf,截图
2026,徐汇区,上海市第四中学,044111,上海市南洋模范中学,042008,区属,10,截图转录,【徐汇】【2026】名额到校招生计划.pdf,截图
2026,徐汇区,上海市第四中学,044111,上海市位育中学,042035,区属,11,截图转录,【徐汇】【2026】名额到校招生计划.pdf,截图
2026,徐汇区,上海市第四中学,044111,上海市第二中学,042001,区属,6,截图转录,【徐汇】【2026】名额到校招生计划.pdf,截图
2026,徐汇区,上海市第四中学,044111,上海市第二中学（梅陇校区）,042002,区属,3,截图转录,【徐汇】【2026】名额到校招生计划.pdf,截图
2026,徐汇区,上海市第四中学,044111,上海市南洋中学,043015,区属,9,截图转录,【徐汇】【2026】名额到校招生计划.pdf,截图
2026,徐汇区,上海市第四中学,044111,复旦大学附属中学徐汇分校,042036,区属,4,截图转录,【徐汇】【2026】名额到校招生计划.pdf,截图
2026,徐汇区,上海市第四中学,044111,上海市上海中学,042032,委属,0,截图转录,【徐汇】【2026】名额到校招生计划.pdf,截图
2026,徐汇区,上海市第四中学,044111,上海交通大学附属中学,102056,委属,0,截图转录,【徐汇】【2026】名额到校招生计划.pdf,截图
2026,徐汇区,上海市第四中学,044111,复旦大学附属中学,102057,委属,0,截图转录,【徐汇】【2026】名额到校招生计划.pdf,截图
2026,徐汇区,上海市第四中学,044111,华东师范大学第二附属中学,152003,委属,0,截图转录,【徐汇】【2026】名额到校招生计划.pdf,截图
2026,徐汇区,上海市第四中学,044111,上海师范大学附属中学,152006,委属,2,截图转录,【徐汇】【2026】名额到校招生计划.pdf,截图
2026,徐汇区,上海市零陵中学,044114,上海市南洋模范中学,042008,区属,4,截图转录,【徐汇】【2026】名额到校招生计划.pdf,截图
2026,徐汇区,上海市零陵中学,044114,上海市位育中学,042035,区属,4,截图转录,【徐汇】【2026】名额到校招生计划.pdf,截图
2026,徐汇区,上海市零陵中学,044114,上海市第二中学,042001,区属,2,截图转录,【徐汇】【2026】名额到校招生计划.pdf,截图
2026,徐汇区,上海市零陵中学,044114,上海市第二中学（梅陇校区）,042002,区属,2,截图转录,【徐汇】【2026】名额到校招生计划.pdf,截图
2026,徐汇区,上海市零陵中学,044114,上海市南洋中学,043015,区属,5,截图转录,【徐汇】【2026】名额到校招生计划.pdf,截图
2026,徐汇区,上海市零陵中学,044114,复旦大学附属中学徐汇分校,042036,区属,1,截图转录,【徐汇】【2026】名额到校招生计划.pdf,截图
2026,徐汇区,上海市零陵中学,044114,上海市上海中学,042032,委属,1,截图转录,【徐汇】【2026】名额到校招生计划.pdf,截图
2026,徐汇区,上海市零陵中学,044114,上海交通大学附属中学,102056,委属,0,截图转录,【徐汇】【2026】名额到校招生计划.pdf,截图
2026,徐汇区,上海市零陵中学,044114,复旦大学附属中学,102057,委属,0,截图转录,【徐汇】【2026】名额到校招生计划.pdf,截图
2026,徐汇区,上海市零陵中学,044114,华东师范大学第二附属中学,152003,委属,0,截图转录,【徐汇】【2026】名额到校招生计划.pdf,截图
2026,徐汇区,上海市零陵中学,044114,上海师范大学附属中学,152006,委属,0,截图转录,【徐汇】【2026】名额到校招生计划.pdf,截图
2026,徐汇区,华东理工大学附属中学,044133,上海市南洋模范中学,042008,区属,9,截图转录,【徐汇】【2026】名额到校招生计划.pdf,截图
2026,徐汇区,华东理工大学附属中学,044133,上海市位育中学,042035,区属,7,截图转录,【徐汇】【2026】名额到校招生计划.pdf,截图
2026,徐汇区,华东理工大学附属中学,044133,上海市第二中学,042001,区属,5,截图转录,【徐汇】【2026】名额到校招生计划.pdf,截图
2026,徐汇区,华东理工大学附属中学,044133,上海市第二中学（梅陇校区）,042002,区属,1,截图转录,【徐汇】【2026】名额到校招生计划.pdf,截图
2026,徐汇区,华东理工大学附属中学,044133,上海市南洋中学,043015,区属,7,截图转录,【徐汇】【2026】名额到校招生计划.pdf,截图
2026,徐汇区,华东理工大学附属中学,044133,复旦大学附属中学徐汇分校,042036,区属,2,截图转录,【徐汇】【2026】名额到校招生计划.pdf,截图
2026,徐汇区,华东理工大学附属中学,044133,上海市上海中学,042032,委属,0,截图转录,【徐汇】【2026】名额到校招生计划.pdf,截图
2026,徐汇区,华东理工大学附属中学,044133,上海交通大学附属中学,102056,委属,0,截图转录,【徐汇】【2026】名额到校招生计划.pdf,截图
2026,徐汇区,华东理工大学附属中学,044133,复旦大学附属中学,102057,委属,0,截图转录,【徐汇】【2026】名额到校招生计划.pdf,截图
2026,徐汇区,华东理工大学附属中学,044133,华东师范大学第二附属中学,152003,委属,0,截图转录,【徐汇】【2026】名额到校招生计划.pdf,截图
2026,徐汇区,华东理工大学附属中学,044133,上海师范大学附属中学,152006,委属,0,截图转录,【徐汇】【2026】名额到校招生计划.pdf,截图
2026,徐汇区,上海市西南位育中学,044162,上海市南洋模范中学,042008,区属,12,截图转录,【徐汇】【2026】名额到校招生计划.pdf,截图
2026,徐汇区,上海市西南位育中学,044162,上海市位育中学,042035,区属,13,截图转录,【徐汇】【2026】名额到校招生计划.pdf,截图
2026,徐汇区,上海市西南位育中学,044162,上海市第二中学,042001,区属,10,截图转录,【徐汇】【2026】名额到校招生计划.pdf,截图
2026,徐汇区,上海市西南位育中学,044162,上海市第二中学（梅陇校区）,042002,区属,2,截图转录,【徐汇】【2026】名额到校招生计划.pdf,截图
2026,徐汇区,上海市西南位育中学,044162,上海市南洋中学,043015,区属,11,截图转录,【徐汇】【2026】名额到校招生计划.pdf,截图
2026,徐汇区,上海市西南位育中学,044162,复旦大学附属中学徐汇分校,042036,区属,4,截图转录,【徐汇】【2026】名额到校招生计划.pdf,截图
2026,徐汇区,上海市西南位育中学,044162,上海市上海中学,042032,委属,0,截图转录,【徐汇】【2026】名额到校招生计划.pdf,截图
2026,徐汇区,上海市西南位育中学,044162,上海交通大学附属中学,102056,委属,0,截图转录,【徐汇】【2026】名额到校招生计划.pdf,截图
2026,徐汇区,上海市西南位育中学,044162,复旦大学附属中学,102057,委属,1,截图转录,【徐汇】【2026】名额到校招生计划.pdf,截图
2026,徐汇区,上海市西南位育中学,044162,华东师范大学第二附属中学,152003,委属,2,截图转录,【徐汇】【2026】名额到校招生计划.pdf,截图
2026,徐汇区,上海市西南位育中学,044162,上海师范大学附属中学,152006,委属,0,截图转录,【徐汇】【2026】名额到校招生计划.pdf,截图
2026,徐汇区,上海市西南模范中学,044164,上海市南洋模范中学,042008,区属,12,截图转录,【徐汇】【2026】名额到校招生计划.pdf,截图
2026,徐汇区,上海市西南模范中学,044164,上海市位育中学,042035,区属,13,截图转录,【徐汇】【2026】名额到校招生计划.pdf,截图
2026,徐汇区,上海市西南模范中学,044164,上海市第二中学,042001,区属,9,截图转录,【徐汇】【2026】名额到校招生计划.pdf,截图
2026,徐汇区,上海市西南模范中学,044164,上海市第二中学（梅陇校区）,042002,区属,2,截图转录,【徐汇】【2026】名额到校招生计划.pdf,截图
2026,徐汇区,上海市西南模范中学,044164,上海市南洋中学,043015,区属,11,截图转录,【徐汇】【2026】名额到校招生计划.pdf,截图
2026,徐汇区,上海市西南模范中学,044164,复旦大学附属中学徐汇分校,042036,区属,4,截图转录,【徐汇】【2026】名额到校招生计划.pdf,截图
2026,徐汇区,上海市西南模范中学,044164,上海市上海中学,042032,委属,1,截图转录,【徐汇】【2026】名额到校招生计划.pdf,截图
2026,徐汇区,上海市西南模范中学,044164,上海交通大学附属中学,102056,委属,1,截图转录,【徐汇】【2026】名额到校招生计划.pdf,截图
2026,徐汇区,上海市西南模范中学,044164,复旦大学附属中学,102057,委属,0,截图转录,【徐汇】【2026】名额到校招生计划.pdf,截图
2026,徐汇区,上海市西南模范中学,044164,华东师范大学第二附属中学,152003,委属,0,截图转录,【徐汇】【2026】名额到校招生计划.pdf,截图
2026,徐汇区,上海市西南模范中学,044164,上海师范大学附属中学,152006,委属,1,截图转录,【徐汇】【2026】名额到校招生计划.pdf,截图
2026,徐汇区,上海民办位育中学,044181,上海市南洋模范中学,042008,区属,3,截图转录,【徐汇】【2026】名额到校招生计划.pdf,截图
2026,徐汇区,上海民办位育中学,044181,上海市位育中学,042035,区属,3,截图转录,【徐汇】【2026】名额到校招生计划.pdf,截图
2026,徐汇区,上海民办位育中学,044181,上海市第二中学,042001,区属,3,截图转录,【徐汇】【2026】名额到校招生计划.pdf,截图
2026,徐汇区,上海民办位育中学,044181,上海市第二中学（梅陇校区）,042002,区属,1,截图转录,【徐汇】【2026】名额到校招生计划.pdf,截图
2026,徐汇区,上海民办位育中学,044181,上海市南洋中学,043015,区属,2,截图转录,【徐汇】【2026】名额到校招生计划.pdf,截图
2026,徐汇区,上海民办位育中学,044181,复旦大学附属中学徐汇分校,042036,区属,1,截图转录,【徐汇】【2026】名额到校招生计划.pdf,截图
2026,徐汇区,上海民办位育中学,044181,上海市上海中学,042032,委属,1,截图转录,【徐汇】【2026】名额到校招生计划.pdf,截图
2026,徐汇区,上海民办位育中学,044181,上海交通大学附属中学,102056,委属,0,截图转录,【徐汇】【2026】名额到校招生计划.pdf,截图
2026,徐汇区,上海民办位育中学,044181,复旦大学附属中学,102057,委属,0,截图转录,【徐汇】【2026】名额到校招生计划.pdf,截图
2026,徐汇区,上海民办位育中学,044181,华东师范大学第二附属中学,152003,委属,0,截图转录,【徐汇】【2026】名额到校招生计划.pdf,截图
2026,徐汇区,上海民办位育中学,044181,上海师范大学附属中学,152006,委属,0,截图转录,【徐汇】【2026】名额到校招生计划.pdf,截图
2026,徐汇区,上海民办南模中学,044182,上海市南洋模范中学,042008,区属,3,截图转录,【徐汇】【2026】名额到校招生计划.pdf,截图
2026,徐汇区,上海民办南模中学,044182,上海市位育中学,042035,区属,4,截图转录,【徐汇】【2026】名额到校招生计划.pdf,截图
2026,徐汇区,上海民办南模中学,044182,上海市第二中学,042001,区属,1,截图转录,【徐汇】【2026】名额到校招生计划.pdf,截图
2026,徐汇区,上海民办南模中学,044182,上海市第二中学（梅陇校区）,042002,区属,1,截图转录,【徐汇】【2026】名额到校招生计划.pdf,截图
2026,徐汇区,上海民办南模中学,044182,上海市南洋中学,043015,区属,3,截图转录,【徐汇】【2026】名额到校招生计划.pdf,截图
2026,徐汇区,上海民办南模中学,044182,复旦大学附属中学徐汇分校,042036,区属,1,截图转录,【徐汇】【2026】名额到校招生计划.pdf,截图
2026,徐汇区,上海民办南模中学,044182,上海市上海中学,042032,委属,0,截图转录,【徐汇】【2026】名额到校招生计划.pdf,截图
2026,徐汇区,上海民办南模中学,044182,上海交通大学附属中学,102056,委属,0,截图转录,【徐汇】【2026】名额到校招生计划.pdf,截图
2026,徐汇区,上海民办南模中学,044182,复旦大学附属中学,102057,委属,0,截图转录,【徐汇】【2026】名额到校招生计划.pdf,截图
2026,徐汇区,上海民办南模中学,044182,华东师范大学第二附属中学,152003,委属,0,截图转录,【徐汇】【2026】名额到校招生计划.pdf,截图
2026,徐汇区,上海民办南模中学,044182,上海师范大学附属中学,152006,委属,1,截图转录,【徐汇】【2026】名额到校招生计划.pdf,截图
2026,徐汇区,上海市位育实验学校,045304,上海市南洋模范中学,042008,区属,2,截图转录,【徐汇】【2026】名额到校招生计划.pdf,截图
2026,徐汇区,上海市位育实验学校,045304,上海市位育中学,042035,区属,2,截图转录,【徐汇】【2026】名额到校招生计划.pdf,截图
2026,徐汇区,上海市位育实验学校,045304,上海市第二中学,042001,区属,2,截图转录,【徐汇】【2026】名额到校招生计划.pdf,截图
2026,徐汇区,上海市位育实验学校,045304,上海市第二中学（梅陇校区）,042002,区属,1,截图转录,【徐汇】【2026】名额到校招生计划.pdf,截图
2026,徐汇区,上海市位育实验学校,045304,上海市南洋中学,043015,区属,3,截图转录,【徐汇】【2026】名额到校招生计划.pdf,截图
2026,徐汇区,上海市位育实验学校,045304,复旦大学附属中学徐汇分校,042036,区属,1,截图转录,【徐汇】【2026】名额到校招生计划.pdf,截图
2026,徐汇区,上海市位育实验学校,045304,上海市上海中学,042032,委属,0,截图转录,【徐汇】【2026】名额到校招生计划.pdf,截图
2026,徐汇区,上海市位育实验学校,045304,上海交通大学附属中学,102056,委属,0,截图转录,【徐汇】【2026】名额到校招生计划.pdf,截图
2026,徐汇区,上海市位育实验学校,045304,复旦大学附属中学,102057,委属,0,截图转录,【徐汇】【2026】名额到校招生计划.pdf,截图
2026,徐汇区,上海市位育实验学校,045304,华东师范大学第二附属中学,152003,委属,0,截图转录,【徐汇】【2026】名额到校招生计划.pdf,截图
2026,徐汇区,上海市位育实验学校,045304,上海师范大学附属中学,152006,委属,0,截图转录,【徐汇】【2026】名额到校招生计划.pdf,截图
2026,徐汇区,上海市徐汇区上汇实验学校,045306,上海市南洋模范中学,042008,区属,2,截图转录,【徐汇】【2026】名额到校招生计划.pdf,截图
2026,徐汇区,上海市徐汇区上汇实验学校,045306,上海市位育中学,042035,区属,2,截图转录,【徐汇】【2026】名额到校招生计划.pdf,截图
2026,徐汇区,上海市徐汇区上汇实验学校,045306,上海市第二中学,042001,区属,1,截图转录,【徐汇】【2026】名额到校招生计划.pdf,截图
2026,徐汇区,上海市徐汇区上汇实验学校,045306,上海市第二中学（梅陇校区）,042002,区属,1,截图转录,【徐汇】【2026】名额到校招生计划.pdf,截图
2026,徐汇区,上海市徐汇区上汇实验学校,045306,上海市南洋中学,043015,区属,3,截图转录,【徐汇】【2026】名额到校招生计划.pdf,截图
2026,徐汇区,上海市徐汇区上汇实验学校,045306,复旦大学附属中学徐汇分校,042036,区属,1,截图转录,【徐汇】【2026】名额到校招生计划.pdf,截图
2026,徐汇区,上海市徐汇区上汇实验学校,045306,上海市上海中学,042032,委属,0,截图转录,【徐汇】【2026】名额到校招生计划.pdf,截图
2026,徐汇区,上海市徐汇区上汇实验学校,045306,上海交通大学附属中学,102056,委属,1,截图转录,【徐汇】【2026】名额到校招生计划.pdf,截图
2026,徐汇区,上海市徐汇区上汇实验学校,045306,复旦大学附属中学,102057,委属,0,截图转录,【徐汇】【2026】名额到校招生计划.pdf,截图
2026,徐汇区,上海市徐汇区上汇实验学校,045306,华东师范大学第二附属中学,152003,委属,0,截图转录,【徐汇】【2026】名额到校招生计划.pdf,截图
2026,徐汇区,上海市徐汇区上汇实验学校,045306,上海师范大学附属中学,152006,委属,0,截图转录,【徐汇】【2026】名额到校招生计划.pdf,截图
2026,徐汇区,上海师范大学第三附属实验学校,045444,上海市南洋模范中学,042008,区属,4,截图转录,【徐汇】【2026】名额到校招生计划.pdf,截图
2026,徐汇区,上海师范大学第三附属实验学校,045444,上海市位育中学,042035,区属,5,截图转录,【徐汇】【2026】名额到校招生计划.pdf,截图
2026,徐汇区,上海师范大学第三附属实验学校,045444,上海市第二中学,042001,区属,3,截图转录,【徐汇】【2026】名额到校招生计划.pdf,截图
2026,徐汇区,上海师范大学第三附属实验学校,045444,上海市第二中学（梅陇校区）,042002,区属,1,截图转录,【徐汇】【2026】名额到校招生计划.pdf,截图
2026,徐汇区,上海师范大学第三附属实验学校,045444,上海市南洋中学,043015,区属,5,截图转录,【徐汇】【2026】名额到校招生计划.pdf,截图
2026,徐汇区,上海师范大学第三附属实验学校,045444,复旦大学附属中学徐汇分校,042036,区属,2,截图转录,【徐汇】【2026】名额到校招生计划.pdf,截图
2026,徐汇区,上海师范大学第三附属实验学校,045444,上海市上海中学,042032,委属,0,截图转录,【徐汇】【2026】名额到校招生计划.pdf,截图
2026,徐汇区,上海师范大学第三附属实验学校,045444,上海交通大学附属中学,102056,委属,0,截图转录,【徐汇】【2026】名额到校招生计划.pdf,截图
2026,徐汇区,上海师范大学第三附属实验学校,045444,复旦大学附属中学,102057,委属,0,截图转录,【徐汇】【2026】名额到校招生计划.pdf,截图
2026,徐汇区,上海师范大学第三附属实验学校,045444,华东师范大学第二附属中学,152003,委属,0,截图转录,【徐汇】【2026】名额到校招生计划.pdf,截图
2026,徐汇区,上海师范大学第三附属实验学校,045444,上海师范大学附属中学,152006,委属,1,截图转录,【徐汇】【2026】名额到校招生计划.pdf,截图
