year,junior_high_school_code,junior_high_school,senior_high_school_short,senior_high_school,senior_high_school_code,senior_high_school_tier,quota,source_doc,source_page
2022,071042,上海市武宁中学,华二,华东师范大学第二附属中学,,委属,0,【普陀】【2022】名额到校计划.pdf,1
2022,071042,上海市武宁中学,上中,上海市上海中学,,委属,0,【普陀】【2022】名额到校计划.pdf,1
2022,071042,上海市武宁中学,复附,复旦大学附属中学,,委属,0,【普陀】【2022】名额到校计划.pdf,1
2022,071042,上海市武宁中学,交附,上海交通大学附属中学,,委属,0,【普陀】【2022】名额到校计划.pdf,1
2022,071042,上海市武宁中学,上师大,上海师范大学附属中学,,委属,0,【普陀】【2022】名额到校计划.pdf,1
2022,071042,上海市武宁中学,华二普陀,华东师范大学第二附属中学（普陀校区）,,区属,1,【普陀】【2022】名额到校计划.pdf,1
2022,071042,上海市武宁中学,二中,上海市曹杨第二中学,,区属,1,【普陀】【2022】名额到校计划.pdf,1
2022,071042,上海市武宁中学,晋元,上海市晋元高级中学,,区属,1,【普陀】【2022】名额到校计划.pdf,1
2022,071042,上海市武宁中学,宜川,上海市宜川中学,,区属,1,【普陀】【2022】名额到校计划.pdf,1
2022,071045,上海市洵阳中学,华二,华东师范大学第二附属中学,,委属,0,【普陀】【2022】名额到校计划.pdf,1
2022,071045,上海市洵阳中学,上中,上海市上海中学,,委属,0,【普陀】【2022】名额到校计划.pdf,1
2022,071045,上海市洵阳中学,复附,复旦大学附属中学,,委属,0,【普陀】【2022】名额到校计划.pdf,1
2022,071045,上海市洵阳中学,交附,上海交通大学附属中学,,委属,0,【普陀】【2022】名额到校计划.pdf,1
2022,071045,上海市洵阳中学,上师大,上海师范大学附属中学,,委属,0,【普陀】【2022】名额到校计划.pdf,1
2022,071045,上海市洵阳中学,华二普陀,华东师范大学第二附属中学（普陀校区）,,区属,1,【普陀】【2022】名额到校计划.pdf,1
2022,071045,上海市洵阳中学,二中,上海市曹杨第二中学,,区属,2,【普陀】【2022】名额到校计划.pdf,1
2022,071045,上海市洵阳中学,晋元,上海市晋元高级中学,,区属,2,【普陀】【2022】名额到校计划.pdf,1
2022,071045,上海市洵阳中学,宜川,上海市宜川中学,,区属,2,【普陀】【2022】名额到校计划.pdf,1
2022,071046,上海市北海中学,华二,华东师范大学第二附属中学,,委属,0,【普陀】【2022】名额到校计划.pdf,1
2022,071046,上海市北海中学,上中,上海市上海中学,,委属,0,【普陀】【2022】名额到校计划.pdf,1
2022,071046,上海市北海中学,复附,复旦大学附属中学,,委属,0,【普陀】【2022】名额到校计划.pdf,1
2022,071046,上海市北海中学,交附,上海交通大学附属中学,,委属,0,【普陀】【2022】名额到校计划.pdf,1
2022,071046,上海市北海中学,上师大,上海师范大学附属中学,,委属,0,【普陀】【2022】名额到校计划.pdf,1
2022,071046,上海市北海中学,华二普陀,华东师范大学第二附属中学（普陀校区）,,区属,2,【普陀】【2022】名额到校计划.pdf,1
2022,071046,上海市北海中学,二中,上海市曹杨第二中学,,区属,6,【普陀】【2022】名额到校计划.pdf,1
2022,071046,上海市北海中学,晋元,上海市晋元高级中学,,区属,6,【普陀】【2022】名额到校计划.pdf,1
2022,071046,上海市北海中学,宜川,上海市宜川中学,,区属,7,【普陀】【2022】名额到校计划.pdf,1
2022,071047,上海市延河中学,华二,华东师范大学第二附属中学,,委属,1,【普陀】【2022】名额到校计划.pdf,1
2022,071047,上海市延河中学,上中,上海市上海中学,,委属,0,【普陀】【2022】名额到校计划.pdf,1
2022,071047,上海市延河中学,复附,复旦大学附属中学,,委属,0,【普陀】【2022】名额到校计划.pdf,1
2022,071047,上海市延河中学,交附,上海交通大学附属中学,,委属,0,【普陀】【2022】名额到校计划.pdf,1
2022,071047,上海市延河中学,上师大,上海师范大学附属中学,,委属,0,【普陀】【2022】名额到校计划.pdf,1
2022,071047,上海市延河中学,华二普陀,华东师范大学第二附属中学（普陀校区）,,区属,1,【普陀】【2022】名额到校计划.pdf,1
2022,071047,上海市延河中学,二中,上海市曹杨第二中学,,区属,5,【普陀】【2022】名额到校计划.pdf,1
2022,071047,上海市延河中学,晋元,上海市晋元高级中学,,区属,5,【普陀】【2022】名额到校计划.pdf,1
2022,071047,上海市延河中学,宜川,上海市宜川中学,,区属,5,【普陀】【2022】名额到校计划.pdf,1
2022,071048,上海市兴陇中学,华二,华东师范大学第二附属中学,,委属,0,【普陀】【2022】名额到校计划.pdf,1
2022,071048,上海市兴陇中学,上中,上海市上海中学,,委属,0,【普陀】【2022】名额到校计划.pdf,1
2022,071048,上海市兴陇中学,复附,复旦大学附属中学,,委属,1,【普陀】【2022】名额到校计划.pdf,1
2022,071048,上海市兴陇中学,交附,上海交通大学附属中学,,委属,0,【普陀】【2022】名额到校计划.pdf,1
2022,071048,上海市兴陇中学,上师大,上海师范大学附属中学,,委属,0,【普陀】【2022】名额到校计划.pdf,1
2022,071048,上海市兴陇中学,华二普陀,华东师范大学第二附属中学（普陀校区）,,区属,1,【普陀】【2022】名额到校计划.pdf,1
2022,071048,上海市兴陇中学,二中,上海市曹杨第二中学,,区属,6,【普陀】【2022】名额到校计划.pdf,1
2022,071048,上海市兴陇中学,晋元,上海市晋元高级中学,,区属,6,【普陀】【2022】名额到校计划.pdf,1
2022,071048,上海市兴陇中学,宜川,上海市宜川中学,,区属,5,【普陀】【2022】名额到校计划.pdf,1
2022,071049,华东师范大学第四附属中学,华二,华东师范大学第二附属中学,,委属,0,【普陀】【2022】名额到校计划.pdf,1
2022,071049,华东师范大学第四附属中学,上中,上海市上海中学,,委属,0,【普陀】【2022】名额到校计划.pdf,1
2022,071049,华东师范大学第四附属中学,复附,复旦大学附属中学,,委属,0,【普陀】【2022】名额到校计划.pdf,1
2022,071049,华东师范大学第四附属中学,交附,上海交通大学附属中学,,委属,0,【普陀】【2022】名额到校计划.pdf,1
2022,071049,华东师范大学第四附属中学,上师大,上海师范大学附属中学,,委属,0,【普陀】【2022】名额到校计划.pdf,1
2022,071049,华东师范大学第四附属中学,华二普陀,华东师范大学第二附属中学（普陀校区）,,区属,2,【普陀】【2022】名额到校计划.pdf,1
2022,071049,华东师范大学第四附属中学,二中,上海市曹杨第二中学,,区属,9,【普陀】【2022】名额到校计划.pdf,1
2022,071049,华东师范大学第四附属中学,晋元,上海市晋元高级中学,,区属,8,【普陀】【2022】名额到校计划.pdf,1
2022,071049,华东师范大学第四附属中学,宜川,上海市宜川中学,,区属,8,【普陀】【2022】名额到校计划.pdf,1
2022,071050,上海市怒江中学,华二,华东师范大学第二附属中学,,委属,0,【普陀】【2022】名额到校计划.pdf,1
2022,071050,上海市怒江中学,上中,上海市上海中学,,委属,0,【普陀】【2022】名额到校计划.pdf,1
2022,071050,上海市怒江中学,复附,复旦大学附属中学,,委属,0,【普陀】【2022】名额到校计划.pdf,1
2022,071050,上海市怒江中学,交附,上海交通大学附属中学,,委属,0,【普陀】【2022】名额到校计划.pdf,1
2022,071050,上海市怒江中学,上师大,上海师范大学附属中学,,委属,0,【普陀】【2022】名额到校计划.pdf,1
2022,071050,上海市怒江中学,华二普陀,华东师范大学第二附属中学（普陀校区）,,区属,1,【普陀】【2022】名额到校计划.pdf,1
2022,071050,上海市怒江中学,二中,上海市曹杨第二中学,,区属,2,【普陀】【2022】名额到校计划.pdf,1
2022,071050,上海市怒江中学,晋元,上海市晋元高级中学,,区属,1,【普陀】【2022】名额到校计划.pdf,1
2022,071050,上海市怒江中学,宜川,上海市宜川中学,,区属,1,【普陀】【2022】名额到校计划.pdf,1
2022,071051,上海师范大学附属第二实验学校,华二,华东师范大学第二附属中学,,委属,0,【普陀】【2022】名额到校计划.pdf,1
2022,071051,上海师范大学附属第二实验学校,上中,上海市上海中学,,委属,0,【普陀】【2022】名额到校计划.pdf,1
2022,071051,上海师范大学附属第二实验学校,复附,复旦大学附属中学,,委属,0,【普陀】【2022】名额到校计划.pdf,1
2022,071051,上海师范大学附属第二实验学校,交附,上海交通大学附属中学,,委属,0,【普陀】【2022】名额到校计划.pdf,1
2022,071051,上海师范大学附属第二实验学校,上师大,上海师范大学附属中学,,委属,0,【普陀】【2022】名额到校计划.pdf,1
2022,071051,上海师范大学附属第二实验学校,华二普陀,华东师范大学第二附属中学（普陀校区）,,区属,2,【普陀】【2022】名额到校计划.pdf,1
2022,071051,上海师范大学附属第二实验学校,二中,上海市曹杨第二中学,,区属,4,【普陀】【2022】名额到校计划.pdf,1
2022,071051,上海师范大学附属第二实验学校,晋元,上海市晋元高级中学,,区属,5,【普陀】【2022】名额到校计划.pdf,1
2022,071051,上海师范大学附属第二实验学校,宜川,上海市宜川中学,,区属,5,【普陀】【2022】名额到校计划.pdf,1
2022,071053,上海市真北中学,华二,华东师范大学第二附属中学,,委属,0,【普陀】【2022】名额到校计划.pdf,1
2022,071053,上海市真北中学,上中,上海市上海中学,,委属,0,【普陀】【2022】名额到校计划.pdf,1
2022,071053,上海市真北中学,复附,复旦大学附属中学,,委属,0,【普陀】【2022】名额到校计划.pdf,1
2022,071053,上海市真北中学,交附,上海交通大学附属中学,,委属,0,【普陀】【2022】名额到校计划.pdf,1
2022,071053,上海市真北中学,上师大,上海师范大学附属中学,,委属,0,【普陀】【2022】名额到校计划.pdf,1
2022,071053,上海市真北中学,华二普陀,华东师范大学第二附属中学（普陀校区）,,区属,1,【普陀】【2022】名额到校计划.pdf,1
2022,071053,上海市真北中学,二中,上海市曹杨第二中学,,区属,3,【普陀】【2022】名额到校计划.pdf,1
2022,071053,上海市真北中学,晋元,上海市晋元高级中学,,区属,3,【普陀】【2022】名额到校计划.pdf,1
2022,071053,上海市真北中学,宜川,上海市宜川中学,,区属,4,【普陀】【2022】名额到校计划.pdf,1
2022,071054,上海市普陀区教育学院附属中学,华二,华东师范大学第二附属中学,,委属,0,【普陀】【2022】名额到校计划.pdf,1
2022,071054,上海市普陀区教育学院附属中学,上中,上海市上海中学,,委属,0,【普陀】【2022】名额到校计划.pdf,1
2022,071054,上海市普陀区教育学院附属中学,复附,复旦大学附属中学,,委属,0,【普陀】【2022】名额到校计划.pdf,1
2022,071054,上海市普陀区教育学院附属中学,交附,上海交通大学附属中学,,委属,0,【普陀】【2022】名额到校计划.pdf,1
2022,071054,上海市普陀区教育学院附属中学,上师大,上海师范大学附属中学,,委属,0,【普陀】【2022】名额到校计划.pdf,1
2022,071054,上海市普陀区教育学院附属中学,华二普陀,华东师范大学第二附属中学（普陀校区）,,区属,4,【普陀】【2022】名额到校计划.pdf,1
2022,071054,上海市普陀区教育学院附属中学,二中,上海市曹杨第二中学,,区属,10,【普陀】【2022】名额到校计划.pdf,1
2022,071054,上海市普陀区教育学院附属中学,晋元,上海市晋元高级中学,,区属,10,【普陀】【2022】名额到校计划.pdf,1
2022,071054,上海市普陀区教育学院附属中学,宜川,上海市宜川中学,,区属,10,【普陀】【2022】名额到校计划.pdf,1
2022,071056,上海市梅陇中学,华二,华东师范大学第二附属中学,,委属,0,【普陀】【2022】名额到校计划.pdf,1
2022,071056,上海市梅陇中学,上中,上海市上海中学,,委属,0,【普陀】【2022】名额到校计划.pdf,1
2022,071056,上海市梅陇中学,复附,复旦大学附属中学,,委属,0,【普陀】【2022】名额到校计划.pdf,1
2022,071056,上海市梅陇中学,交附,上海交通大学附属中学,,委属,1,【普陀】【2022】名额到校计划.pdf,1
2022,071056,上海市梅陇中学,上师大,上海师范大学附属中学,,委属,0,【普陀】【2022】名额到校计划.pdf,1
2022,071056,上海市梅陇中学,华二普陀,华东师范大学第二附属中学（普陀校区）,,区属,6,【普陀】【2022】名额到校计划.pdf,1
2022,071056,上海市梅陇中学,二中,上海市曹杨第二中学,,区属,18,【普陀】【2022】名额到校计划.pdf,1
2022,071056,上海市梅陇中学,晋元,上海市晋元高级中学,,区属,19,【普陀】【2022】名额到校计划.pdf,1
2022,071056,上海市梅陇中学,宜川,上海市宜川中学,,区属,20,【普陀】【2022】名额到校计划.pdf,1
2022,073004,上海市曹杨中学,华二,华东师范大学第二附属中学,,委属,0,【普陀】【2022】名额到校计划.pdf,1
2022,073004,上海市曹杨中学,上中,上海市上海中学,,委属,0,【普陀】【2022】名额到校计划.pdf,1
2022,073004,上海市曹杨中学,复附,复旦大学附属中学,,委属,0,【普陀】【2022】名额到校计划.pdf,1
2022,073004,上海市曹杨中学,交附,上海交通大学附属中学,,委属,1,【普陀】【2022】名额到校计划.pdf,1
2022,073004,上海市曹杨中学,上师大,上海师范大学附属中学,,委属,0,【普陀】【2022】名额到校计划.pdf,1
2022,073004,上海市曹杨中学,华二普陀,华东师范大学第二附属中学（普陀校区）,,区属,2,【普陀】【2022】名额到校计划.pdf,1
2022,073004,上海市曹杨中学,二中,上海市曹杨第二中学,,区属,9,【普陀】【2022】名额到校计划.pdf,1
2022,073004,上海市曹杨中学,晋元,上海市晋元高级中学,,区属,8,【普陀】【2022】名额到校计划.pdf,1
2022,073004,上海市曹杨中学,宜川,上海市宜川中学,,区属,9,【普陀】【2022】名额到校计划.pdf,1
2022,074005,同济大学第二附属中学,华二,华东师范大学第二附属中学,,委属,0,【普陀】【2022】名额到校计划.pdf,1
2022,074005,同济大学第二附属中学,上中,上海市上海中学,,委属,0,【普陀】【2022】名额到校计划.pdf,1
2022,074005,同济大学第二附属中学,复附,复旦大学附属中学,,委属,1,【普陀】【2022】名额到校计划.pdf,1
2022,074005,同济大学第二附属中学,交附,上海交通大学附属中学,,委属,0,【普陀】【2022】名额到校计划.pdf,1
2022,074005,同济大学第二附属中学,上师大,上海师范大学附属中学,,委属,0,【普陀】【2022】名额到校计划.pdf,1
2022,074005,同济大学第二附属中学,华二普陀,华东师范大学第二附属中学（普陀校区）,,区属,1,【普陀】【2022】名额到校计划.pdf,1
2022,074005,同济大学第二附属中学,二中,上海市曹杨第二中学,,区属,5,【普陀】【2022】名额到校计划.pdf,1
2022,074005,同济大学第二附属中学,晋元,上海市晋元高级中学,,区属,5,【普陀】【2022】名额到校计划.pdf,1
2022,074005,同济大学第二附属中学,宜川,上海市宜川中学,,区属,6,【普陀】【2022】名额到校计划.pdf,1
2022,074009,上海市新杨中学,华二,华东师范大学第二附属中学,,委属,0,【普陀】【2022】名额到校计划.pdf,1
2022,074009,上海市新杨中学,上中,上海市上海中学,,委属,0,【普陀】【2022】名额到校计划.pdf,1
2022,074009,上海市新杨中学,复附,复旦大学附属中学,,委属,0,【普陀】【2022】名额到校计划.pdf,1
2022,074009,上海市新杨中学,交附,上海交通大学附属中学,,委属,0,【普陀】【2022】名额到校计划.pdf,1
2022,074009,上海市新杨中学,上师大,上海师范大学附属中学,,委属,0,【普陀】【2022】名额到校计划.pdf,1
2022,074009,上海市新杨中学,华二普陀,华东师范大学第二附属中学（普陀校区）,,区属,2,【普陀】【2022】名额到校计划.pdf,1
2022,074009,上海市新杨中学,二中,上海市曹杨第二中学,,区属,7,【普陀】【2022】名额到校计划.pdf,1
2022,074009,上海市新杨中学,晋元,上海市晋元高级中学,,区属,7,【普陀】【2022】名额到校计划.pdf,1
2022,074009,上海市新杨中学,宜川,上海市宜川中学,,区属,6,【普陀】【2022】名额到校计划.pdf,1
2022,074010,上海市长征中学,华二,华东师范大学第二附属中学,,委属,0,【普陀】【2022】名额到校计划.pdf,1
2022,074010,上海市长征中学,上中,上海市上海中学,,委属,0,【普陀】【2022】名额到校计划.pdf,1
2022,074010,上海市长征中学,复附,复旦大学附属中学,,委属,0,【普陀】【2022】名额到校计划.pdf,1
2022,074010,上海市长征中学,交附,上海交通大学附属中学,,委属,0,【普陀】【2022】名额到校计划.pdf,1
2022,074010,上海市长征中学,上师大,上海师范大学附属中学,,委属,0,【普陀】【2022】名额到校计划.pdf,1
2022,074010,上海市长征中学,华二普陀,华东师范大学第二附属中学（普陀校区）,,区属,2,【普陀】【2022】名额到校计划.pdf,1
2022,074010,上海市长征中学,二中,上海市曹杨第二中学,,区属,6,【普陀】【2022】名额到校计划.pdf,1
2022,074010,上海市长征中学,晋元,上海市晋元高级中学,,区属,7,【普陀】【2022】名额到校计划.pdf,1
2022,074010,上海市长征中学,宜川,上海市宜川中学,,区属,8,【普陀】【2022】名额到校计划.pdf,1
2022,074011,上海市桃浦中学,华二,华东师范大学第二附属中学,,委属,0,【普陀】【2022】名额到校计划.pdf,1
2022,074011,上海市桃浦中学,上中,上海市上海中学,,委属,0,【普陀】【2022】名额到校计划.pdf,1
2022,074011,上海市桃浦中学,复附,复旦大学附属中学,,委属,0,【普陀】【2022】名额到校计划.pdf,1
2022,074011,上海市桃浦中学,交附,上海交通大学附属中学,,委属,0,【普陀】【2022】名额到校计划.pdf,1
2022,074011,上海市桃浦中学,上师大,上海师范大学附属中学,,委属,0,【普陀】【2022】名额到校计划.pdf,1
2022,074011,上海市桃浦中学,华二普陀,华东师范大学第二附属中学（普陀校区）,,区属,2,【普陀】【2022】名额到校计划.pdf,1
2022,074011,上海市桃浦中学,二中,上海市曹杨第二中学,,区属,3,【普陀】【2022】名额到校计划.pdf,1
2022,074011,上海市桃浦中学,晋元,上海市晋元高级中学,,区属,4,【普陀】【2022】名额到校计划.pdf,1
2022,074011,上海市桃浦中学,宜川,上海市宜川中学,,区属,4,【普陀】【2022】名额到校计划.pdf,1
2022,074012,上海市晋元高级中学附属学校南校,华二,华东师范大学第二附属中学,,委属,0,【普陀】【2022】名额到校计划.pdf,1
2022,074012,上海市晋元高级中学附属学校南校,上中,上海市上海中学,,委属,0,【普陀】【2022】名额到校计划.pdf,1
2022,074012,上海市晋元高级中学附属学校南校,复附,复旦大学附属中学,,委属,0,【普陀】【2022】名额到校计划.pdf,1
2022,074012,上海市晋元高级中学附属学校南校,交附,上海交通大学附属中学,,委属,0,【普陀】【2022】名额到校计划.pdf,1
2022,074012,上海市晋元高级中学附属学校南校,上师大,上海师范大学附属中学,,委属,0,【普陀】【2022】名额到校计划.pdf,1
2022,074012,上海市晋元高级中学附属学校南校,华二普陀,华东师范大学第二附属中学（普陀校区）,,区属,1,【普陀】【2022】名额到校计划.pdf,1
2022,074012,上海市晋元高级中学附属学校南校,二中,上海市曹杨第二中学,,区属,2,【普陀】【2022】名额到校计划.pdf,1
2022,074012,上海市晋元高级中学附属学校南校,晋元,上海市晋元高级中学,,区属,1,【普陀】【2022】名额到校计划.pdf,1
2022,074012,上海市晋元高级中学附属学校南校,宜川,上海市宜川中学,,区属,1,【普陀】【2022】名额到校计划.pdf,1
2022,075044,上海市光新学校,华二,华东师范大学第二附属中学,,委属,0,【普陀】【2022】名额到校计划.pdf,1
2022,075044,上海市光新学校,上中,上海市上海中学,,委属,0,【普陀】【2022】名额到校计划.pdf,1
2022,075044,上海市光新学校,复附,复旦大学附属中学,,委属,0,【普陀】【2022】名额到校计划.pdf,1
2022,075044,上海市光新学校,交附,上海交通大学附属中学,,委属,0,【普陀】【2022】名额到校计划.pdf,1
2022,075044,上海市光新学校,上师大,上海师范大学附属中学,,委属,0,【普陀】【2022】名额到校计划.pdf,1
2022,075044,上海市光新学校,华二普陀,华东师范大学第二附属中学（普陀校区）,,区属,1,【普陀】【2022】名额到校计划.pdf,1
2022,075044,上海市光新学校,二中,上海市曹杨第二中学,,区属,1,【普陀】【2022】名额到校计划.pdf,1
2022,075044,上海市光新学校,晋元,上海市晋元高级中学,,区属,1,【普陀】【2022】名额到校计划.pdf,1
2022,075044,上海市光新学校,宜川,上海市宜川中学,,区属,1,【普陀】【2022】名额到校计划.pdf,1
2022,075061,上海市铜川学校,华二,华东师范大学第二附属中学,,委属,0,【普陀】【2022】名额到校计划.pdf,1
2022,075061,上海市铜川学校,上中,上海市上海中学,,委属,1,【普陀】【2022】名额到校计划.pdf,1
2022,075061,上海市铜川学校,复附,复旦大学附属中学,,委属,0,【普陀】【2022】名额到校计划.pdf,1
2022,075061,上海市铜川学校,交附,上海交通大学附属中学,,委属,0,【普陀】【2022】名额到校计划.pdf,1
2022,075061,上海市铜川学校,上师大,上海师范大学附属中学,,委属,0,【普陀】【2022】名额到校计划.pdf,1
2022,075061,上海市铜川学校,华二普陀,华东师范大学第二附属中学（普陀校区）,,区属,1,【普陀】【2022】名额到校计划.pdf,1
2022,075061,上海市铜川学校,二中,上海市曹杨第二中学,,区属,4,【普陀】【2022】名额到校计划.pdf,1
2022,075061,上海市铜川学校,晋元,上海市晋元高级中学,,区属,5,【普陀】【2022】名额到校计划.pdf,1
2022,075061,上海市铜川学校,宜川,上海市宜川中学,,区属,4,【普陀】【2022】名额到校计划.pdf,1
2022,075062,上海市沙田学校,华二,华东师范大学第二附属中学,,委属,0,【普陀】【2022】名额到校计划.pdf,1
2022,075062,上海市沙田学校,上中,上海市上海中学,,委属,0,【普陀】【2022】名额到校计划.pdf,1
2022,075062,上海市沙田学校,复附,复旦大学附属中学,,委属,0,【普陀】【2022】名额到校计划.pdf,1
2022,075062,上海市沙田学校,交附,上海交通大学附属中学,,委属,0,【普陀】【2022】名额到校计划.pdf,1
2022,075062,上海市沙田学校,上师大,上海师范大学附属中学,,委属,0,【普陀】【2022】名额到校计划.pdf,1
2022,075062,上海市沙田学校,华二普陀,华东师范大学第二附属中学（普陀校区）,,区属,1,【普陀】【2022】名额到校计划.pdf,1
2022,075062,上海市沙田学校,二中,上海市曹杨第二中学,,区属,2,【普陀】【2022】名额到校计划.pdf,1
2022,075062,上海市沙田学校,晋元,上海市晋元高级中学,,区属,3,【普陀】【2022】名额到校计划.pdf,1
2022,075062,上海市沙田学校,宜川,上海市宜川中学,,区属,2,【普陀】【2022】名额到校计划.pdf,1
2022,075063,华东师范大学附属外国语实验学校,华二,华东师范大学第二附属中学,,委属,0,【普陀】【2022】名额到校计划.pdf,1
2022,075063,华东师范大学附属外国语实验学校,上中,上海市上海中学,,委属,0,【普陀】【2022】名额到校计划.pdf,1
2022,075063,华东师范大学附属外国语实验学校,复附,复旦大学附属中学,,委属,0,【普陀】【2022】名额到校计划.pdf,1
2022,075063,华东师范大学附属外国语实验学校,交附,上海交通大学附属中学,,委属,0,【普陀】【2022】名额到校计划.pdf,1
2022,075063,华东师范大学附属外国语实验学校,上师大,上海师范大学附属中学,,委属,1,【普陀】【2022】名额到校计划.pdf,1
2022,075063,华东师范大学附属外国语实验学校,华二普陀,华东师范大学第二附属中学（普陀校区）,,区属,2,【普陀】【2022】名额到校计划.pdf,1
2022,075063,华东师范大学附属外国语实验学校,二中,上海市曹杨第二中学,,区属,4,【普陀】【2022】名额到校计划.pdf,1
2022,075063,华东师范大学附属外国语实验学校,晋元,上海市晋元高级中学,,区属,3,【普陀】【2022】名额到校计划.pdf,1
2022,075063,华东师范大学附属外国语实验学校,宜川,上海市宜川中学,,区属,3,【普陀】【2022】名额到校计划.pdf,1
2022,075064,上海市子长学校,华二,华东师范大学第二附属中学,,委属,0,【普陀】【2022】名额到校计划.pdf,1
2022,075064,上海市子长学校,上中,上海市上海中学,,委属,0,【普陀】【2022】名额到校计划.pdf,1
2022,075064,上海市子长学校,复附,复旦大学附属中学,,委属,0,【普陀】【2022】名额到校计划.pdf,1
2022,075064,上海市子长学校,交附,上海交通大学附属中学,,委属,0,【普陀】【2022】名额到校计划.pdf,1
2022,075064,上海市子长学校,上师大,上海师范大学附属中学,,委属,0,【普陀】【2022】名额到校计划.pdf,1
2022,075064,上海市子长学校,华二普陀,华东师范大学第二附属中学（普陀校区）,,区属,1,【普陀】【2022】名额到校计划.pdf,1
2022,075064,上海市子长学校,二中,上海市曹杨第二中学,,区属,1,【普陀】【2022】名额到校计划.pdf,1
2022,075064,上海市子长学校,晋元,上海市晋元高级中学,,区属,2,【普陀】【2022】名额到校计划.pdf,1
2022,075064,上海市子长学校,宜川,上海市宜川中学,,区属,2,【普陀】【2022】名额到校计划.pdf,1
2022,075065,上海市洛川学校,华二,华东师范大学第二附属中学,,委属,0,【普陀】【2022】名额到校计划.pdf,1
2022,075065,上海市洛川学校,上中,上海市上海中学,,委属,0,【普陀】【2022】名额到校计划.pdf,1
2022,075065,上海市洛川学校,复附,复旦大学附属中学,,委属,1,【普陀】【2022】名额到校计划.pdf,1
2022,075065,上海市洛川学校,交附,上海交通大学附属中学,,委属,0,【普陀】【2022】名额到校计划.pdf,1
2022,075065,上海市洛川学校,上师大,上海师范大学附属中学,,委属,0,【普陀】【2022】名额到校计划.pdf,1
2022,075065,上海市洛川学校,华二普陀,华东师范大学第二附属中学（普陀校区）,,区属,1,【普陀】【2022】名额到校计划.pdf,1
2022,075065,上海市洛川学校,二中,上海市曹杨第二中学,,区属,5,【普陀】【2022】名额到校计划.pdf,1
2022,075065,上海市洛川学校,晋元,上海市晋元高级中学,,区属,5,【普陀】【2022】名额到校计划.pdf,1
2022,075065,上海市洛川学校,宜川,上海市宜川中学,,区属,5,【普陀】【2022】名额到校计划.pdf,1
2022,075066,上海市宜川中学附属学校,华二,华东师范大学第二附属中学,,委属,0,【普陀】【2022】名额到校计划.pdf,2
2022,075066,上海市宜川中学附属学校,上中,上海市上海中学,,委属,0,【普陀】【2022】名额到校计划.pdf,2
2022,075066,上海市宜川中学附属学校,复附,复旦大学附属中学,,委属,0,【普陀】【2022】名额到校计划.pdf,2
2022,075066,上海市宜川中学附属学校,交附,上海交通大学附属中学,,委属,0,【普陀】【2022】名额到校计划.pdf,2
2022,075066,上海市宜川中学附属学校,上师大,上海师范大学附属中学,,委属,0,【普陀】【2022】名额到校计划.pdf,2
2022,075066,上海市宜川中学附属学校,华二普陀,华东师范大学第二附属中学（普陀校区）,,区属,2,【普陀】【2022】名额到校计划.pdf,2
2022,075066,上海市宜川中学附属学校,二中,上海市曹杨第二中学,,区属,4,【普陀】【2022】名额到校计划.pdf,2
2022,075066,上海市宜川中学附属学校,晋元,上海市晋元高级中学,,区属,3,【普陀】【2022】名额到校计划.pdf,2
2022,075066,上海市宜川中学附属学校,宜川,上海市宜川中学,,区属,3,【普陀】【2022】名额到校计划.pdf,2
2022,075067,上海市曹杨中学附属学校,华二,华东师范大学第二附属中学,,委属,0,【普陀】【2022】名额到校计划.pdf,2
2022,075067,上海市曹杨中学附属学校,上中,上海市上海中学,,委属,0,【普陀】【2022】名额到校计划.pdf,2
2022,075067,上海市曹杨中学附属学校,复附,复旦大学附属中学,,委属,0,【普陀】【2022】名额到校计划.pdf,2
2022,075067,上海市曹杨中学附属学校,交附,上海交通大学附属中学,,委属,1,【普陀】【2022】名额到校计划.pdf,2
2022,075067,上海市曹杨中学附属学校,上师大,上海师范大学附属中学,,委属,0,【普陀】【2022】名额到校计划.pdf,2
2022,075067,上海市曹杨中学附属学校,华二普陀,华东师范大学第二附属中学（普陀校区）,,区属,1,【普陀】【2022】名额到校计划.pdf,2
2022,075067,上海市曹杨中学附属学校,二中,上海市曹杨第二中学,,区属,4,【普陀】【2022】名额到校计划.pdf,2
2022,075067,上海市曹杨中学附属学校,晋元,上海市晋元高级中学,,区属,4,【普陀】【2022】名额到校计划.pdf,2
2022,075067,上海市曹杨中学附属学校,宜川,上海市宜川中学,,区属,4,【普陀】【2022】名额到校计划.pdf,2
2022,075068,上海市普陀区教育学院附属学校,华二,华东师范大学第二附属中学,,委属,0,【普陀】【2022】名额到校计划.pdf,2
2022,075068,上海市普陀区教育学院附属学校,上中,上海市上海中学,,委属,0,【普陀】【2022】名额到校计划.pdf,2
2022,075068,上海市普陀区教育学院附属学校,复附,复旦大学附属中学,,委属,0,【普陀】【2022】名额到校计划.pdf,2
2022,075068,上海市普陀区教育学院附属学校,交附,上海交通大学附属中学,,委属,0,【普陀】【2022】名额到校计划.pdf,2
2022,075068,上海市普陀区教育学院附属学校,上师大,上海师范大学附属中学,,委属,0,【普陀】【2022】名额到校计划.pdf,2
2022,075068,上海市普陀区教育学院附属学校,华二普陀,华东师范大学第二附属中学（普陀校区）,,区属,1,【普陀】【2022】名额到校计划.pdf,2
2022,075068,上海市普陀区教育学院附属学校,二中,上海市曹杨第二中学,,区属,1,【普陀】【2022】名额到校计划.pdf,2
2022,075068,上海市普陀区教育学院附属学校,晋元,上海市晋元高级中学,,区属,1,【普陀】【2022】名额到校计划.pdf,2
2022,075068,上海市普陀区教育学院附属学校,宜川,上海市宜川中学,,区属,1,【普陀】【2022】名额到校计划.pdf,2
2022,075069,上海市晋元高级中学附属学校,华二,华东师范大学第二附属中学,,委属,1,【普陀】【2022】名额到校计划.pdf,2
2022,075069,上海市晋元高级中学附属学校,上中,上海市上海中学,,委属,0,【普陀】【2022】名额到校计划.pdf,2
2022,075069,上海市晋元高级中学附属学校,复附,复旦大学附属中学,,委属,0,【普陀】【2022】名额到校计划.pdf,2
2022,075069,上海市晋元高级中学附属学校,交附,上海交通大学附属中学,,委属,0,【普陀】【2022】名额到校计划.pdf,2
2022,075069,上海市晋元高级中学附属学校,上师大,上海师范大学附属中学,,委属,0,【普陀】【2022】名额到校计划.pdf,2
2022,075069,上海市晋元高级中学附属学校,华二普陀,华东师范大学第二附属中学（普陀校区）,,区属,4,【普陀】【2022】名额到校计划.pdf,2
2022,075069,上海市晋元高级中学附属学校,二中,上海市曹杨第二中学,,区属,15,【普陀】【2022】名额到校计划.pdf,2
2022,075069,上海市晋元高级中学附属学校,晋元,上海市晋元高级中学,,区属,14,【普陀】【2022】名额到校计划.pdf,2
2022,075069,上海市晋元高级中学附属学校,宜川,上海市宜川中学,,区属,15,【普陀】【2022】名额到校计划.pdf,2
2022,075083,上海市晋元高级中学附属学校西校,华二,华东师范大学第二附属中学,,委属,1,【普陀】【2022】名额到校计划.pdf,2
2022,075083,上海市晋元高级中学附属学校西校,上中,上海市上海中学,,委属,0,【普陀】【2022】名额到校计划.pdf,2
2022,075083,上海市晋元高级中学附属学校西校,复附,复旦大学附属中学,,委属,0,【普陀】【2022】名额到校计划.pdf,2
2022,075083,上海市晋元高级中学附属学校西校,交附,上海交通大学附属中学,,委属,0,【普陀】【2022】名额到校计划.pdf,2
2022,075083,上海市晋元高级中学附属学校西校,上师大,上海师范大学附属中学,,委属,0,【普陀】【2022】名额到校计划.pdf,2
2022,075083,上海市晋元高级中学附属学校西校,华二普陀,华东师范大学第二附属中学（普陀校区）,,区属,4,【普陀】【2022】名额到校计划.pdf,2
2022,075083,上海市晋元高级中学附属学校西校,二中,上海市曹杨第二中学,,区属,15,【普陀】【2022】名额到校计划.pdf,2
2022,075083,上海市晋元高级中学附属学校西校,晋元,上海市晋元高级中学,,区属,14,【普陀】【2022】名额到校计划.pdf,2
2022,075083,上海市晋元高级中学附属学校西校,宜川,上海市宜川中学,,区属,15,【普陀】【2022】名额到校计划.pdf,2
2022,075070,上海市曹杨第二中学附属学校,华二,华东师范大学第二附属中学,,委属,0,【普陀】【2022】名额到校计划.pdf,2
2022,075070,上海市曹杨第二中学附属学校,上中,上海市上海中学,,委属,1,【普陀】【2022】名额到校计划.pdf,2
2022,075070,上海市曹杨第二中学附属学校,复附,复旦大学附属中学,,委属,0,【普陀】【2022】名额到校计划.pdf,2
2022,075070,上海市曹杨第二中学附属学校,交附,上海交通大学附属中学,,委属,0,【普陀】【2022】名额到校计划.pdf,2
2022,075070,上海市曹杨第二中学附属学校,上师大,上海师范大学附属中学,,委属,0,【普陀】【2022】名额到校计划.pdf,2
2022,075070,上海市曹杨第二中学附属学校,华二普陀,华东师范大学第二附属中学（普陀校区）,,区属,3,【普陀】【2022】名额到校计划.pdf,2
2022,075070,上海市曹杨第二中学附属学校,二中,上海市曹杨第二中学,,区属,10,【普陀】【2022】名额到校计划.pdf,2
2022,075070,上海市曹杨第二中学附属学校,晋元,上海市晋元高级中学,,区属,12,【普陀】【2022】名额到校计划.pdf,2
2022,075070,上海市曹杨第二中学附属学校,宜川,上海市宜川中学,,区属,12,【普陀】【2022】名额到校计划.pdf,2
2022,075072,上海市江宁学校,华二,华东师范大学第二附属中学,,委属,0,【普陀】【2022】名额到校计划.pdf,2
2022,075072,上海市江宁学校,上中,上海市上海中学,,委属,0,【普陀】【2022】名额到校计划.pdf,2
2022,075072,上海市江宁学校,复附,复旦大学附属中学,,委属,0,【普陀】【2022】名额到校计划.pdf,2
2022,075072,上海市江宁学校,交附,上海交通大学附属中学,,委属,0,【普陀】【2022】名额到校计划.pdf,2
2022,075072,上海市江宁学校,上师大,上海师范大学附属中学,,委属,0,【普陀】【2022】名额到校计划.pdf,2
2022,075072,上海市江宁学校,华二普陀,华东师范大学第二附属中学（普陀校区）,,区属,2,【普陀】【2022】名额到校计划.pdf,2
2022,075072,上海市江宁学校,二中,上海市曹杨第二中学,,区属,6,【普陀】【2022】名额到校计划.pdf,2
2022,075072,上海市江宁学校,晋元,上海市晋元高级中学,,区属,7,【普陀】【2022】名额到校计划.pdf,2
2022,075072,上海市江宁学校,宜川,上海市宜川中学,,区属,6,【普陀】【2022】名额到校计划.pdf,2
2022,075073,上海市中远实验学校,华二,华东师范大学第二附属中学,,委属,0,【普陀】【2022】名额到校计划.pdf,2
2022,075073,上海市中远实验学校,上中,上海市上海中学,,委属,1,【普陀】【2022】名额到校计划.pdf,2
2022,075073,上海市中远实验学校,复附,复旦大学附属中学,,委属,0,【普陀】【2022】名额到校计划.pdf,2
2022,075073,上海市中远实验学校,交附,上海交通大学附属中学,,委属,0,【普陀】【2022】名额到校计划.pdf,2
2022,075073,上海市中远实验学校,上师大,上海师范大学附属中学,,委属,0,【普陀】【2022】名额到校计划.pdf,2
2022,075073,上海市中远实验学校,华二普陀,华东师范大学第二附属中学（普陀校区）,,区属,2,【普陀】【2022】名额到校计划.pdf,2
2022,075073,上海市中远实验学校,二中,上海市曹杨第二中学,,区属,6,【普陀】【2022】名额到校计划.pdf,2
2022,075073,上海市中远实验学校,晋元,上海市晋元高级中学,,区属,7,【普陀】【2022】名额到校计划.pdf,2
2022,075073,上海市中远实验学校,宜川,上海市宜川中学,,区属,7,【普陀】【2022】名额到校计划.pdf,2
2022,075078,上海外国语大学尚阳外国语学校,华二,华东师范大学第二附属中学,,委属,0,【普陀】【2022】名额到校计划.pdf,2
2022,075078,上海外国语大学尚阳外国语学校,上中,上海市上海中学,,委属,0,【普陀】【2022】名额到校计划.pdf,2
2022,075078,上海外国语大学尚阳外国语学校,复附,复旦大学附属中学,,委属,0,【普陀】【2022】名额到校计划.pdf,2
2022,075078,上海外国语大学尚阳外国语学校,交附,上海交通大学附属中学,,委属,0,【普陀】【2022】名额到校计划.pdf,2
2022,075078,上海外国语大学尚阳外国语学校,上师大,上海师范大学附属中学,,委属,0,【普陀】【2022】名额到校计划.pdf,2
2022,075078,上海外国语大学尚阳外国语学校,华二普陀,华东师范大学第二附属中学（普陀校区）,,区属,1,【普陀】【2022】名额到校计划.pdf,2
2022,075078,上海外国语大学尚阳外国语学校,二中,上海市曹杨第二中学,,区属,5,【普陀】【2022】名额到校计划.pdf,2
2022,075078,上海外国语大学尚阳外国语学校,晋元,上海市晋元高级中学,,区属,6,【普陀】【2022】名额到校计划.pdf,2
2022,075078,上海外国语大学尚阳外国语学校,宜川,上海市宜川中学,,区属,5,【普陀】【2022】名额到校计划.pdf,2
2022,075079,上海市文达学校,华二,华东师范大学第二附属中学,,委属,0,【普陀】【2022】名额到校计划.pdf,2
2022,075079,上海市文达学校,上中,上海市上海中学,,委属,0,【普陀】【2022】名额到校计划.pdf,2
2022,075079,上海市文达学校,复附,复旦大学附属中学,,委属,0,【普陀】【2022】名额到校计划.pdf,2
2022,075079,上海市文达学校,交附,上海交通大学附属中学,,委属,0,【普陀】【2022】名额到校计划.pdf,2
2022,075079,上海市文达学校,上师大,上海师范大学附属中学,,委属,0,【普陀】【2022】名额到校计划.pdf,2
2022,075079,上海市文达学校,华二普陀,华东师范大学第二附属中学（普陀校区）,,区属,1,【普陀】【2022】名额到校计划.pdf,2
2022,075079,上海市文达学校,二中,上海市曹杨第二中学,,区属,4,【普陀】【2022】名额到校计划.pdf,2
2022,075079,上海市文达学校,晋元,上海市晋元高级中学,,区属,4,【普陀】【2022】名额到校计划.pdf,2
2022,075079,上海市文达学校,宜川,上海市宜川中学,,区属,3,【普陀】【2022】名额到校计划.pdf,2
2022,075080,上海理工大学附属普陀实验学校,华二,华东师范大学第二附属中学,,委属,0,【普陀】【2022】名额到校计划.pdf,2
2022,075080,上海理工大学附属普陀实验学校,上中,上海市上海中学,,委属,0,【普陀】【2022】名额到校计划.pdf,2
2022,075080,上海理工大学附属普陀实验学校,复附,复旦大学附属中学,,委属,0,【普陀】【2022】名额到校计划.pdf,2
2022,075080,上海理工大学附属普陀实验学校,交附,上海交通大学附属中学,,委属,0,【普陀】【2022】名额到校计划.pdf,2
2022,075080,上海理工大学附属普陀实验学校,上师大,上海师范大学附属中学,,委属,0,【普陀】【2022】名额到校计划.pdf,2
2022,075080,上海理工大学附属普陀实验学校,华二普陀,华东师范大学第二附属中学（普陀校区）,,区属,1,【普陀】【2022】名额到校计划.pdf,2
2022,075080,上海理工大学附属普陀实验学校,二中,上海市曹杨第二中学,,区属,1,【普陀】【2022】名额到校计划.pdf,2
2022,075080,上海理工大学附属普陀实验学校,晋元,上海市晋元高级中学,,区属,1,【普陀】【2022】名额到校计划.pdf,2
2022,075080,上海理工大学附属普陀实验学校,宜川,上海市宜川中学,,区属,1,【普陀】【2022】名额到校计划.pdf,2
2022,075113,上海市万里城实验学校,华二,华东师范大学第二附属中学,,委属,0,【普陀】【2022】名额到校计划.pdf,2
2022,075113,上海市万里城实验学校,上中,上海市上海中学,,委属,0,【普陀】【2022】名额到校计划.pdf,2
2022,075113,上海市万里城实验学校,复附,复旦大学附属中学,,委属,0,【普陀】【2022】名额到校计划.pdf,2
2022,075113,上海市万里城实验学校,交附,上海交通大学附属中学,,委属,1,【普陀】【2022】名额到校计划.pdf,2
2022,075113,上海市万里城实验学校,上师大,上海师范大学附属中学,,委属,0,【普陀】【2022】名额到校计划.pdf,2
2022,075113,上海市万里城实验学校,华二普陀,华东师范大学第二附属中学（普陀校区）,,区属,2,【普陀】【2022】名额到校计划.pdf,2
2022,075113,上海市万里城实验学校,二中,上海市曹杨第二中学,,区属,6,【普陀】【2022】名额到校计划.pdf,2
2022,075113,上海市万里城实验学校,晋元,上海市晋元高级中学,,区属,5,【普陀】【2022】名额到校计划.pdf,2
2022,075113,上海市万里城实验学校,宜川,上海市宜川中学,,区属,5,【普陀】【2022】名额到校计划.pdf,2
2024,071045,上海市洵阳中学,华二,华东师范大学第二附属中学,,委属,0,【普陀】【2024】名额到校计划.pdf,1
2024,071045,上海市洵阳中学,上中,上海市上海中学,,委属,0,【普陀】【2024】名额到校计划.pdf,1
2024,071045,上海市洵阳中学,复附,复旦大学附属中学,,委属,0,【普陀】【2024】名额到校计划.pdf,1
2024,071045,上海市洵阳中学,交附,上海交通大学附属中学,,委属,0,【普陀】【2024】名额到校计划.pdf,1
2024,071045,上海市洵阳中学,上师大,上海师范大学附属中学,,委属,0,【普陀】【2024】名额到校计划.pdf,1
2024,071045,上海市洵阳中学,华二普陀,华东师范大学第二附属中学（普陀校区）,,区属,1,【普陀】【2024】名额到校计划.pdf,1
2024,071045,上海市洵阳中学,二中,上海市曹杨第二中学,,区属,1,【普陀】【2024】名额到校计划.pdf,1
2024,071045,上海市洵阳中学,晋元,上海市晋元高级中学,,区属,2,【普陀】【2024】名额到校计划.pdf,1
2024,071045,上海市洵阳中学,宜川,上海市宜川中学,,区属,2,【普陀】【2024】名额到校计划.pdf,1
2024,071046,上海市北海中学,华二,华东师范大学第二附属中学,,委属,0,【普陀】【2024】名额到校计划.pdf,1
2024,071046,上海市北海中学,上中,上海市上海中学,,委属,0,【普陀】【2024】名额到校计划.pdf,1
2024,071046,上海市北海中学,复附,复旦大学附属中学,,委属,0,【普陀】【2024】名额到校计划.pdf,1
2024,071046,上海市北海中学,交附,上海交通大学附属中学,,委属,0,【普陀】【2024】名额到校计划.pdf,1
2024,071046,上海市北海中学,上师大,上海师范大学附属中学,,委属,0,【普陀】【2024】名额到校计划.pdf,1
2024,071046,上海市北海中学,华二普陀,华东师范大学第二附属中学（普陀校区）,,区属,1,【普陀】【2024】名额到校计划.pdf,1
2024,071046,上海市北海中学,二中,上海市曹杨第二中学,,区属,5,【普陀】【2024】名额到校计划.pdf,1
2024,071046,上海市北海中学,晋元,上海市晋元高级中学,,区属,4,【普陀】【2024】名额到校计划.pdf,1
2024,071046,上海市北海中学,宜川,上海市宜川中学,,区属,4,【普陀】【2024】名额到校计划.pdf,1
2024,071047,上海市延河中学,华二,华东师范大学第二附属中学,,委属,0,【普陀】【2024】名额到校计划.pdf,1
2024,071047,上海市延河中学,上中,上海市上海中学,,委属,0,【普陀】【2024】名额到校计划.pdf,1
2024,071047,上海市延河中学,复附,复旦大学附属中学,,委属,0,【普陀】【2024】名额到校计划.pdf,1
2024,071047,上海市延河中学,交附,上海交通大学附属中学,,委属,0,【普陀】【2024】名额到校计划.pdf,1
2024,071047,上海市延河中学,上师大,上海师范大学附属中学,,委属,0,【普陀】【2024】名额到校计划.pdf,1
2024,071047,上海市延河中学,华二普陀,华东师范大学第二附属中学（普陀校区）,,区属,1,【普陀】【2024】名额到校计划.pdf,1
2024,071047,上海市延河中学,二中,上海市曹杨第二中学,,区属,3,【普陀】【2024】名额到校计划.pdf,1
2024,071047,上海市延河中学,晋元,上海市晋元高级中学,,区属,3,【普陀】【2024】名额到校计划.pdf,1
2024,071047,上海市延河中学,宜川,上海市宜川中学,,区属,3,【普陀】【2024】名额到校计划.pdf,1
2024,071048,上海市曹杨第二中学附属实验中学,华二,华东师范大学第二附属中学,,委属,0,【普陀】【2024】名额到校计划.pdf,1
2024,071048,上海市曹杨第二中学附属实验中学,上中,上海市上海中学,,委属,0,【普陀】【2024】名额到校计划.pdf,1
2024,071048,上海市曹杨第二中学附属实验中学,复附,复旦大学附属中学,,委属,0,【普陀】【2024】名额到校计划.pdf,1
2024,071048,上海市曹杨第二中学附属实验中学,交附,上海交通大学附属中学,,委属,1,【普陀】【2024】名额到校计划.pdf,1
2024,071048,上海市曹杨第二中学附属实验中学,上师大,上海师范大学附属中学,,委属,0,【普陀】【2024】名额到校计划.pdf,1
2024,071048,上海市曹杨第二中学附属实验中学,华二普陀,华东师范大学第二附属中学（普陀校区）,,区属,2,【普陀】【2024】名额到校计划.pdf,1
2024,071048,上海市曹杨第二中学附属实验中学,二中,上海市曹杨第二中学,,区属,4,【普陀】【2024】名额到校计划.pdf,1
2024,071048,上海市曹杨第二中学附属实验中学,晋元,上海市晋元高级中学,,区属,5,【普陀】【2024】名额到校计划.pdf,1
2024,071048,上海市曹杨第二中学附属实验中学,宜川,上海市宜川中学,,区属,5,【普陀】【2024】名额到校计划.pdf,1
2024,071049,华东师范大学第四附属中学,华二,华东师范大学第二附属中学,,委属,0,【普陀】【2024】名额到校计划.pdf,1
2024,071049,华东师范大学第四附属中学,上中,上海市上海中学,,委属,0,【普陀】【2024】名额到校计划.pdf,1
2024,071049,华东师范大学第四附属中学,复附,复旦大学附属中学,,委属,1,【普陀】【2024】名额到校计划.pdf,1
2024,071049,华东师范大学第四附属中学,交附,上海交通大学附属中学,,委属,0,【普陀】【2024】名额到校计划.pdf,1
2024,071049,华东师范大学第四附属中学,上师大,上海师范大学附属中学,,委属,0,【普陀】【2024】名额到校计划.pdf,1
2024,071049,华东师范大学第四附属中学,华二普陀,华东师范大学第二附属中学（普陀校区）,,区属,2,【普陀】【2024】名额到校计划.pdf,1
2024,071049,华东师范大学第四附属中学,二中,上海市曹杨第二中学,,区属,6,【普陀】【2024】名额到校计划.pdf,1
2024,071049,华东师范大学第四附属中学,晋元,上海市晋元高级中学,,区属,6,【普陀】【2024】名额到校计划.pdf,1
2024,071049,华东师范大学第四附属中学,宜川,上海市宜川中学,,区属,7,【普陀】【2024】名额到校计划.pdf,1
2024,071050,上海市怒江中学,华二,华东师范大学第二附属中学,,委属,0,【普陀】【2024】名额到校计划.pdf,1
2024,071050,上海市怒江中学,上中,上海市上海中学,,委属,0,【普陀】【2024】名额到校计划.pdf,1
2024,071050,上海市怒江中学,复附,复旦大学附属中学,,委属,0,【普陀】【2024】名额到校计划.pdf,1
2024,071050,上海市怒江中学,交附,上海交通大学附属中学,,委属,0,【普陀】【2024】名额到校计划.pdf,1
2024,071050,上海市怒江中学,上师大,上海师范大学附属中学,,委属,0,【普陀】【2024】名额到校计划.pdf,1
2024,071050,上海市怒江中学,华二普陀,华东师范大学第二附属中学（普陀校区）,,区属,1,【普陀】【2024】名额到校计划.pdf,1
2024,071050,上海市怒江中学,二中,上海市曹杨第二中学,,区属,2,【普陀】【2024】名额到校计划.pdf,1
2024,071050,上海市怒江中学,晋元,上海市晋元高级中学,,区属,1,【普陀】【2024】名额到校计划.pdf,1
2024,071050,上海市怒江中学,宜川,上海市宜川中学,,区属,1,【普陀】【2024】名额到校计划.pdf,1
2024,071051,上海师范大学附属第二实验学校,华二,华东师范大学第二附属中学,,委属,0,【普陀】【2024】名额到校计划.pdf,1
2024,071051,上海师范大学附属第二实验学校,上中,上海市上海中学,,委属,0,【普陀】【2024】名额到校计划.pdf,1
2024,071051,上海师范大学附属第二实验学校,复附,复旦大学附属中学,,委属,0,【普陀】【2024】名额到校计划.pdf,1
2024,071051,上海师范大学附属第二实验学校,交附,上海交通大学附属中学,,委属,0,【普陀】【2024】名额到校计划.pdf,1
2024,071051,上海师范大学附属第二实验学校,上师大,上海师范大学附属中学,,委属,0,【普陀】【2024】名额到校计划.pdf,1
2024,071051,上海师范大学附属第二实验学校,华二普陀,华东师范大学第二附属中学（普陀校区）,,区属,1,【普陀】【2024】名额到校计划.pdf,1
2024,071051,上海师范大学附属第二实验学校,二中,上海市曹杨第二中学,,区属,4,【普陀】【2024】名额到校计划.pdf,1
2024,071051,上海师范大学附属第二实验学校,晋元,上海市晋元高级中学,,区属,4,【普陀】【2024】名额到校计划.pdf,1
2024,071051,上海师范大学附属第二实验学校,宜川,上海市宜川中学,,区属,4,【普陀】【2024】名额到校计划.pdf,1
2024,071053,上海市真北中学,华二,华东师范大学第二附属中学,,委属,0,【普陀】【2024】名额到校计划.pdf,1
2024,071053,上海市真北中学,上中,上海市上海中学,,委属,0,【普陀】【2024】名额到校计划.pdf,1
2024,071053,上海市真北中学,复附,复旦大学附属中学,,委属,0,【普陀】【2024】名额到校计划.pdf,1
2024,071053,上海市真北中学,交附,上海交通大学附属中学,,委属,0,【普陀】【2024】名额到校计划.pdf,1
2024,071053,上海市真北中学,上师大,上海师范大学附属中学,,委属,0,【普陀】【2024】名额到校计划.pdf,1
2024,071053,上海市真北中学,华二普陀,华东师范大学第二附属中学（普陀校区）,,区属,1,【普陀】【2024】名额到校计划.pdf,1
2024,071053,上海市真北中学,二中,上海市曹杨第二中学,,区属,3,【普陀】【2024】名额到校计划.pdf,1
2024,071053,上海市真北中学,晋元,上海市晋元高级中学,,区属,3,【普陀】【2024】名额到校计划.pdf,1
2024,071053,上海市真北中学,宜川,上海市宜川中学,,区属,3,【普陀】【2024】名额到校计划.pdf,1
2024,071054,上海市普陀区教育学院附属中学,华二,华东师范大学第二附属中学,,委属,0,【普陀】【2024】名额到校计划.pdf,1
2024,071054,上海市普陀区教育学院附属中学,上中,上海市上海中学,,委属,0,【普陀】【2024】名额到校计划.pdf,1
2024,071054,上海市普陀区教育学院附属中学,复附,复旦大学附属中学,,委属,1,【普陀】【2024】名额到校计划.pdf,1
2024,071054,上海市普陀区教育学院附属中学,交附,上海交通大学附属中学,,委属,0,【普陀】【2024】名额到校计划.pdf,1
2024,071054,上海市普陀区教育学院附属中学,上师大,上海师范大学附属中学,,委属,0,【普陀】【2024】名额到校计划.pdf,1
2024,071054,上海市普陀区教育学院附属中学,华二普陀,华东师范大学第二附属中学（普陀校区）,,区属,4,【普陀】【2024】名额到校计划.pdf,1
2024,071054,上海市普陀区教育学院附属中学,二中,上海市曹杨第二中学,,区属,11,【普陀】【2024】名额到校计划.pdf,1
2024,071054,上海市普陀区教育学院附属中学,晋元,上海市晋元高级中学,,区属,11,【普陀】【2024】名额到校计划.pdf,1
2024,071054,上海市普陀区教育学院附属中学,宜川,上海市宜川中学,,区属,10,【普陀】【2024】名额到校计划.pdf,1
2024,071056,上海市梅陇中学,华二,华东师范大学第二附属中学,,委属,0,【普陀】【2024】名额到校计划.pdf,1
2024,071056,上海市梅陇中学,上中,上海市上海中学,,委属,1,【普陀】【2024】名额到校计划.pdf,1
2024,071056,上海市梅陇中学,复附,复旦大学附属中学,,委属,0,【普陀】【2024】名额到校计划.pdf,1
2024,071056,上海市梅陇中学,交附,上海交通大学附属中学,,委属,0,【普陀】【2024】名额到校计划.pdf,1
2024,071056,上海市梅陇中学,上师大,上海师范大学附属中学,,委属,0,【普陀】【2024】名额到校计划.pdf,1
2024,071056,上海市梅陇中学,华二普陀,华东师范大学第二附属中学（普陀校区）,,区属,6,【普陀】【2024】名额到校计划.pdf,1
2024,071056,上海市梅陇中学,二中,上海市曹杨第二中学,,区属,17,【普陀】【2024】名额到校计划.pdf,1
2024,071056,上海市梅陇中学,晋元,上海市晋元高级中学,,区属,19,【普陀】【2024】名额到校计划.pdf,1
2024,071056,上海市梅陇中学,宜川,上海市宜川中学,,区属,18,【普陀】【2024】名额到校计划.pdf,1
2024,071060,上海兰田中学,华二,华东师范大学第二附属中学,,委属,0,【普陀】【2024】名额到校计划.pdf,1
2024,071060,上海兰田中学,上中,上海市上海中学,,委属,0,【普陀】【2024】名额到校计划.pdf,1
2024,071060,上海兰田中学,复附,复旦大学附属中学,,委属,0,【普陀】【2024】名额到校计划.pdf,1
2024,071060,上海兰田中学,交附,上海交通大学附属中学,,委属,0,【普陀】【2024】名额到校计划.pdf,1
2024,071060,上海兰田中学,上师大,上海师范大学附属中学,,委属,0,【普陀】【2024】名额到校计划.pdf,1
2024,071060,上海兰田中学,华二普陀,华东师范大学第二附属中学（普陀校区）,,区属,2,【普陀】【2024】名额到校计划.pdf,1
2024,071060,上海兰田中学,二中,上海市曹杨第二中学,,区属,7,【普陀】【2024】名额到校计划.pdf,1
2024,071060,上海兰田中学,晋元,上海市晋元高级中学,,区属,8,【普陀】【2024】名额到校计划.pdf,1
2024,071060,上海兰田中学,宜川,上海市宜川中学,,区属,8,【普陀】【2024】名额到校计划.pdf,1
2024,073004,上海市曹杨中学,华二,华东师范大学第二附属中学,,委属,0,【普陀】【2024】名额到校计划.pdf,1
2024,073004,上海市曹杨中学,上中,上海市上海中学,,委属,0,【普陀】【2024】名额到校计划.pdf,1
2024,073004,上海市曹杨中学,复附,复旦大学附属中学,,委属,0,【普陀】【2024】名额到校计划.pdf,1
2024,073004,上海市曹杨中学,交附,上海交通大学附属中学,,委属,0,【普陀】【2024】名额到校计划.pdf,1
2024,073004,上海市曹杨中学,上师大,上海师范大学附属中学,,委属,0,【普陀】【2024】名额到校计划.pdf,1
2024,073004,上海市曹杨中学,华二普陀,华东师范大学第二附属中学（普陀校区）,,区属,2,【普陀】【2024】名额到校计划.pdf,1
2024,073004,上海市曹杨中学,二中,上海市曹杨第二中学,,区属,6,【普陀】【2024】名额到校计划.pdf,1
2024,073004,上海市曹杨中学,晋元,上海市晋元高级中学,,区属,7,【普陀】【2024】名额到校计划.pdf,1
2024,073004,上海市曹杨中学,宜川,上海市宜川中学,,区属,7,【普陀】【2024】名额到校计划.pdf,1
2024,074005,同济大学第二附属中学,华二,华东师范大学第二附属中学,,委属,0,【普陀】【2024】名额到校计划.pdf,1
2024,074005,同济大学第二附属中学,上中,上海市上海中学,,委属,0,【普陀】【2024】名额到校计划.pdf,1
2024,074005,同济大学第二附属中学,复附,复旦大学附属中学,,委属,0,【普陀】【2024】名额到校计划.pdf,1
2024,074005,同济大学第二附属中学,交附,上海交通大学附属中学,,委属,0,【普陀】【2024】名额到校计划.pdf,1
2024,074005,同济大学第二附属中学,上师大,上海师范大学附属中学,,委属,0,【普陀】【2024】名额到校计划.pdf,1
2024,074005,同济大学第二附属中学,华二普陀,华东师范大学第二附属中学（普陀校区）,,区属,4,【普陀】【2024】名额到校计划.pdf,1
2024,074005,同济大学第二附属中学,二中,上海市曹杨第二中学,,区属,9,【普陀】【2024】名额到校计划.pdf,1
2024,074005,同济大学第二附属中学,晋元,上海市晋元高级中学,,区属,8,【普陀】【2024】名额到校计划.pdf,1
2024,074005,同济大学第二附属中学,宜川,上海市宜川中学,,区属,9,【普陀】【2024】名额到校计划.pdf,1
2024,074009,上海市新杨中学,华二,华东师范大学第二附属中学,,委属,0,【普陀】【2024】名额到校计划.pdf,1
2024,074009,上海市新杨中学,上中,上海市上海中学,,委属,0,【普陀】【2024】名额到校计划.pdf,1
2024,074009,上海市新杨中学,复附,复旦大学附属中学,,委属,0,【普陀】【2024】名额到校计划.pdf,1
2024,074009,上海市新杨中学,交附,上海交通大学附属中学,,委属,0,【普陀】【2024】名额到校计划.pdf,1
2024,074009,上海市新杨中学,上师大,上海师范大学附属中学,,委属,0,【普陀】【2024】名额到校计划.pdf,1
2024,074009,上海市新杨中学,华二普陀,华东师范大学第二附属中学（普陀校区）,,区属,2,【普陀】【2024】名额到校计划.pdf,1
2024,074009,上海市新杨中学,二中,上海市曹杨第二中学,,区属,6,【普陀】【2024】名额到校计划.pdf,1
2024,074009,上海市新杨中学,晋元,上海市晋元高级中学,,区属,7,【普陀】【2024】名额到校计划.pdf,1
2024,074009,上海市新杨中学,宜川,上海市宜川中学,,区属,6,【普陀】【2024】名额到校计划.pdf,1
2024,074010,上海市长征中学,华二,华东师范大学第二附属中学,,委属,0,【普陀】【2024】名额到校计划.pdf,1
2024,074010,上海市长征中学,上中,上海市上海中学,,委属,0,【普陀】【2024】名额到校计划.pdf,1
2024,074010,上海市长征中学,复附,复旦大学附属中学,,委属,0,【普陀】【2024】名额到校计划.pdf,1
2024,074010,上海市长征中学,交附,上海交通大学附属中学,,委属,1,【普陀】【2024】名额到校计划.pdf,1
2024,074010,上海市长征中学,上师大,上海师范大学附属中学,,委属,0,【普陀】【2024】名额到校计划.pdf,1
2024,074010,上海市长征中学,华二普陀,华东师范大学第二附属中学（普陀校区）,,区属,2,【普陀】【2024】名额到校计划.pdf,1
2024,074010,上海市长征中学,二中,上海市曹杨第二中学,,区属,6,【普陀】【2024】名额到校计划.pdf,1
2024,074010,上海市长征中学,晋元,上海市晋元高级中学,,区属,6,【普陀】【2024】名额到校计划.pdf,1
2024,074010,上海市长征中学,宜川,上海市宜川中学,,区属,6,【普陀】【2024】名额到校计划.pdf,1
2024,074011,上海市桃浦中学,华二,华东师范大学第二附属中学,,委属,0,【普陀】【2024】名额到校计划.pdf,1
2024,074011,上海市桃浦中学,上中,上海市上海中学,,委属,0,【普陀】【2024】名额到校计划.pdf,1
2024,074011,上海市桃浦中学,复附,复旦大学附属中学,,委属,0,【普陀】【2024】名额到校计划.pdf,1
2024,074011,上海市桃浦中学,交附,上海交通大学附属中学,,委属,0,【普陀】【2024】名额到校计划.pdf,1
2024,074011,上海市桃浦中学,上师大,上海师范大学附属中学,,委属,0,【普陀】【2024】名额到校计划.pdf,1
2024,074011,上海市桃浦中学,华二普陀,华东师范大学第二附属中学（普陀校区）,,区属,1,【普陀】【2024】名额到校计划.pdf,1
2024,074011,上海市桃浦中学,二中,上海市曹杨第二中学,,区属,3,【普陀】【2024】名额到校计划.pdf,1
2024,074011,上海市桃浦中学,晋元,上海市晋元高级中学,,区属,3,【普陀】【2024】名额到校计划.pdf,1
2024,074011,上海市桃浦中学,宜川,上海市宜川中学,,区属,3,【普陀】【2024】名额到校计划.pdf,1
2024,074012,上海市晋元高级中学附属学校南校,华二,华东师范大学第二附属中学,,委属,0,【普陀】【2024】名额到校计划.pdf,1
2024,074012,上海市晋元高级中学附属学校南校,上中,上海市上海中学,,委属,0,【普陀】【2024】名额到校计划.pdf,1
2024,074012,上海市晋元高级中学附属学校南校,复附,复旦大学附属中学,,委属,0,【普陀】【2024】名额到校计划.pdf,1
2024,074012,上海市晋元高级中学附属学校南校,交附,上海交通大学附属中学,,委属,0,【普陀】【2024】名额到校计划.pdf,1
2024,074012,上海市晋元高级中学附属学校南校,上师大,上海师范大学附属中学,,委属,0,【普陀】【2024】名额到校计划.pdf,1
2024,074012,上海市晋元高级中学附属学校南校,华二普陀,华东师范大学第二附属中学（普陀校区）,,区属,1,【普陀】【2024】名额到校计划.pdf,1
2024,074012,上海市晋元高级中学附属学校南校,二中,上海市曹杨第二中学,,区属,2,【普陀】【2024】名额到校计划.pdf,1
2024,074012,上海市晋元高级中学附属学校南校,晋元,上海市晋元高级中学,,区属,1,【普陀】【2024】名额到校计划.pdf,1
2024,074012,上海市晋元高级中学附属学校南校,宜川,上海市宜川中学,,区属,2,【普陀】【2024】名额到校计划.pdf,1
2024,074016,上海音乐学院附属安师实验中学,华二,华东师范大学第二附属中学,,委属,0,【普陀】【2024】名额到校计划.pdf,1
2024,074016,上海音乐学院附属安师实验中学,上中,上海市上海中学,,委属,0,【普陀】【2024】名额到校计划.pdf,1
2024,074016,上海音乐学院附属安师实验中学,复附,复旦大学附属中学,,委属,0,【普陀】【2024】名额到校计划.pdf,1
2024,074016,上海音乐学院附属安师实验中学,交附,上海交通大学附属中学,,委属,0,【普陀】【2024】名额到校计划.pdf,1
2024,074016,上海音乐学院附属安师实验中学,上师大,上海师范大学附属中学,,委属,0,【普陀】【2024】名额到校计划.pdf,1
2024,074016,上海音乐学院附属安师实验中学,华二普陀,华东师范大学第二附属中学（普陀校区）,,区属,1,【普陀】【2024】名额到校计划.pdf,1
2024,074016,上海音乐学院附属安师实验中学,二中,上海市曹杨第二中学,,区属,1,【普陀】【2024】名额到校计划.pdf,1
2024,074016,上海音乐学院附属安师实验中学,晋元,上海市晋元高级中学,,区属,1,【普陀】【2024】名额到校计划.pdf,1
2024,074016,上海音乐学院附属安师实验中学,宜川,上海市宜川中学,,区属,1,【普陀】【2024】名额到校计划.pdf,1
2024,074018,上海华东师范大学附属进华中学,华二,华东师范大学第二附属中学,,委属,0,【普陀】【2024】名额到校计划.pdf,1
2024,074018,上海华东师范大学附属进华中学,上中,上海市上海中学,,委属,0,【普陀】【2024】名额到校计划.pdf,1
2024,074018,上海华东师范大学附属进华中学,复附,复旦大学附属中学,,委属,0,【普陀】【2024】名额到校计划.pdf,1
2024,074018,上海华东师范大学附属进华中学,交附,上海交通大学附属中学,,委属,1,【普陀】【2024】名额到校计划.pdf,1
2024,074018,上海华东师范大学附属进华中学,上师大,上海师范大学附属中学,,委属,0,【普陀】【2024】名额到校计划.pdf,1
2024,074018,上海华东师范大学附属进华中学,华二普陀,华东师范大学第二附属中学（普陀校区）,,区属,3,【普陀】【2024】名额到校计划.pdf,1
2024,074018,上海华东师范大学附属进华中学,二中,上海市曹杨第二中学,,区属,9,【普陀】【2024】名额到校计划.pdf,1
2024,074018,上海华东师范大学附属进华中学,晋元,上海市晋元高级中学,,区属,9,【普陀】【2024】名额到校计划.pdf,1
2024,074018,上海华东师范大学附属进华中学,宜川,上海市宜川中学,,区属,8,【普陀】【2024】名额到校计划.pdf,1
2024,074081,上海安生学校,华二,华东师范大学第二附属中学,,委属,0,【普陀】【2024】名额到校计划.pdf,1
2024,074081,上海安生学校,上中,上海市上海中学,,委属,0,【普陀】【2024】名额到校计划.pdf,1
2024,074081,上海安生学校,复附,复旦大学附属中学,,委属,0,【普陀】【2024】名额到校计划.pdf,1
2024,074081,上海安生学校,交附,上海交通大学附属中学,,委属,0,【普陀】【2024】名额到校计划.pdf,1
2024,074081,上海安生学校,上师大,上海师范大学附属中学,,委属,0,【普陀】【2024】名额到校计划.pdf,1
2024,074081,上海安生学校,华二普陀,华东师范大学第二附属中学（普陀校区）,,区属,1,【普陀】【2024】名额到校计划.pdf,1
2024,074081,上海安生学校,二中,上海市曹杨第二中学,,区属,2,【普陀】【2024】名额到校计划.pdf,1
2024,074081,上海安生学校,晋元,上海市晋元高级中学,,区属,1,【普陀】【2024】名额到校计划.pdf,1
2024,074081,上海安生学校,宜川,上海市宜川中学,,区属,1,【普陀】【2024】名额到校计划.pdf,1
2024,075013,上海培佳双语学校,华二,华东师范大学第二附属中学,,委属,0,【普陀】【2024】名额到校计划.pdf,1
2024,075013,上海培佳双语学校,上中,上海市上海中学,,委属,0,【普陀】【2024】名额到校计划.pdf,1
2024,075013,上海培佳双语学校,复附,复旦大学附属中学,,委属,0,【普陀】【2024】名额到校计划.pdf,1
2024,075013,上海培佳双语学校,交附,上海交通大学附属中学,,委属,0,【普陀】【2024】名额到校计划.pdf,1
2024,075013,上海培佳双语学校,上师大,上海师范大学附属中学,,委属,0,【普陀】【2024】名额到校计划.pdf,1
2024,075013,上海培佳双语学校,华二普陀,华东师范大学第二附属中学（普陀校区）,,区属,2,【普陀】【2024】名额到校计划.pdf,1
2024,075013,上海培佳双语学校,二中,上海市曹杨第二中学,,区属,6,【普陀】【2024】名额到校计划.pdf,1
2024,075013,上海培佳双语学校,晋元,上海市晋元高级中学,,区属,7,【普陀】【2024】名额到校计划.pdf,1
2024,075013,上海培佳双语学校,宜川,上海市宜川中学,,区属,8,【普陀】【2024】名额到校计划.pdf,1
2024,075044,上海市光新学校,华二,华东师范大学第二附属中学,,委属,0,【普陀】【2024】名额到校计划.pdf,1
2024,075044,上海市光新学校,上中,上海市上海中学,,委属,0,【普陀】【2024】名额到校计划.pdf,1
2024,075044,上海市光新学校,复附,复旦大学附属中学,,委属,0,【普陀】【2024】名额到校计划.pdf,1
2024,075044,上海市光新学校,交附,上海交通大学附属中学,,委属,0,【普陀】【2024】名额到校计划.pdf,1
2024,075044,上海市光新学校,上师大,上海师范大学附属中学,,委属,0,【普陀】【2024】名额到校计划.pdf,1
2024,075044,上海市光新学校,华二普陀,华东师范大学第二附属中学（普陀校区）,,区属,1,【普陀】【2024】名额到校计划.pdf,1
2024,075044,上海市光新学校,二中,上海市曹杨第二中学,,区属,1,【普陀】【2024】名额到校计划.pdf,1
2024,075044,上海市光新学校,晋元,上海市晋元高级中学,,区属,1,【普陀】【2024】名额到校计划.pdf,1
2024,075044,上海市光新学校,宜川,上海市宜川中学,,区属,1,【普陀】【2024】名额到校计划.pdf,1
2024,075061,上海市铜川学校,华二,华东师范大学第二附属中学,,委属,0,【普陀】【2024】名额到校计划.pdf,1
2024,075061,上海市铜川学校,上中,上海市上海中学,,委属,0,【普陀】【2024】名额到校计划.pdf,1
2024,075061,上海市铜川学校,复附,复旦大学附属中学,,委属,0,【普陀】【2024】名额到校计划.pdf,1
2024,075061,上海市铜川学校,交附,上海交通大学附属中学,,委属,0,【普陀】【2024】名额到校计划.pdf,1
2024,075061,上海市铜川学校,上师大,上海师范大学附属中学,,委属,0,【普陀】【2024】名额到校计划.pdf,1
2024,075061,上海市铜川学校,华二普陀,华东师范大学第二附属中学（普陀校区）,,区属,1,【普陀】【2024】名额到校计划.pdf,1
2024,075061,上海市铜川学校,二中,上海市曹杨第二中学,,区属,3,【普陀】【2024】名额到校计划.pdf,1
2024,075061,上海市铜川学校,晋元,上海市晋元高级中学,,区属,4,【普陀】【2024】名额到校计划.pdf,1
2024,075061,上海市铜川学校,宜川,上海市宜川中学,,区属,3,【普陀】【2024】名额到校计划.pdf,1
2024,075062,上海市沙田学校,华二,华东师范大学第二附属中学,,委属,0,【普陀】【2024】名额到校计划.pdf,2
2024,075062,上海市沙田学校,上中,上海市上海中学,,委属,0,【普陀】【2024】名额到校计划.pdf,2
2024,075062,上海市沙田学校,复附,复旦大学附属中学,,委属,0,【普陀】【2024】名额到校计划.pdf,2
2024,075062,上海市沙田学校,交附,上海交通大学附属中学,,委属,0,【普陀】【2024】名额到校计划.pdf,2
2024,075062,上海市沙田学校,上师大,上海师范大学附属中学,,委属,0,【普陀】【2024】名额到校计划.pdf,2
2024,075062,上海市沙田学校,华二普陀,华东师范大学第二附属中学（普陀校区）,,区属,1,【普陀】【2024】名额到校计划.pdf,2
2024,075062,上海市沙田学校,二中,上海市曹杨第二中学,,区属,2,【普陀】【2024】名额到校计划.pdf,2
2024,075062,上海市沙田学校,晋元,上海市晋元高级中学,,区属,2,【普陀】【2024】名额到校计划.pdf,2
2024,075062,上海市沙田学校,宜川,上海市宜川中学,,区属,2,【普陀】【2024】名额到校计划.pdf,2
2024,075063,华东师范大学附属外国语实验学校,华二,华东师范大学第二附属中学,,委属,0,【普陀】【2024】名额到校计划.pdf,2
2024,075063,华东师范大学附属外国语实验学校,上中,上海市上海中学,,委属,0,【普陀】【2024】名额到校计划.pdf,2
2024,075063,华东师范大学附属外国语实验学校,复附,复旦大学附属中学,,委属,0,【普陀】【2024】名额到校计划.pdf,2
2024,075063,华东师范大学附属外国语实验学校,交附,上海交通大学附属中学,,委属,0,【普陀】【2024】名额到校计划.pdf,2
2024,075063,华东师范大学附属外国语实验学校,上师大,上海师范大学附属中学,,委属,0,【普陀】【2024】名额到校计划.pdf,2
2024,075063,华东师范大学附属外国语实验学校,华二普陀,华东师范大学第二附属中学（普陀校区）,,区属,2,【普陀】【2024】名额到校计划.pdf,2
2024,075063,华东师范大学附属外国语实验学校,二中,上海市曹杨第二中学,,区属,6,【普陀】【2024】名额到校计划.pdf,2
2024,075063,华东师范大学附属外国语实验学校,晋元,上海市晋元高级中学,,区属,7,【普陀】【2024】名额到校计划.pdf,2
2024,075063,华东师范大学附属外国语实验学校,宜川,上海市宜川中学,,区属,6,【普陀】【2024】名额到校计划.pdf,2
2024,075064,上海市子长学校,华二,华东师范大学第二附属中学,,委属,0,【普陀】【2024】名额到校计划.pdf,2
2024,075064,上海市子长学校,上中,上海市上海中学,,委属,0,【普陀】【2024】名额到校计划.pdf,2
2024,075064,上海市子长学校,复附,复旦大学附属中学,,委属,0,【普陀】【2024】名额到校计划.pdf,2
2024,075064,上海市子长学校,交附,上海交通大学附属中学,,委属,0,【普陀】【2024】名额到校计划.pdf,2
2024,075064,上海市子长学校,上师大,上海师范大学附属中学,,委属,0,【普陀】【2024】名额到校计划.pdf,2
2024,075064,上海市子长学校,华二普陀,华东师范大学第二附属中学（普陀校区）,,区属,1,【普陀】【2024】名额到校计划.pdf,2
2024,075064,上海市子长学校,二中,上海市曹杨第二中学,,区属,1,【普陀】【2024】名额到校计划.pdf,2
2024,075064,上海市子长学校,晋元,上海市晋元高级中学,,区属,1,【普陀】【2024】名额到校计划.pdf,2
2024,075064,上海市子长学校,宜川,上海市宜川中学,,区属,1,【普陀】【2024】名额到校计划.pdf,2
2024,075065,上海市洛川学校,华二,华东师范大学第二附属中学,,委属,0,【普陀】【2024】名额到校计划.pdf,2
2024,075065,上海市洛川学校,上中,上海市上海中学,,委属,0,【普陀】【2024】名额到校计划.pdf,2
2024,075065,上海市洛川学校,复附,复旦大学附属中学,,委属,0,【普陀】【2024】名额到校计划.pdf,2
2024,075065,上海市洛川学校,交附,上海交通大学附属中学,,委属,0,【普陀】【2024】名额到校计划.pdf,2
2024,075065,上海市洛川学校,上师大,上海师范大学附属中学,,委属,0,【普陀】【2024】名额到校计划.pdf,2
2024,075065,上海市洛川学校,华二普陀,华东师范大学第二附属中学（普陀校区）,,区属,1,【普陀】【2024】名额到校计划.pdf,2
2024,075065,上海市洛川学校,二中,上海市曹杨第二中学,,区属,2,【普陀】【2024】名额到校计划.pdf,2
2024,075065,上海市洛川学校,晋元,上海市晋元高级中学,,区属,2,【普陀】【2024】名额到校计划.pdf,2
2024,075065,上海市洛川学校,宜川,上海市宜川中学,,区属,2,【普陀】【2024】名额到校计划.pdf,2
2024,075066,上海市宜川中学附属学校,华二,华东师范大学第二附属中学,,委属,0,【普陀】【2024】名额到校计划.pdf,2
2024,075066,上海市宜川中学附属学校,上中,上海市上海中学,,委属,0,【普陀】【2024】名额到校计划.pdf,2
2024,075066,上海市宜川中学附属学校,复附,复旦大学附属中学,,委属,1,【普陀】【2024】名额到校计划.pdf,2
2024,075066,上海市宜川中学附属学校,交附,上海交通大学附属中学,,委属,0,【普陀】【2024】名额到校计划.pdf,2
2024,075066,上海市宜川中学附属学校,上师大,上海师范大学附属中学,,委属,0,【普陀】【2024】名额到校计划.pdf,2
2024,075066,上海市宜川中学附属学校,华二普陀,华东师范大学第二附属中学（普陀校区）,,区属,1,【普陀】【2024】名额到校计划.pdf,2
2024,075066,上海市宜川中学附属学校,二中,上海市曹杨第二中学,,区属,3,【普陀】【2024】名额到校计划.pdf,2
2024,075066,上海市宜川中学附属学校,晋元,上海市晋元高级中学,,区属,4,【普陀】【2024】名额到校计划.pdf,2
2024,075066,上海市宜川中学附属学校,宜川,上海市宜川中学,,区属,5,【普陀】【2024】名额到校计划.pdf,2
2024,075067,上海市曹杨中学附属学校,华二,华东师范大学第二附属中学,,委属,0,【普陀】【2024】名额到校计划.pdf,2
2024,075067,上海市曹杨中学附属学校,上中,上海市上海中学,,委属,0,【普陀】【2024】名额到校计划.pdf,2
2024,075067,上海市曹杨中学附属学校,复附,复旦大学附属中学,,委属,0,【普陀】【2024】名额到校计划.pdf,2
2024,075067,上海市曹杨中学附属学校,交附,上海交通大学附属中学,,委属,0,【普陀】【2024】名额到校计划.pdf,2
2024,075067,上海市曹杨中学附属学校,上师大,上海师范大学附属中学,,委属,0,【普陀】【2024】名额到校计划.pdf,2
2024,075067,上海市曹杨中学附属学校,华二普陀,华东师范大学第二附属中学（普陀校区）,,区属,2,【普陀】【2024】名额到校计划.pdf,2
2024,075067,上海市曹杨中学附属学校,二中,上海市曹杨第二中学,,区属,4,【普陀】【2024】名额到校计划.pdf,2
2024,075067,上海市曹杨中学附属学校,晋元,上海市晋元高级中学,,区属,3,【普陀】【2024】名额到校计划.pdf,2
2024,075067,上海市曹杨中学附属学校,宜川,上海市宜川中学,,区属,3,【普陀】【2024】名额到校计划.pdf,2
2024,075068,上海市普陀区教育学院附属学校,华二,华东师范大学第二附属中学,,委属,0,【普陀】【2024】名额到校计划.pdf,2
2024,075068,上海市普陀区教育学院附属学校,上中,上海市上海中学,,委属,0,【普陀】【2024】名额到校计划.pdf,2
2024,075068,上海市普陀区教育学院附属学校,复附,复旦大学附属中学,,委属,0,【普陀】【2024】名额到校计划.pdf,2
2024,075068,上海市普陀区教育学院附属学校,交附,上海交通大学附属中学,,委属,0,【普陀】【2024】名额到校计划.pdf,2
2024,075068,上海市普陀区教育学院附属学校,上师大,上海师范大学附属中学,,委属,0,【普陀】【2024】名额到校计划.pdf,2
2024,075068,上海市普陀区教育学院附属学校,华二普陀,华东师范大学第二附属中学（普陀校区）,,区属,1,【普陀】【2024】名额到校计划.pdf,2
2024,075068,上海市普陀区教育学院附属学校,二中,上海市曹杨第二中学,,区属,1,【普陀】【2024】名额到校计划.pdf,2
2024,075068,上海市普陀区教育学院附属学校,晋元,上海市晋元高级中学,,区属,1,【普陀】【2024】名额到校计划.pdf,2
2024,075068,上海市普陀区教育学院附属学校,宜川,上海市宜川中学,,区属,2,【普陀】【2024】名额到校计划.pdf,2
2024,075069,上海市晋元高级中学附属学校,华二,华东师范大学第二附属中学,,委属,0,【普陀】【2024】名额到校计划.pdf,2
2024,075069,上海市晋元高级中学附属学校,上中,上海市上海中学,,委属,0,【普陀】【2024】名额到校计划.pdf,2
2024,075069,上海市晋元高级中学附属学校,复附,复旦大学附属中学,,委属,0,【普陀】【2024】名额到校计划.pdf,2
2024,075069,上海市晋元高级中学附属学校,交附,上海交通大学附属中学,,委属,0,【普陀】【2024】名额到校计划.pdf,2
2024,075069,上海市晋元高级中学附属学校,上师大,上海师范大学附属中学,,委属,0,【普陀】【2024】名额到校计划.pdf,2
2024,075069,上海市晋元高级中学附属学校,华二普陀,华东师范大学第二附属中学（普陀校区）,,区属,4,【普陀】【2024】名额到校计划.pdf,2
2024,075069,上海市晋元高级中学附属学校,二中,上海市曹杨第二中学,,区属,13,【普陀】【2024】名额到校计划.pdf,2
2024,075069,上海市晋元高级中学附属学校,晋元,上海市晋元高级中学,,区属,12,【普陀】【2024】名额到校计划.pdf,2
2024,075069,上海市晋元高级中学附属学校,宜川,上海市宜川中学,,区属,13,【普陀】【2024】名额到校计划.pdf,2
2024,075070,上海市曹杨第二中学附属学校,华二,华东师范大学第二附属中学,,委属,0,【普陀】【2024】名额到校计划.pdf,2
2024,075070,上海市曹杨第二中学附属学校,上中,上海市上海中学,,委属,0,【普陀】【2024】名额到校计划.pdf,2
2024,075070,上海市曹杨第二中学附属学校,复附,复旦大学附属中学,,委属,0,【普陀】【2024】名额到校计划.pdf,2
2024,075070,上海市曹杨第二中学附属学校,交附,上海交通大学附属中学,,委属,1,【普陀】【2024】名额到校计划.pdf,2
2024,075070,上海市曹杨第二中学附属学校,上师大,上海师范大学附属中学,,委属,0,【普陀】【2024】名额到校计划.pdf,2
2024,075070,上海市曹杨第二中学附属学校,华二普陀,华东师范大学第二附属中学（普陀校区）,,区属,3,【普陀】【2024】名额到校计划.pdf,2
2024,075070,上海市曹杨第二中学附属学校,二中,上海市曹杨第二中学,,区属,9,【普陀】【2024】名额到校计划.pdf,2
2024,075070,上海市曹杨第二中学附属学校,晋元,上海市晋元高级中学,,区属,10,【普陀】【2024】名额到校计划.pdf,2
2024,075070,上海市曹杨第二中学附属学校,宜川,上海市宜川中学,,区属,11,【普陀】【2024】名额到校计划.pdf,2
2024,075071,上海市民办新黄浦实验学校,华二,华东师范大学第二附属中学,,委属,0,【普陀】【2024】名额到校计划.pdf,2
2024,075071,上海市民办新黄浦实验学校,上中,上海市上海中学,,委属,0,【普陀】【2024】名额到校计划.pdf,2
2024,075071,上海市民办新黄浦实验学校,复附,复旦大学附属中学,,委属,0,【普陀】【2024】名额到校计划.pdf,2
2024,075071,上海市民办新黄浦实验学校,交附,上海交通大学附属中学,,委属,0,【普陀】【2024】名额到校计划.pdf,2
2024,075071,上海市民办新黄浦实验学校,上师大,上海师范大学附属中学,,委属,0,【普陀】【2024】名额到校计划.pdf,2
2024,075071,上海市民办新黄浦实验学校,华二普陀,华东师范大学第二附属中学（普陀校区）,,区属,1,【普陀】【2024】名额到校计划.pdf,2
2024,075071,上海市民办新黄浦实验学校,二中,上海市曹杨第二中学,,区属,2,【普陀】【2024】名额到校计划.pdf,2
2024,075071,上海市民办新黄浦实验学校,晋元,上海市晋元高级中学,,区属,4,【普陀】【2024】名额到校计划.pdf,2
2024,075071,上海市民办新黄浦实验学校,宜川,上海市宜川中学,,区属,3,【普陀】【2024】名额到校计划.pdf,2
2024,075072,上海市江宁学校,华二,华东师范大学第二附属中学,,委属,1,【普陀】【2024】名额到校计划.pdf,2
2024,075072,上海市江宁学校,上中,上海市上海中学,,委属,0,【普陀】【2024】名额到校计划.pdf,2
2024,075072,上海市江宁学校,复附,复旦大学附属中学,,委属,0,【普陀】【2024】名额到校计划.pdf,2
2024,075072,上海市江宁学校,交附,上海交通大学附属中学,,委属,0,【普陀】【2024】名额到校计划.pdf,2
2024,075072,上海市江宁学校,上师大,上海师范大学附属中学,,委属,0,【普陀】【2024】名额到校计划.pdf,2
2024,075072,上海市江宁学校,华二普陀,华东师范大学第二附属中学（普陀校区）,,区属,2,【普陀】【2024】名额到校计划.pdf,2
2024,075072,上海市江宁学校,二中,上海市曹杨第二中学,,区属,7,【普陀】【2024】名额到校计划.pdf,2
2024,075072,上海市江宁学校,晋元,上海市晋元高级中学,,区属,6,【普陀】【2024】名额到校计划.pdf,2
2024,075072,上海市江宁学校,宜川,上海市宜川中学,,区属,6,【普陀】【2024】名额到校计划.pdf,2
2024,075073,上海市中远实验学校,华二,华东师范大学第二附属中学,,委属,0,【普陀】【2024】名额到校计划.pdf,2
2024,075073,上海市中远实验学校,上中,上海市上海中学,,委属,0,【普陀】【2024】名额到校计划.pdf,2
2024,075073,上海市中远实验学校,复附,复旦大学附属中学,,委属,0,【普陀】【2024】名额到校计划.pdf,2
2024,075073,上海市中远实验学校,交附,上海交通大学附属中学,,委属,0,【普陀】【2024】名额到校计划.pdf,2
2024,075073,上海市中远实验学校,上师大,上海师范大学附属中学,,委属,1,【普陀】【2024】名额到校计划.pdf,2
2024,075073,上海市中远实验学校,华二普陀,华东师范大学第二附属中学（普陀校区）,,区属,2,【普陀】【2024】名额到校计划.pdf,2
2024,075073,上海市中远实验学校,二中,上海市曹杨第二中学,,区属,7,【普陀】【2024】名额到校计划.pdf,2
2024,075073,上海市中远实验学校,晋元,上海市晋元高级中学,,区属,7,【普陀】【2024】名额到校计划.pdf,2
2024,075073,上海市中远实验学校,宜川,上海市宜川中学,,区属,6,【普陀】【2024】名额到校计划.pdf,2
2024,075077,上海市金鼎学校,华二,华东师范大学第二附属中学,,委属,0,【普陀】【2024】名额到校计划.pdf,2
2024,075077,上海市金鼎学校,上中,上海市上海中学,,委属,0,【普陀】【2024】名额到校计划.pdf,2
2024,075077,上海市金鼎学校,复附,复旦大学附属中学,,委属,0,【普陀】【2024】名额到校计划.pdf,2
2024,075077,上海市金鼎学校,交附,上海交通大学附属中学,,委属,0,【普陀】【2024】名额到校计划.pdf,2
2024,075077,上海市金鼎学校,上师大,上海师范大学附属中学,,委属,0,【普陀】【2024】名额到校计划.pdf,2
2024,075077,上海市金鼎学校,华二普陀,华东师范大学第二附属中学（普陀校区）,,区属,1,【普陀】【2024】名额到校计划.pdf,2
2024,075077,上海市金鼎学校,二中,上海市曹杨第二中学,,区属,1,【普陀】【2024】名额到校计划.pdf,2
2024,075077,上海市金鼎学校,晋元,上海市晋元高级中学,,区属,1,【普陀】【2024】名额到校计划.pdf,2
2024,075077,上海市金鼎学校,宜川,上海市宜川中学,,区属,1,【普陀】【2024】名额到校计划.pdf,2
2024,075078,上海外国语大学尚阳外国语学校,华二,华东师范大学第二附属中学,,委属,0,【普陀】【2024】名额到校计划.pdf,2
2024,075078,上海外国语大学尚阳外国语学校,上中,上海市上海中学,,委属,1,【普陀】【2024】名额到校计划.pdf,2
2024,075078,上海外国语大学尚阳外国语学校,复附,复旦大学附属中学,,委属,0,【普陀】【2024】名额到校计划.pdf,2
2024,075078,上海外国语大学尚阳外国语学校,交附,上海交通大学附属中学,,委属,0,【普陀】【2024】名额到校计划.pdf,2
2024,075078,上海外国语大学尚阳外国语学校,上师大,上海师范大学附属中学,,委属,0,【普陀】【2024】名额到校计划.pdf,2
2024,075078,上海外国语大学尚阳外国语学校,华二普陀,华东师范大学第二附属中学（普陀校区）,,区属,1,【普陀】【2024】名额到校计划.pdf,2
2024,075078,上海外国语大学尚阳外国语学校,二中,上海市曹杨第二中学,,区属,6,【普陀】【2024】名额到校计划.pdf,2
2024,075078,上海外国语大学尚阳外国语学校,晋元,上海市晋元高级中学,,区属,5,【普陀】【2024】名额到校计划.pdf,2
2024,075078,上海外国语大学尚阳外国语学校,宜川,上海市宜川中学,,区属,5,【普陀】【2024】名额到校计划.pdf,2
2024,075079,上海市文达学校,华二,华东师范大学第二附属中学,,委属,1,【普陀】【2024】名额到校计划.pdf,2
2024,075079,上海市文达学校,上中,上海市上海中学,,委属,0,【普陀】【2024】名额到校计划.pdf,2
2024,075079,上海市文达学校,复附,复旦大学附属中学,,委属,0,【普陀】【2024】名额到校计划.pdf,2
2024,075079,上海市文达学校,交附,上海交通大学附属中学,,委属,0,【普陀】【2024】名额到校计划.pdf,2
2024,075079,上海市文达学校,上师大,上海师范大学附属中学,,委属,0,【普陀】【2024】名额到校计划.pdf,2
2024,075079,上海市文达学校,华二普陀,华东师范大学第二附属中学（普陀校区）,,区属,1,【普陀】【2024】名额到校计划.pdf,2
2024,075079,上海市文达学校,二中,上海市曹杨第二中学,,区属,4,【普陀】【2024】名额到校计划.pdf,2
2024,075079,上海市文达学校,晋元,上海市晋元高级中学,,区属,4,【普陀】【2024】名额到校计划.pdf,2
2024,075079,上海市文达学校,宜川,上海市宜川中学,,区属,3,【普陀】【2024】名额到校计划.pdf,2
2024,075080,上海理工大学附属普陀实验学校,华二,华东师范大学第二附属中学,,委属,0,【普陀】【2024】名额到校计划.pdf,2
2024,075080,上海理工大学附属普陀实验学校,上中,上海市上海中学,,委属,0,【普陀】【2024】名额到校计划.pdf,2
2024,075080,上海理工大学附属普陀实验学校,复附,复旦大学附属中学,,委属,0,【普陀】【2024】名额到校计划.pdf,2
2024,075080,上海理工大学附属普陀实验学校,交附,上海交通大学附属中学,,委属,0,【普陀】【2024】名额到校计划.pdf,2
2024,075080,上海理工大学附属普陀实验学校,上师大,上海师范大学附属中学,,委属,0,【普陀】【2024】名额到校计划.pdf,2
2024,075080,上海理工大学附属普陀实验学校,华二普陀,华东师范大学第二附属中学（普陀校区）,,区属,1,【普陀】【2024】名额到校计划.pdf,2
2024,075080,上海理工大学附属普陀实验学校,二中,上海市曹杨第二中学,,区属,1,【普陀】【2024】名额到校计划.pdf,2
2024,075080,上海理工大学附属普陀实验学校,晋元,上海市晋元高级中学,,区属,1,【普陀】【2024】名额到校计划.pdf,2
2024,075080,上海理工大学附属普陀实验学校,宜川,上海市宜川中学,,区属,1,【普陀】【2024】名额到校计划.pdf,2
2024,075113,上海市万里城实验学校,华二,华东师范大学第二附属中学,,委属,0,【普陀】【2024】名额到校计划.pdf,2
2024,075113,上海市万里城实验学校,上中,上海市上海中学,,委属,0,【普陀】【2024】名额到校计划.pdf,2
2024,075113,上海市万里城实验学校,复附,复旦大学附属中学,,委属,0,【普陀】【2024】名额到校计划.pdf,2
2024,075113,上海市万里城实验学校,交附,上海交通大学附属中学,,委属,1,【普陀】【2024】名额到校计划.pdf,2
2024,075113,上海市万里城实验学校,上师大,上海师范大学附属中学,,委属,0,【普陀】【2024】名额到校计划.pdf,2
2024,075113,上海市万里城实验学校,华二普陀,华东师范大学第二附属中学（普陀校区）,,区属,1,【普陀】【2024】名额到校计划.pdf,2
2024,075113,上海市万里城实验学校,二中,上海市曹杨第二中学,,区属,6,【普陀】【2024】名额到校计划.pdf,2
2024,075113,上海市万里城实验学校,晋元,上海市晋元高级中学,,区属,5,【普陀】【2024】名额到校计划.pdf,2
2024,075113,上海市万里城实验学校,宜川,上海市宜川中学,,区属,6,【普陀】【2024】名额到校计划.pdf,2
2025,071045,上海市洵阳中学,华二,华东师范大学第二附属中学,,委属,0,【普陀】【2025】名额到校计划.pdf,1
2025,071045,上海市洵阳中学,上中,上海市上海中学,,委属,0,【普陀】【2025】名额到校计划.pdf,1
2025,071045,上海市洵阳中学,复附,复旦大学附属中学,,委属,0,【普陀】【2025】名额到校计划.pdf,1
2025,071045,上海市洵阳中学,交附,上海交通大学附属中学,,委属,0,【普陀】【2025】名额到校计划.pdf,1
2025,071045,上海市洵阳中学,上师大,上海师范大学附属中学,,委属,0,【普陀】【2025】名额到校计划.pdf,1
2025,071045,上海市洵阳中学,华二普陀,华东师范大学第二附属中学（普陀校区）,,区属,1,【普陀】【2025】名额到校计划.pdf,1
2025,071045,上海市洵阳中学,二中,上海市曹杨第二中学,,区属,2,【普陀】【2025】名额到校计划.pdf,1
2025,071045,上海市洵阳中学,晋元,上海市晋元高级中学,,区属,2,【普陀】【2025】名额到校计划.pdf,1
2025,071045,上海市洵阳中学,宜川,上海市宜川中学,,区属,2,【普陀】【2025】名额到校计划.pdf,1
2025,071046,上海市北海中学,华二,华东师范大学第二附属中学,,委属,0,【普陀】【2025】名额到校计划.pdf,1
2025,071046,上海市北海中学,上中,上海市上海中学,,委属,0,【普陀】【2025】名额到校计划.pdf,1
2025,071046,上海市北海中学,复附,复旦大学附属中学,,委属,0,【普陀】【2025】名额到校计划.pdf,1
2025,071046,上海市北海中学,交附,上海交通大学附属中学,,委属,1,【普陀】【2025】名额到校计划.pdf,1
2025,071046,上海市北海中学,上师大,上海师范大学附属中学,,委属,0,【普陀】【2025】名额到校计划.pdf,1
2025,071046,上海市北海中学,华二普陀,华东师范大学第二附属中学（普陀校区）,,区属,1,【普陀】【2025】名额到校计划.pdf,1
2025,071046,上海市北海中学,二中,上海市曹杨第二中学,,区属,4,【普陀】【2025】名额到校计划.pdf,1
2025,071046,上海市北海中学,晋元,上海市晋元高级中学,,区属,3,【普陀】【2025】名额到校计划.pdf,1
2025,071046,上海市北海中学,宜川,上海市宜川中学,,区属,4,【普陀】【2025】名额到校计划.pdf,1
2025,071047,上海市延河中学,华二,华东师范大学第二附属中学,,委属,0,【普陀】【2025】名额到校计划.pdf,1
2025,071047,上海市延河中学,上中,上海市上海中学,,委属,0,【普陀】【2025】名额到校计划.pdf,1
2025,071047,上海市延河中学,复附,复旦大学附属中学,,委属,0,【普陀】【2025】名额到校计划.pdf,1
2025,071047,上海市延河中学,交附,上海交通大学附属中学,,委属,0,【普陀】【2025】名额到校计划.pdf,1
2025,071047,上海市延河中学,上师大,上海师范大学附属中学,,委属,0,【普陀】【2025】名额到校计划.pdf,1
2025,071047,上海市延河中学,华二普陀,华东师范大学第二附属中学（普陀校区）,,区属,1,【普陀】【2025】名额到校计划.pdf,1
2025,071047,上海市延河中学,二中,上海市曹杨第二中学,,区属,4,【普陀】【2025】名额到校计划.pdf,1
2025,071047,上海市延河中学,晋元,上海市晋元高级中学,,区属,3,【普陀】【2025】名额到校计划.pdf,1
2025,071047,上海市延河中学,宜川,上海市宜川中学,,区属,3,【普陀】【2025】名额到校计划.pdf,1
2025,071048,上海市曹杨第二中学附属实验中学,华二,华东师范大学第二附属中学,,委属,0,【普陀】【2025】名额到校计划.pdf,1
2025,071048,上海市曹杨第二中学附属实验中学,上中,上海市上海中学,,委属,0,【普陀】【2025】名额到校计划.pdf,1
2025,071048,上海市曹杨第二中学附属实验中学,复附,复旦大学附属中学,,委属,0,【普陀】【2025】名额到校计划.pdf,1
2025,071048,上海市曹杨第二中学附属实验中学,交附,上海交通大学附属中学,,委属,0,【普陀】【2025】名额到校计划.pdf,1
2025,071048,上海市曹杨第二中学附属实验中学,上师大,上海师范大学附属中学,,委属,0,【普陀】【2025】名额到校计划.pdf,1
2025,071048,上海市曹杨第二中学附属实验中学,华二普陀,华东师范大学第二附属中学（普陀校区）,,区属,1,【普陀】【2025】名额到校计划.pdf,1
2025,071048,上海市曹杨第二中学附属实验中学,二中,上海市曹杨第二中学,,区属,5,【普陀】【2025】名额到校计划.pdf,1
2025,071048,上海市曹杨第二中学附属实验中学,晋元,上海市晋元高级中学,,区属,4,【普陀】【2025】名额到校计划.pdf,1
2025,071048,上海市曹杨第二中学附属实验中学,宜川,上海市宜川中学,,区属,4,【普陀】【2025】名额到校计划.pdf,1
2025,071049,华东师范大学第四附属中学,华二,华东师范大学第二附属中学,,委属,0,【普陀】【2025】名额到校计划.pdf,1
2025,071049,华东师范大学第四附属中学,上中,上海市上海中学,,委属,0,【普陀】【2025】名额到校计划.pdf,1
2025,071049,华东师范大学第四附属中学,复附,复旦大学附属中学,,委属,0,【普陀】【2025】名额到校计划.pdf,1
2025,071049,华东师范大学第四附属中学,交附,上海交通大学附属中学,,委属,0,【普陀】【2025】名额到校计划.pdf,1
2025,071049,华东师范大学第四附属中学,上师大,上海师范大学附属中学,,委属,0,【普陀】【2025】名额到校计划.pdf,1
2025,071049,华东师范大学第四附属中学,华二普陀,华东师范大学第二附属中学（普陀校区）,,区属,2,【普陀】【2025】名额到校计划.pdf,1
2025,071049,华东师范大学第四附属中学,二中,上海市曹杨第二中学,,区属,8,【普陀】【2025】名额到校计划.pdf,1
2025,071049,华东师范大学第四附属中学,晋元,上海市晋元高级中学,,区属,7,【普陀】【2025】名额到校计划.pdf,1
2025,071049,华东师范大学第四附属中学,宜川,上海市宜川中学,,区属,8,【普陀】【2025】名额到校计划.pdf,1
2025,071050,上海市怒江中学,华二,华东师范大学第二附属中学,,委属,0,【普陀】【2025】名额到校计划.pdf,1
2025,071050,上海市怒江中学,上中,上海市上海中学,,委属,0,【普陀】【2025】名额到校计划.pdf,1
2025,071050,上海市怒江中学,复附,复旦大学附属中学,,委属,0,【普陀】【2025】名额到校计划.pdf,1
2025,071050,上海市怒江中学,交附,上海交通大学附属中学,,委属,0,【普陀】【2025】名额到校计划.pdf,1
2025,071050,上海市怒江中学,上师大,上海师范大学附属中学,,委属,0,【普陀】【2025】名额到校计划.pdf,1
2025,071050,上海市怒江中学,华二普陀,华东师范大学第二附属中学（普陀校区）,,区属,1,【普陀】【2025】名额到校计划.pdf,1
2025,071050,上海市怒江中学,二中,上海市曹杨第二中学,,区属,1,【普陀】【2025】名额到校计划.pdf,1
2025,071050,上海市怒江中学,晋元,上海市晋元高级中学,,区属,1,【普陀】【2025】名额到校计划.pdf,1
2025,071050,上海市怒江中学,宜川,上海市宜川中学,,区属,1,【普陀】【2025】名额到校计划.pdf,1
2025,071051,上海师范大学附属第二实验学校,华二,华东师范大学第二附属中学,,委属,0,【普陀】【2025】名额到校计划.pdf,1
2025,071051,上海师范大学附属第二实验学校,上中,上海市上海中学,,委属,0,【普陀】【2025】名额到校计划.pdf,1
2025,071051,上海师范大学附属第二实验学校,复附,复旦大学附属中学,,委属,0,【普陀】【2025】名额到校计划.pdf,1
2025,071051,上海师范大学附属第二实验学校,交附,上海交通大学附属中学,,委属,0,【普陀】【2025】名额到校计划.pdf,1
2025,071051,上海师范大学附属第二实验学校,上师大,上海师范大学附属中学,,委属,0,【普陀】【2025】名额到校计划.pdf,1
2025,071051,上海师范大学附属第二实验学校,华二普陀,华东师范大学第二附属中学（普陀校区）,,区属,2,【普陀】【2025】名额到校计划.pdf,1
2025,071051,上海师范大学附属第二实验学校,二中,上海市曹杨第二中学,,区属,4,【普陀】【2025】名额到校计划.pdf,1
2025,071051,上海师范大学附属第二实验学校,晋元,上海市晋元高级中学,,区属,5,【普陀】【2025】名额到校计划.pdf,1
2025,071051,上海师范大学附属第二实验学校,宜川,上海市宜川中学,,区属,4,【普陀】【2025】名额到校计划.pdf,1
2025,071053,上海市真北中学,华二,华东师范大学第二附属中学,,委属,0,【普陀】【2025】名额到校计划.pdf,1
2025,071053,上海市真北中学,上中,上海市上海中学,,委属,1,【普陀】【2025】名额到校计划.pdf,1
2025,071053,上海市真北中学,复附,复旦大学附属中学,,委属,0,【普陀】【2025】名额到校计划.pdf,1
2025,071053,上海市真北中学,交附,上海交通大学附属中学,,委属,0,【普陀】【2025】名额到校计划.pdf,1
2025,071053,上海市真北中学,上师大,上海师范大学附属中学,,委属,0,【普陀】【2025】名额到校计划.pdf,1
2025,071053,上海市真北中学,华二普陀,华东师范大学第二附属中学（普陀校区）,,区属,1,【普陀】【2025】名额到校计划.pdf,1
2025,071053,上海市真北中学,二中,上海市曹杨第二中学,,区属,3,【普陀】【2025】名额到校计划.pdf,1
2025,071053,上海市真北中学,晋元,上海市晋元高级中学,,区属,3,【普陀】【2025】名额到校计划.pdf,1
2025,071053,上海市真北中学,宜川,上海市宜川中学,,区属,3,【普陀】【2025】名额到校计划.pdf,1
2025,071054,上海市普陀区教育学院附属中学,华二,华东师范大学第二附属中学,,委属,0,【普陀】【2025】名额到校计划.pdf,1
2025,071054,上海市普陀区教育学院附属中学,上中,上海市上海中学,,委属,0,【普陀】【2025】名额到校计划.pdf,1
2025,071054,上海市普陀区教育学院附属中学,复附,复旦大学附属中学,,委属,0,【普陀】【2025】名额到校计划.pdf,1
2025,071054,上海市普陀区教育学院附属中学,交附,上海交通大学附属中学,,委属,0,【普陀】【2025】名额到校计划.pdf,1
2025,071054,上海市普陀区教育学院附属中学,上师大,上海师范大学附属中学,,委属,0,【普陀】【2025】名额到校计划.pdf,1
2025,071054,上海市普陀区教育学院附属中学,华二普陀,华东师范大学第二附属中学（普陀校区）,,区属,3,【普陀】【2025】名额到校计划.pdf,1
2025,071054,上海市普陀区教育学院附属中学,二中,上海市曹杨第二中学,,区属,8,【普陀】【2025】名额到校计划.pdf,1
2025,071054,上海市普陀区教育学院附属中学,晋元,上海市晋元高级中学,,区属,7,【普陀】【2025】名额到校计划.pdf,1
2025,071054,上海市普陀区教育学院附属中学,宜川,上海市宜川中学,,区属,8,【普陀】【2025】名额到校计划.pdf,1
2025,071056,上海市梅陇中学,华二,华东师范大学第二附属中学,,委属,1,【普陀】【2025】名额到校计划.pdf,1
2025,071056,上海市梅陇中学,上中,上海市上海中学,,委属,0,【普陀】【2025】名额到校计划.pdf,1
2025,071056,上海市梅陇中学,复附,复旦大学附属中学,,委属,0,【普陀】【2025】名额到校计划.pdf,1
2025,071056,上海市梅陇中学,交附,上海交通大学附属中学,,委属,0,【普陀】【2025】名额到校计划.pdf,1
2025,071056,上海市梅陇中学,上师大,上海师范大学附属中学,,委属,0,【普陀】【2025】名额到校计划.pdf,1
2025,071056,上海市梅陇中学,华二普陀,华东师范大学第二附属中学（普陀校区）,,区属,6,【普陀】【2025】名额到校计划.pdf,1
2025,071056,上海市梅陇中学,二中,上海市曹杨第二中学,,区属,18,【普陀】【2025】名额到校计划.pdf,1
2025,071056,上海市梅陇中学,晋元,上海市晋元高级中学,,区属,18,【普陀】【2025】名额到校计划.pdf,1
2025,071056,上海市梅陇中学,宜川,上海市宜川中学,,区属,18,【普陀】【2025】名额到校计划.pdf,1
2025,071060,上海兰田中学,华二,华东师范大学第二附属中学,,委属,0,【普陀】【2025】名额到校计划.pdf,1
2025,071060,上海兰田中学,上中,上海市上海中学,,委属,1,【普陀】【2025】名额到校计划.pdf,1
2025,071060,上海兰田中学,复附,复旦大学附属中学,,委属,0,【普陀】【2025】名额到校计划.pdf,1
2025,071060,上海兰田中学,交附,上海交通大学附属中学,,委属,0,【普陀】【2025】名额到校计划.pdf,1
2025,071060,上海兰田中学,上师大,上海师范大学附属中学,,委属,0,【普陀】【2025】名额到校计划.pdf,1
2025,071060,上海兰田中学,华二普陀,华东师范大学第二附属中学（普陀校区）,,区属,2,【普陀】【2025】名额到校计划.pdf,1
2025,071060,上海兰田中学,二中,上海市曹杨第二中学,,区属,7,【普陀】【2025】名额到校计划.pdf,1
2025,071060,上海兰田中学,晋元,上海市晋元高级中学,,区属,7,【普陀】【2025】名额到校计划.pdf,1
2025,071060,上海兰田中学,宜川,上海市宜川中学,,区属,8,【普陀】【2025】名额到校计划.pdf,1
2025,071085,上海市普陀区梅陇实验中学,华二,华东师范大学第二附属中学,,委属,0,【普陀】【2025】名额到校计划.pdf,1
2025,071085,上海市普陀区梅陇实验中学,上中,上海市上海中学,,委属,0,【普陀】【2025】名额到校计划.pdf,1
2025,071085,上海市普陀区梅陇实验中学,复附,复旦大学附属中学,,委属,1,【普陀】【2025】名额到校计划.pdf,1
2025,071085,上海市普陀区梅陇实验中学,交附,上海交通大学附属中学,,委属,0,【普陀】【2025】名额到校计划.pdf,1
2025,071085,上海市普陀区梅陇实验中学,上师大,上海师范大学附属中学,,委属,0,【普陀】【2025】名额到校计划.pdf,1
2025,071085,上海市普陀区梅陇实验中学,华二普陀,华东师范大学第二附属中学（普陀校区）,,区属,2,【普陀】【2025】名额到校计划.pdf,1
2025,071085,上海市普陀区梅陇实验中学,二中,上海市曹杨第二中学,,区属,5,【普陀】【2025】名额到校计划.pdf,1
2025,071085,上海市普陀区梅陇实验中学,晋元,上海市晋元高级中学,,区属,4,【普陀】【2025】名额到校计划.pdf,1
2025,071085,上海市普陀区梅陇实验中学,宜川,上海市宜川中学,,区属,5,【普陀】【2025】名额到校计划.pdf,1
2025,073004,上海市曹杨中学,华二,华东师范大学第二附属中学,,委属,0,【普陀】【2025】名额到校计划.pdf,1
2025,073004,上海市曹杨中学,上中,上海市上海中学,,委属,0,【普陀】【2025】名额到校计划.pdf,1
2025,073004,上海市曹杨中学,复附,复旦大学附属中学,,委属,0,【普陀】【2025】名额到校计划.pdf,1
2025,073004,上海市曹杨中学,交附,上海交通大学附属中学,,委属,0,【普陀】【2025】名额到校计划.pdf,1
2025,073004,上海市曹杨中学,上师大,上海师范大学附属中学,,委属,0,【普陀】【2025】名额到校计划.pdf,1
2025,073004,上海市曹杨中学,华二普陀,华东师范大学第二附属中学（普陀校区）,,区属,2,【普陀】【2025】名额到校计划.pdf,1
2025,073004,上海市曹杨中学,二中,上海市曹杨第二中学,,区属,6,【普陀】【2025】名额到校计划.pdf,1
2025,073004,上海市曹杨中学,晋元,上海市晋元高级中学,,区属,7,【普陀】【2025】名额到校计划.pdf,1
2025,073004,上海市曹杨中学,宜川,上海市宜川中学,,区属,6,【普陀】【2025】名额到校计划.pdf,1
2025,074005,同济大学第二附属中学,华二,华东师范大学第二附属中学,,委属,0,【普陀】【2025】名额到校计划.pdf,1
2025,074005,同济大学第二附属中学,上中,上海市上海中学,,委属,0,【普陀】【2025】名额到校计划.pdf,1
2025,074005,同济大学第二附属中学,复附,复旦大学附属中学,,委属,1,【普陀】【2025】名额到校计划.pdf,1
2025,074005,同济大学第二附属中学,交附,上海交通大学附属中学,,委属,0,【普陀】【2025】名额到校计划.pdf,1
2025,074005,同济大学第二附属中学,上师大,上海师范大学附属中学,,委属,0,【普陀】【2025】名额到校计划.pdf,1
2025,074005,同济大学第二附属中学,华二普陀,华东师范大学第二附属中学（普陀校区）,,区属,3,【普陀】【2025】名额到校计划.pdf,1
2025,074005,同济大学第二附属中学,二中,上海市曹杨第二中学,,区属,8,【普陀】【2025】名额到校计划.pdf,1
2025,074005,同济大学第二附属中学,晋元,上海市晋元高级中学,,区属,8,【普陀】【2025】名额到校计划.pdf,1
2025,074005,同济大学第二附属中学,宜川,上海市宜川中学,,区属,9,【普陀】【2025】名额到校计划.pdf,1
2025,074007,上海市甘泉外国语中学,华二,华东师范大学第二附属中学,,委属,0,【普陀】【2025】名额到校计划.pdf,1
2025,074007,上海市甘泉外国语中学,上中,上海市上海中学,,委属,0,【普陀】【2025】名额到校计划.pdf,1
2025,074007,上海市甘泉外国语中学,复附,复旦大学附属中学,,委属,0,【普陀】【2025】名额到校计划.pdf,1
2025,074007,上海市甘泉外国语中学,交附,上海交通大学附属中学,,委属,0,【普陀】【2025】名额到校计划.pdf,1
2025,074007,上海市甘泉外国语中学,上师大,上海师范大学附属中学,,委属,0,【普陀】【2025】名额到校计划.pdf,1
2025,074007,上海市甘泉外国语中学,华二普陀,华东师范大学第二附属中学（普陀校区）,,区属,1,【普陀】【2025】名额到校计划.pdf,1
2025,074007,上海市甘泉外国语中学,二中,上海市曹杨第二中学,,区属,1,【普陀】【2025】名额到校计划.pdf,1
2025,074007,上海市甘泉外国语中学,晋元,上海市晋元高级中学,,区属,1,【普陀】【2025】名额到校计划.pdf,1
2025,074007,上海市甘泉外国语中学,宜川,上海市宜川中学,,区属,1,【普陀】【2025】名额到校计划.pdf,1
2025,074009,上海市新杨中学,华二,华东师范大学第二附属中学,,委属,0,【普陀】【2025】名额到校计划.pdf,1
2025,074009,上海市新杨中学,上中,上海市上海中学,,委属,0,【普陀】【2025】名额到校计划.pdf,1
2025,074009,上海市新杨中学,复附,复旦大学附属中学,,委属,0,【普陀】【2025】名额到校计划.pdf,1
2025,074009,上海市新杨中学,交附,上海交通大学附属中学,,委属,1,【普陀】【2025】名额到校计划.pdf,1
2025,074009,上海市新杨中学,上师大,上海师范大学附属中学,,委属,0,【普陀】【2025】名额到校计划.pdf,1
2025,074009,上海市新杨中学,华二普陀,华东师范大学第二附属中学（普陀校区）,,区属,2,【普陀】【2025】名额到校计划.pdf,1
2025,074009,上海市新杨中学,二中,上海市曹杨第二中学,,区属,8,【普陀】【2025】名额到校计划.pdf,1
2025,074009,上海市新杨中学,晋元,上海市晋元高级中学,,区属,8,【普陀】【2025】名额到校计划.pdf,1
2025,074009,上海市新杨中学,宜川,上海市宜川中学,,区属,7,【普陀】【2025】名额到校计划.pdf,1
2025,074010,上海市长征中学,华二,华东师范大学第二附属中学,,委属,0,【普陀】【2025】名额到校计划.pdf,1
2025,074010,上海市长征中学,上中,上海市上海中学,,委属,0,【普陀】【2025】名额到校计划.pdf,1
2025,074010,上海市长征中学,复附,复旦大学附属中学,,委属,0,【普陀】【2025】名额到校计划.pdf,1
2025,074010,上海市长征中学,交附,上海交通大学附属中学,,委属,1,【普陀】【2025】名额到校计划.pdf,1
2025,074010,上海市长征中学,上师大,上海师范大学附属中学,,委属,0,【普陀】【2025】名额到校计划.pdf,1
2025,074010,上海市长征中学,华二普陀,华东师范大学第二附属中学（普陀校区）,,区属,2,【普陀】【2025】名额到校计划.pdf,1
2025,074010,上海市长征中学,二中,上海市曹杨第二中学,,区属,7,【普陀】【2025】名额到校计划.pdf,1
2025,074010,上海市长征中学,晋元,上海市晋元高级中学,,区属,7,【普陀】【2025】名额到校计划.pdf,1
2025,074010,上海市长征中学,宜川,上海市宜川中学,,区属,6,【普陀】【2025】名额到校计划.pdf,1
2025,074011,上海市桃浦中学,华二,华东师范大学第二附属中学,,委属,0,【普陀】【2025】名额到校计划.pdf,1
2025,074011,上海市桃浦中学,上中,上海市上海中学,,委属,0,【普陀】【2025】名额到校计划.pdf,1
2025,074011,上海市桃浦中学,复附,复旦大学附属中学,,委属,0,【普陀】【2025】名额到校计划.pdf,1
2025,074011,上海市桃浦中学,交附,上海交通大学附属中学,,委属,0,【普陀】【2025】名额到校计划.pdf,1
2025,074011,上海市桃浦中学,上师大,上海师范大学附属中学,,委属,0,【普陀】【2025】名额到校计划.pdf,1
2025,074011,上海市桃浦中学,华二普陀,华东师范大学第二附属中学（普陀校区）,,区属,1,【普陀】【2025】名额到校计划.pdf,1
2025,074011,上海市桃浦中学,二中,上海市曹杨第二中学,,区属,2,【普陀】【2025】名额到校计划.pdf,1
2025,074011,上海市桃浦中学,晋元,上海市晋元高级中学,,区属,3,【普陀】【2025】名额到校计划.pdf,1
2025,074011,上海市桃浦中学,宜川,上海市宜川中学,,区属,3,【普陀】【2025】名额到校计划.pdf,1
2025,074012,上海市晋元高级中学附属学校南校,华二,华东师范大学第二附属中学,,委属,1,【普陀】【2025】名额到校计划.pdf,1
2025,074012,上海市晋元高级中学附属学校南校,上中,上海市上海中学,,委属,0,【普陀】【2025】名额到校计划.pdf,1
2025,074012,上海市晋元高级中学附属学校南校,复附,复旦大学附属中学,,委属,0,【普陀】【2025】名额到校计划.pdf,1
2025,074012,上海市晋元高级中学附属学校南校,交附,上海交通大学附属中学,,委属,0,【普陀】【2025】名额到校计划.pdf,1
2025,074012,上海市晋元高级中学附属学校南校,上师大,上海师范大学附属中学,,委属,0,【普陀】【2025】名额到校计划.pdf,1
2025,074012,上海市晋元高级中学附属学校南校,华二普陀,华东师范大学第二附属中学（普陀校区）,,区属,1,【普陀】【2025】名额到校计划.pdf,1
2025,074012,上海市晋元高级中学附属学校南校,二中,上海市曹杨第二中学,,区属,1,【普陀】【2025】名额到校计划.pdf,1
2025,074012,上海市晋元高级中学附属学校南校,晋元,上海市晋元高级中学,,区属,2,【普陀】【2025】名额到校计划.pdf,1
2025,074012,上海市晋元高级中学附属学校南校,宜川,上海市宜川中学,,区属,2,【普陀】【2025】名额到校计划.pdf,1
2025,074016,上海音乐学院附属安师实验中学,华二,华东师范大学第二附属中学,,委属,0,【普陀】【2025】名额到校计划.pdf,1
2025,074016,上海音乐学院附属安师实验中学,上中,上海市上海中学,,委属,0,【普陀】【2025】名额到校计划.pdf,1
2025,074016,上海音乐学院附属安师实验中学,复附,复旦大学附属中学,,委属,0,【普陀】【2025】名额到校计划.pdf,1
2025,074016,上海音乐学院附属安师实验中学,交附,上海交通大学附属中学,,委属,1,【普陀】【2025】名额到校计划.pdf,1
2025,074016,上海音乐学院附属安师实验中学,上师大,上海师范大学附属中学,,委属,0,【普陀】【2025】名额到校计划.pdf,1
2025,074016,上海音乐学院附属安师实验中学,华二普陀,华东师范大学第二附属中学（普陀校区）,,区属,1,【普陀】【2025】名额到校计划.pdf,1
2025,074016,上海音乐学院附属安师实验中学,二中,上海市曹杨第二中学,,区属,1,【普陀】【2025】名额到校计划.pdf,1
2025,074016,上海音乐学院附属安师实验中学,晋元,上海市晋元高级中学,,区属,1,【普陀】【2025】名额到校计划.pdf,1
2025,074016,上海音乐学院附属安师实验中学,宜川,上海市宜川中学,,区属,1,【普陀】【2025】名额到校计划.pdf,1
2025,074018,上海华东师范大学附属进华中学,华二,华东师范大学第二附属中学,,委属,0,【普陀】【2025】名额到校计划.pdf,1
2025,074018,上海华东师范大学附属进华中学,上中,上海市上海中学,,委属,0,【普陀】【2025】名额到校计划.pdf,1
2025,074018,上海华东师范大学附属进华中学,复附,复旦大学附属中学,,委属,0,【普陀】【2025】名额到校计划.pdf,1
2025,074018,上海华东师范大学附属进华中学,交附,上海交通大学附属中学,,委属,1,【普陀】【2025】名额到校计划.pdf,1
2025,074018,上海华东师范大学附属进华中学,上师大,上海师范大学附属中学,,委属,0,【普陀】【2025】名额到校计划.pdf,1
2025,074018,上海华东师范大学附属进华中学,华二普陀,华东师范大学第二附属中学（普陀校区）,,区属,3,【普陀】【2025】名额到校计划.pdf,1
2025,074018,上海华东师范大学附属进华中学,二中,上海市曹杨第二中学,,区属,8,【普陀】【2025】名额到校计划.pdf,1
2025,074018,上海华东师范大学附属进华中学,晋元,上海市晋元高级中学,,区属,9,【普陀】【2025】名额到校计划.pdf,1
2025,074018,上海华东师范大学附属进华中学,宜川,上海市宜川中学,,区属,8,【普陀】【2025】名额到校计划.pdf,1
2025,074081,上海安生学校,华二,华东师范大学第二附属中学,,委属,0,【普陀】【2025】名额到校计划.pdf,1
2025,074081,上海安生学校,上中,上海市上海中学,,委属,0,【普陀】【2025】名额到校计划.pdf,1
2025,074081,上海安生学校,复附,复旦大学附属中学,,委属,0,【普陀】【2025】名额到校计划.pdf,1
2025,074081,上海安生学校,交附,上海交通大学附属中学,,委属,0,【普陀】【2025】名额到校计划.pdf,1
2025,074081,上海安生学校,上师大,上海师范大学附属中学,,委属,0,【普陀】【2025】名额到校计划.pdf,1
2025,074081,上海安生学校,华二普陀,华东师范大学第二附属中学（普陀校区）,,区属,1,【普陀】【2025】名额到校计划.pdf,1
2025,074081,上海安生学校,二中,上海市曹杨第二中学,,区属,1,【普陀】【2025】名额到校计划.pdf,1
2025,074081,上海安生学校,晋元,上海市晋元高级中学,,区属,1,【普陀】【2025】名额到校计划.pdf,1
2025,074081,上海安生学校,宜川,上海市宜川中学,,区属,1,【普陀】【2025】名额到校计划.pdf,1
2025,075013,上海培佳双语学校,华二,华东师范大学第二附属中学,,委属,0,【普陀】【2025】名额到校计划.pdf,1
2025,075013,上海培佳双语学校,上中,上海市上海中学,,委属,0,【普陀】【2025】名额到校计划.pdf,1
2025,075013,上海培佳双语学校,复附,复旦大学附属中学,,委属,1,【普陀】【2025】名额到校计划.pdf,1
2025,075013,上海培佳双语学校,交附,上海交通大学附属中学,,委属,0,【普陀】【2025】名额到校计划.pdf,1
2025,075013,上海培佳双语学校,上师大,上海师范大学附属中学,,委属,0,【普陀】【2025】名额到校计划.pdf,1
2025,075013,上海培佳双语学校,华二普陀,华东师范大学第二附属中学（普陀校区）,,区属,2,【普陀】【2025】名额到校计划.pdf,1
2025,075013,上海培佳双语学校,二中,上海市曹杨第二中学,,区属,7,【普陀】【2025】名额到校计划.pdf,1
2025,075013,上海培佳双语学校,晋元,上海市晋元高级中学,,区属,7,【普陀】【2025】名额到校计划.pdf,1
2025,075013,上海培佳双语学校,宜川,上海市宜川中学,,区属,6,【普陀】【2025】名额到校计划.pdf,1
2025,075061,上海市铜川学校,华二,华东师范大学第二附属中学,,委属,0,【普陀】【2025】名额到校计划.pdf,2
2025,075061,上海市铜川学校,上中,上海市上海中学,,委属,0,【普陀】【2025】名额到校计划.pdf,2
2025,075061,上海市铜川学校,复附,复旦大学附属中学,,委属,0,【普陀】【2025】名额到校计划.pdf,2
2025,075061,上海市铜川学校,交附,上海交通大学附属中学,,委属,0,【普陀】【2025】名额到校计划.pdf,2
2025,075061,上海市铜川学校,上师大,上海师范大学附属中学,,委属,0,【普陀】【2025】名额到校计划.pdf,2
2025,075061,上海市铜川学校,华二普陀,华东师范大学第二附属中学（普陀校区）,,区属,2,【普陀】【2025】名额到校计划.pdf,2
2025,075061,上海市铜川学校,二中,上海市曹杨第二中学,,区属,2,【普陀】【2025】名额到校计划.pdf,2
2025,075061,上海市铜川学校,晋元,上海市晋元高级中学,,区属,3,【普陀】【2025】名额到校计划.pdf,2
2025,075061,上海市铜川学校,宜川,上海市宜川中学,,区属,2,【普陀】【2025】名额到校计划.pdf,2
2025,075062,上海市沙田学校,华二,华东师范大学第二附属中学,,委属,0,【普陀】【2025】名额到校计划.pdf,2
2025,075062,上海市沙田学校,上中,上海市上海中学,,委属,0,【普陀】【2025】名额到校计划.pdf,2
2025,075062,上海市沙田学校,复附,复旦大学附属中学,,委属,0,【普陀】【2025】名额到校计划.pdf,2
2025,075062,上海市沙田学校,交附,上海交通大学附属中学,,委属,0,【普陀】【2025】名额到校计划.pdf,2
2025,075062,上海市沙田学校,上师大,上海师范大学附属中学,,委属,0,【普陀】【2025】名额到校计划.pdf,2
2025,075062,上海市沙田学校,华二普陀,华东师范大学第二附属中学（普陀校区）,,区属,1,【普陀】【2025】名额到校计划.pdf,2
2025,075062,上海市沙田学校,二中,上海市曹杨第二中学,,区属,2,【普陀】【2025】名额到校计划.pdf,2
2025,075062,上海市沙田学校,晋元,上海市晋元高级中学,,区属,3,【普陀】【2025】名额到校计划.pdf,2
2025,075062,上海市沙田学校,宜川,上海市宜川中学,,区属,2,【普陀】【2025】名额到校计划.pdf,2
2025,075063,华东师范大学附属外国语实验学校,华二,华东师范大学第二附属中学,,委属,0,【普陀】【2025】名额到校计划.pdf,2
2025,075063,华东师范大学附属外国语实验学校,上中,上海市上海中学,,委属,0,【普陀】【2025】名额到校计划.pdf,2
2025,075063,华东师范大学附属外国语实验学校,复附,复旦大学附属中学,,委属,0,【普陀】【2025】名额到校计划.pdf,2
2025,075063,华东师范大学附属外国语实验学校,交附,上海交通大学附属中学,,委属,0,【普陀】【2025】名额到校计划.pdf,2
2025,075063,华东师范大学附属外国语实验学校,上师大,上海师范大学附属中学,,委属,0,【普陀】【2025】名额到校计划.pdf,2
2025,075063,华东师范大学附属外国语实验学校,华二普陀,华东师范大学第二附属中学（普陀校区）,,区属,1,【普陀】【2025】名额到校计划.pdf,2
2025,075063,华东师范大学附属外国语实验学校,二中,上海市曹杨第二中学,,区属,6,【普陀】【2025】名额到校计划.pdf,2
2025,075063,华东师范大学附属外国语实验学校,晋元,上海市晋元高级中学,,区属,5,【普陀】【2025】名额到校计划.pdf,2
2025,075063,华东师范大学附属外国语实验学校,宜川,上海市宜川中学,,区属,6,【普陀】【2025】名额到校计划.pdf,2
2025,075064,上海市子长学校,华二,华东师范大学第二附属中学,,委属,0,【普陀】【2025】名额到校计划.pdf,2
2025,075064,上海市子长学校,上中,上海市上海中学,,委属,0,【普陀】【2025】名额到校计划.pdf,2
2025,075064,上海市子长学校,复附,复旦大学附属中学,,委属,0,【普陀】【2025】名额到校计划.pdf,2
2025,075064,上海市子长学校,交附,上海交通大学附属中学,,委属,1,【普陀】【2025】名额到校计划.pdf,2
2025,075064,上海市子长学校,上师大,上海师范大学附属中学,,委属,0,【普陀】【2025】名额到校计划.pdf,2
2025,075064,上海市子长学校,华二普陀,华东师范大学第二附属中学（普陀校区）,,区属,1,【普陀】【2025】名额到校计划.pdf,2
2025,075064,上海市子长学校,二中,上海市曹杨第二中学,,区属,2,【普陀】【2025】名额到校计划.pdf,2
2025,075064,上海市子长学校,晋元,上海市晋元高级中学,,区属,2,【普陀】【2025】名额到校计划.pdf,2
2025,075064,上海市子长学校,宜川,上海市宜川中学,,区属,1,【普陀】【2025】名额到校计划.pdf,2
2025,075065,上海市洛川学校,华二,华东师范大学第二附属中学,,委属,0,【普陀】【2025】名额到校计划.pdf,2
2025,075065,上海市洛川学校,上中,上海市上海中学,,委属,0,【普陀】【2025】名额到校计划.pdf,2
2025,075065,上海市洛川学校,复附,复旦大学附属中学,,委属,0,【普陀】【2025】名额到校计划.pdf,2
2025,075065,上海市洛川学校,交附,上海交通大学附属中学,,委属,0,【普陀】【2025】名额到校计划.pdf,2
2025,075065,上海市洛川学校,上师大,上海师范大学附属中学,,委属,0,【普陀】【2025】名额到校计划.pdf,2
2025,075065,上海市洛川学校,华二普陀,华东师范大学第二附属中学（普陀校区）,,区属,1,【普陀】【2025】名额到校计划.pdf,2
2025,075065,上海市洛川学校,二中,上海市曹杨第二中学,,区属,2,【普陀】【2025】名额到校计划.pdf,2
2025,075065,上海市洛川学校,晋元,上海市晋元高级中学,,区属,2,【普陀】【2025】名额到校计划.pdf,2
2025,075065,上海市洛川学校,宜川,上海市宜川中学,,区属,2,【普陀】【2025】名额到校计划.pdf,2
2025,075066,上海市宜川中学附属学校,华二,华东师范大学第二附属中学,,委属,0,【普陀】【2025】名额到校计划.pdf,2
2025,075066,上海市宜川中学附属学校,上中,上海市上海中学,,委属,0,【普陀】【2025】名额到校计划.pdf,2
2025,075066,上海市宜川中学附属学校,复附,复旦大学附属中学,,委属,0,【普陀】【2025】名额到校计划.pdf,2
2025,075066,上海市宜川中学附属学校,交附,上海交通大学附属中学,,委属,0,【普陀】【2025】名额到校计划.pdf,2
2025,075066,上海市宜川中学附属学校,上师大,上海师范大学附属中学,,委属,0,【普陀】【2025】名额到校计划.pdf,2
2025,075066,上海市宜川中学附属学校,华二普陀,华东师范大学第二附属中学（普陀校区）,,区属,1,【普陀】【2025】名额到校计划.pdf,2
2025,075066,上海市宜川中学附属学校,二中,上海市曹杨第二中学,,区属,3,【普陀】【2025】名额到校计划.pdf,2
2025,075066,上海市宜川中学附属学校,晋元,上海市晋元高级中学,,区属,4,【普陀】【2025】名额到校计划.pdf,2
2025,075066,上海市宜川中学附属学校,宜川,上海市宜川中学,,区属,4,【普陀】【2025】名额到校计划.pdf,2
2025,075067,上海市曹杨中学附属学校,华二,华东师范大学第二附属中学,,委属,0,【普陀】【2025】名额到校计划.pdf,2
2025,075067,上海市曹杨中学附属学校,上中,上海市上海中学,,委属,0,【普陀】【2025】名额到校计划.pdf,2
2025,075067,上海市曹杨中学附属学校,复附,复旦大学附属中学,,委属,0,【普陀】【2025】名额到校计划.pdf,2
2025,075067,上海市曹杨中学附属学校,交附,上海交通大学附属中学,,委属,0,【普陀】【2025】名额到校计划.pdf,2
2025,075067,上海市曹杨中学附属学校,上师大,上海师范大学附属中学,,委属,0,【普陀】【2025】名额到校计划.pdf,2
2025,075067,上海市曹杨中学附属学校,华二普陀,华东师范大学第二附属中学（普陀校区）,,区属,1,【普陀】【2025】名额到校计划.pdf,2
2025,075067,上海市曹杨中学附属学校,二中,上海市曹杨第二中学,,区属,4,【普陀】【2025】名额到校计划.pdf,2
2025,075067,上海市曹杨中学附属学校,晋元,上海市晋元高级中学,,区属,4,【普陀】【2025】名额到校计划.pdf,2
2025,075067,上海市曹杨中学附属学校,宜川,上海市宜川中学,,区属,5,【普陀】【2025】名额到校计划.pdf,2
2025,075068,上海市普陀区教育学院附属学校,华二,华东师范大学第二附属中学,,委属,0,【普陀】【2025】名额到校计划.pdf,2
2025,075068,上海市普陀区教育学院附属学校,上中,上海市上海中学,,委属,0,【普陀】【2025】名额到校计划.pdf,2
2025,075068,上海市普陀区教育学院附属学校,复附,复旦大学附属中学,,委属,0,【普陀】【2025】名额到校计划.pdf,2
2025,075068,上海市普陀区教育学院附属学校,交附,上海交通大学附属中学,,委属,0,【普陀】【2025】名额到校计划.pdf,2
2025,075068,上海市普陀区教育学院附属学校,上师大,上海师范大学附属中学,,委属,0,【普陀】【2025】名额到校计划.pdf,2
2025,075068,上海市普陀区教育学院附属学校,华二普陀,华东师范大学第二附属中学（普陀校区）,,区属,1,【普陀】【2025】名额到校计划.pdf,2
2025,075068,上海市普陀区教育学院附属学校,二中,上海市曹杨第二中学,,区属,1,【普陀】【2025】名额到校计划.pdf,2
2025,075068,上海市普陀区教育学院附属学校,晋元,上海市晋元高级中学,,区属,2,【普陀】【2025】名额到校计划.pdf,2
2025,075068,上海市普陀区教育学院附属学校,宜川,上海市宜川中学,,区属,2,【普陀】【2025】名额到校计划.pdf,2
2025,075069,上海市晋元高级中学附属学校,华二,华东师范大学第二附属中学,,委属,0,【普陀】【2025】名额到校计划.pdf,2
2025,075069,上海市晋元高级中学附属学校,上中,上海市上海中学,,委属,0,【普陀】【2025】名额到校计划.pdf,2
2025,075069,上海市晋元高级中学附属学校,复附,复旦大学附属中学,,委属,1,【普陀】【2025】名额到校计划.pdf,2
2025,075069,上海市晋元高级中学附属学校,交附,上海交通大学附属中学,,委属,0,【普陀】【2025】名额到校计划.pdf,2
2025,075069,上海市晋元高级中学附属学校,上师大,上海师范大学附属中学,,委属,0,【普陀】【2025】名额到校计划.pdf,2
2025,075069,上海市晋元高级中学附属学校,华二普陀,华东师范大学第二附属中学（普陀校区）,,区属,4,【普陀】【2025】名额到校计划.pdf,2
2025,075069,上海市晋元高级中学附属学校,二中,上海市曹杨第二中学,,区属,12,【普陀】【2025】名额到校计划.pdf,2
2025,075069,上海市晋元高级中学附属学校,晋元,上海市晋元高级中学,,区属,12,【普陀】【2025】名额到校计划.pdf,2
2025,075069,上海市晋元高级中学附属学校,宜川,上海市宜川中学,,区属,12,【普陀】【2025】名额到校计划.pdf,2
2025,075070,上海市曹杨第二中学附属学校,华二,华东师范大学第二附属中学,,委属,0,【普陀】【2025】名额到校计划.pdf,2
2025,075070,上海市曹杨第二中学附属学校,上中,上海市上海中学,,委属,0,【普陀】【2025】名额到校计划.pdf,2
2025,075070,上海市曹杨第二中学附属学校,复附,复旦大学附属中学,,委属,0,【普陀】【2025】名额到校计划.pdf,2
2025,075070,上海市曹杨第二中学附属学校,交附,上海交通大学附属中学,,委属,0,【普陀】【2025】名额到校计划.pdf,2
2025,075070,上海市曹杨第二中学附属学校,上师大,上海师范大学附属中学,,委属,0,【普陀】【2025】名额到校计划.pdf,2
2025,075070,上海市曹杨第二中学附属学校,华二普陀,华东师范大学第二附属中学（普陀校区）,,区属,3,【普陀】【2025】名额到校计划.pdf,2
2025,075070,上海市曹杨第二中学附属学校,二中,上海市曹杨第二中学,,区属,8,【普陀】【2025】名额到校计划.pdf,2
2025,075070,上海市曹杨第二中学附属学校,晋元,上海市晋元高级中学,,区属,9,【普陀】【2025】名额到校计划.pdf,2
2025,075070,上海市曹杨第二中学附属学校,宜川,上海市宜川中学,,区属,8,【普陀】【2025】名额到校计划.pdf,2
2025,075071,上海市民办新黄浦实验学校,华二,华东师范大学第二附属中学,,委属,0,【普陀】【2025】名额到校计划.pdf,2
2025,075071,上海市民办新黄浦实验学校,上中,上海市上海中学,,委属,1,【普陀】【2025】名额到校计划.pdf,2
2025,075071,上海市民办新黄浦实验学校,复附,复旦大学附属中学,,委属,0,【普陀】【2025】名额到校计划.pdf,2
2025,075071,上海市民办新黄浦实验学校,交附,上海交通大学附属中学,,委属,0,【普陀】【2025】名额到校计划.pdf,2
2025,075071,上海市民办新黄浦实验学校,上师大,上海师范大学附属中学,,委属,0,【普陀】【2025】名额到校计划.pdf,2
2025,075071,上海市民办新黄浦实验学校,华二普陀,华东师范大学第二附属中学（普陀校区）,,区属,1,【普陀】【2025】名额到校计划.pdf,2
2025,075071,上海市民办新黄浦实验学校,二中,上海市曹杨第二中学,,区属,3,【普陀】【2025】名额到校计划.pdf,2
2025,075071,上海市民办新黄浦实验学校,晋元,上海市晋元高级中学,,区属,3,【普陀】【2025】名额到校计划.pdf,2
2025,075071,上海市民办新黄浦实验学校,宜川,上海市宜川中学,,区属,3,【普陀】【2025】名额到校计划.pdf,2
2025,075072,上海市江宁学校,华二,华东师范大学第二附属中学,,委属,0,【普陀】【2025】名额到校计划.pdf,2
2025,075072,上海市江宁学校,上中,上海市上海中学,,委属,0,【普陀】【2025】名额到校计划.pdf,2
2025,075072,上海市江宁学校,复附,复旦大学附属中学,,委属,0,【普陀】【2025】名额到校计划.pdf,2
2025,075072,上海市江宁学校,交附,上海交通大学附属中学,,委属,0,【普陀】【2025】名额到校计划.pdf,2
2025,075072,上海市江宁学校,上师大,上海师范大学附属中学,,委属,0,【普陀】【2025】名额到校计划.pdf,2
2025,075072,上海市江宁学校,华二普陀,华东师范大学第二附属中学（普陀校区）,,区属,3,【普陀】【2025】名额到校计划.pdf,2
2025,075072,上海市江宁学校,二中,上海市曹杨第二中学,,区属,5,【普陀】【2025】名额到校计划.pdf,2
2025,075072,上海市江宁学校,晋元,上海市晋元高级中学,,区属,6,【普陀】【2025】名额到校计划.pdf,2
2025,075072,上海市江宁学校,宜川,上海市宜川中学,,区属,6,【普陀】【2025】名额到校计划.pdf,2
2025,075073,上海市中远实验学校,华二,华东师范大学第二附属中学,,委属,0,【普陀】【2025】名额到校计划.pdf,2
2025,075073,上海市中远实验学校,上中,上海市上海中学,,委属,0,【普陀】【2025】名额到校计划.pdf,2
2025,075073,上海市中远实验学校,复附,复旦大学附属中学,,委属,0,【普陀】【2025】名额到校计划.pdf,2
2025,075073,上海市中远实验学校,交附,上海交通大学附属中学,,委属,0,【普陀】【2025】名额到校计划.pdf,2
2025,075073,上海市中远实验学校,上师大,上海师范大学附属中学,,委属,1,【普陀】【2025】名额到校计划.pdf,2
2025,075073,上海市中远实验学校,华二普陀,华东师范大学第二附属中学（普陀校区）,,区属,3,【普陀】【2025】名额到校计划.pdf,2
2025,075073,上海市中远实验学校,二中,上海市曹杨第二中学,,区属,5,【普陀】【2025】名额到校计划.pdf,2
2025,075073,上海市中远实验学校,晋元,上海市晋元高级中学,,区属,5,【普陀】【2025】名额到校计划.pdf,2
2025,075073,上海市中远实验学校,宜川,上海市宜川中学,,区属,6,【普陀】【2025】名额到校计划.pdf,2
2025,075077,上海市金鼎学校,华二,华东师范大学第二附属中学,,委属,0,【普陀】【2025】名额到校计划.pdf,2
2025,075077,上海市金鼎学校,上中,上海市上海中学,,委属,0,【普陀】【2025】名额到校计划.pdf,2
2025,075077,上海市金鼎学校,复附,复旦大学附属中学,,委属,0,【普陀】【2025】名额到校计划.pdf,2
2025,075077,上海市金鼎学校,交附,上海交通大学附属中学,,委属,0,【普陀】【2025】名额到校计划.pdf,2
2025,075077,上海市金鼎学校,上师大,上海师范大学附属中学,,委属,0,【普陀】【2025】名额到校计划.pdf,2
2025,075077,上海市金鼎学校,华二普陀,华东师范大学第二附属中学（普陀校区）,,区属,1,【普陀】【2025】名额到校计划.pdf,2
2025,075077,上海市金鼎学校,二中,上海市曹杨第二中学,,区属,1,【普陀】【2025】名额到校计划.pdf,2
2025,075077,上海市金鼎学校,晋元,上海市晋元高级中学,,区属,1,【普陀】【2025】名额到校计划.pdf,2
2025,075077,上海市金鼎学校,宜川,上海市宜川中学,,区属,1,【普陀】【2025】名额到校计划.pdf,2
2025,075078,上海外国语大学尚阳外国语学校,华二,华东师范大学第二附属中学,,委属,0,【普陀】【2025】名额到校计划.pdf,2
2025,075078,上海外国语大学尚阳外国语学校,上中,上海市上海中学,,委属,0,【普陀】【2025】名额到校计划.pdf,2
2025,075078,上海外国语大学尚阳外国语学校,复附,复旦大学附属中学,,委属,0,【普陀】【2025】名额到校计划.pdf,2
2025,075078,上海外国语大学尚阳外国语学校,交附,上海交通大学附属中学,,委属,0,【普陀】【2025】名额到校计划.pdf,2
2025,075078,上海外国语大学尚阳外国语学校,上师大,上海师范大学附属中学,,委属,0,【普陀】【2025】名额到校计划.pdf,2
2025,075078,上海外国语大学尚阳外国语学校,华二普陀,华东师范大学第二附属中学（普陀校区）,,区属,1,【普陀】【2025】名额到校计划.pdf,2
2025,075078,上海外国语大学尚阳外国语学校,二中,上海市曹杨第二中学,,区属,5,【普陀】【2025】名额到校计划.pdf,2
2025,075078,上海外国语大学尚阳外国语学校,晋元,上海市晋元高级中学,,区属,5,【普陀】【2025】名额到校计划.pdf,2
2025,075078,上海外国语大学尚阳外国语学校,宜川,上海市宜川中学,,区属,5,【普陀】【2025】名额到校计划.pdf,2
2025,075079,上海市文达学校,华二,华东师范大学第二附属中学,,委属,0,【普陀】【2025】名额到校计划.pdf,2
2025,075079,上海市文达学校,上中,上海市上海中学,,委属,0,【普陀】【2025】名额到校计划.pdf,2
2025,075079,上海市文达学校,复附,复旦大学附属中学,,委属,0,【普陀】【2025】名额到校计划.pdf,2
2025,075079,上海市文达学校,交附,上海交通大学附属中学,,委属,0,【普陀】【2025】名额到校计划.pdf,2
2025,075079,上海市文达学校,上师大,上海师范大学附属中学,,委属,0,【普陀】【2025】名额到校计划.pdf,2
2025,075079,上海市文达学校,华二普陀,华东师范大学第二附属中学（普陀校区）,,区属,1,【普陀】【2025】名额到校计划.pdf,2
2025,075079,上海市文达学校,二中,上海市曹杨第二中学,,区属,4,【普陀】【2025】名额到校计划.pdf,2
2025,075079,上海市文达学校,晋元,上海市晋元高级中学,,区属,4,【普陀】【2025】名额到校计划.pdf,2
2025,075079,上海市文达学校,宜川,上海市宜川中学,,区属,4,【普陀】【2025】名额到校计划.pdf,2
2025,075080,上海理工大学附属普陀实验学校,华二,华东师范大学第二附属中学,,委属,0,【普陀】【2025】名额到校计划.pdf,2
2025,075080,上海理工大学附属普陀实验学校,上中,上海市上海中学,,委属,0,【普陀】【2025】名额到校计划.pdf,2
2025,075080,上海理工大学附属普陀实验学校,复附,复旦大学附属中学,,委属,0,【普陀】【2025】名额到校计划.pdf,2
2025,075080,上海理工大学附属普陀实验学校,交附,上海交通大学附属中学,,委属,0,【普陀】【2025】名额到校计划.pdf,2
2025,075080,上海理工大学附属普陀实验学校,上师大,上海师范大学附属中学,,委属,0,【普陀】【2025】名额到校计划.pdf,2
2025,075080,上海理工大学附属普陀实验学校,华二普陀,华东师范大学第二附属中学（普陀校区）,,区属,1,【普陀】【2025】名额到校计划.pdf,2
2025,075080,上海理工大学附属普陀实验学校,二中,上海市曹杨第二中学,,区属,2,【普陀】【2025】名额到校计划.pdf,2
2025,075080,上海理工大学附属普陀实验学校,晋元,上海市晋元高级中学,,区属,1,【普陀】【2025】名额到校计划.pdf,2
2025,075080,上海理工大学附属普陀实验学校,宜川,上海市宜川中学,,区属,2,【普陀】【2025】名额到校计划.pdf,2
2025,075113,上海市万里城实验学校,华二,华东师范大学第二附属中学,,委属,0,【普陀】【2025】名额到校计划.pdf,2
2025,075113,上海市万里城实验学校,上中,上海市上海中学,,委属,0,【普陀】【2025】名额到校计划.pdf,2
2025,075113,上海市万里城实验学校,复附,复旦大学附属中学,,委属,0,【普陀】【2025】名额到校计划.pdf,2
2025,075113,上海市万里城实验学校,交附,上海交通大学附属中学,,委属,0,【普陀】【2025】名额到校计划.pdf,2
2025,075113,上海市万里城实验学校,上师大,上海师范大学附属中学,,委属,0,【普陀】【2025】名额到校计划.pdf,2
2025,075113,上海市万里城实验学校,华二普陀,华东师范大学第二附属中学（普陀校区）,,区属,2,【普陀】【2025】名额到校计划.pdf,2
2025,075113,上海市万里城实验学校,二中,上海市曹杨第二中学,,区属,6,【普陀】【2025】名额到校计划.pdf,2
2025,075113,上海市万里城实验学校,晋元,上海市晋元高级中学,,区属,7,【普陀】【2025】名额到校计划.pdf,2
2025,075113,上海市万里城实验学校,宜川,上海市宜川中学,,区属,7,【普陀】【2025】名额到校计划.pdf,2
2026,071045,上海市洵阳中学,华二,华东师范大学第二附属中学,,委属,0,【普陀】【2026】名额到校计划.pdf,1
2026,071045,上海市洵阳中学,上中,上海市上海中学,,委属,0,【普陀】【2026】名额到校计划.pdf,1
2026,071045,上海市洵阳中学,复附,复旦大学附属中学,,委属,1,【普陀】【2026】名额到校计划.pdf,1
2026,071045,上海市洵阳中学,交附,上海交通大学附属中学,,委属,0,【普陀】【2026】名额到校计划.pdf,1
2026,071045,上海市洵阳中学,上师大,上海师范大学附属中学,,委属,0,【普陀】【2026】名额到校计划.pdf,1
2026,071045,上海市洵阳中学,华二普陀,华东师范大学第二附属中学（普陀校区）,,区属,1,【普陀】【2026】名额到校计划.pdf,1
2026,071045,上海市洵阳中学,二中,上海市曹杨第二中学,,区属,2,【普陀】【2026】名额到校计划.pdf,1
2026,071045,上海市洵阳中学,晋元,上海市晋元高级中学,,区属,2,【普陀】【2026】名额到校计划.pdf,1
2026,071045,上海市洵阳中学,宜川,上海市宜川中学,,区属,3,【普陀】【2026】名额到校计划.pdf,1
2026,071046,上海市北海中学,华二,华东师范大学第二附属中学,,委属,0,【普陀】【2026】名额到校计划.pdf,1
2026,071046,上海市北海中学,上中,上海市上海中学,,委属,0,【普陀】【2026】名额到校计划.pdf,1
2026,071046,上海市北海中学,复附,复旦大学附属中学,,委属,0,【普陀】【2026】名额到校计划.pdf,1
2026,071046,上海市北海中学,交附,上海交通大学附属中学,,委属,1,【普陀】【2026】名额到校计划.pdf,1
2026,071046,上海市北海中学,上师大,上海师范大学附属中学,,委属,0,【普陀】【2026】名额到校计划.pdf,1
2026,071046,上海市北海中学,华二普陀,华东师范大学第二附属中学（普陀校区）,,区属,3,【普陀】【2026】名额到校计划.pdf,1
2026,071046,上海市北海中学,二中,上海市曹杨第二中学,,区属,3,【普陀】【2026】名额到校计划.pdf,1
2026,071046,上海市北海中学,晋元,上海市晋元高级中学,,区属,3,【普陀】【2026】名额到校计划.pdf,1
2026,071046,上海市北海中学,宜川,上海市宜川中学,,区属,4,【普陀】【2026】名额到校计划.pdf,1
2026,071047,上海市延河中学,华二,华东师范大学第二附属中学,,委属,0,【普陀】【2026】名额到校计划.pdf,1
2026,071047,上海市延河中学,上中,上海市上海中学,,委属,0,【普陀】【2026】名额到校计划.pdf,1
2026,071047,上海市延河中学,复附,复旦大学附属中学,,委属,0,【普陀】【2026】名额到校计划.pdf,1
2026,071047,上海市延河中学,交附,上海交通大学附属中学,,委属,0,【普陀】【2026】名额到校计划.pdf,1
2026,071047,上海市延河中学,上师大,上海师范大学附属中学,,委属,0,【普陀】【2026】名额到校计划.pdf,1
2026,071047,上海市延河中学,华二普陀,华东师范大学第二附属中学（普陀校区）,,区属,2,【普陀】【2026】名额到校计划.pdf,1
2026,071047,上海市延河中学,二中,上海市曹杨第二中学,,区属,4,【普陀】【2026】名额到校计划.pdf,1
2026,071047,上海市延河中学,晋元,上海市晋元高级中学,,区属,3,【普陀】【2026】名额到校计划.pdf,1
2026,071047,上海市延河中学,宜川,上海市宜川中学,,区属,3,【普陀】【2026】名额到校计划.pdf,1
2026,071048,上海市曹杨第二中学附属实验中学,华二,华东师范大学第二附属中学,,委属,0,【普陀】【2026】名额到校计划.pdf,1
2026,071048,上海市曹杨第二中学附属实验中学,上中,上海市上海中学,,委属,0,【普陀】【2026】名额到校计划.pdf,1
2026,071048,上海市曹杨第二中学附属实验中学,复附,复旦大学附属中学,,委属,0,【普陀】【2026】名额到校计划.pdf,1
2026,071048,上海市曹杨第二中学附属实验中学,交附,上海交通大学附属中学,,委属,0,【普陀】【2026】名额到校计划.pdf,1
2026,071048,上海市曹杨第二中学附属实验中学,上师大,上海师范大学附属中学,,委属,1,【普陀】【2026】名额到校计划.pdf,1
2026,071048,上海市曹杨第二中学附属实验中学,华二普陀,华东师范大学第二附属中学（普陀校区）,,区属,3,【普陀】【2026】名额到校计划.pdf,1
2026,071048,上海市曹杨第二中学附属实验中学,二中,上海市曹杨第二中学,,区属,4,【普陀】【2026】名额到校计划.pdf,1
2026,071048,上海市曹杨第二中学附属实验中学,晋元,上海市晋元高级中学,,区属,4,【普陀】【2026】名额到校计划.pdf,1
2026,071048,上海市曹杨第二中学附属实验中学,宜川,上海市宜川中学,,区属,4,【普陀】【2026】名额到校计划.pdf,1
2026,071049,华东师范大学第四附属中学,华二,华东师范大学第二附属中学,,委属,0,【普陀】【2026】名额到校计划.pdf,1
2026,071049,华东师范大学第四附属中学,上中,上海市上海中学,,委属,0,【普陀】【2026】名额到校计划.pdf,1
2026,071049,华东师范大学第四附属中学,复附,复旦大学附属中学,,委属,0,【普陀】【2026】名额到校计划.pdf,1
2026,071049,华东师范大学第四附属中学,交附,上海交通大学附属中学,,委属,0,【普陀】【2026】名额到校计划.pdf,1
2026,071049,华东师范大学第四附属中学,上师大,上海师范大学附属中学,,委属,0,【普陀】【2026】名额到校计划.pdf,1
2026,071049,华东师范大学第四附属中学,华二普陀,华东师范大学第二附属中学（普陀校区）,,区属,5,【普陀】【2026】名额到校计划.pdf,1
2026,071049,华东师范大学第四附属中学,二中,上海市曹杨第二中学,,区属,9,【普陀】【2026】名额到校计划.pdf,1
2026,071049,华东师范大学第四附属中学,晋元,上海市晋元高级中学,,区属,8,【普陀】【2026】名额到校计划.pdf,1
2026,071049,华东师范大学第四附属中学,宜川,上海市宜川中学,,区属,10,【普陀】【2026】名额到校计划.pdf,1
2026,071050,上海市怒江中学,华二,华东师范大学第二附属中学,,委属,0,【普陀】【2026】名额到校计划.pdf,1
2026,071050,上海市怒江中学,上中,上海市上海中学,,委属,0,【普陀】【2026】名额到校计划.pdf,1
2026,071050,上海市怒江中学,复附,复旦大学附属中学,,委属,0,【普陀】【2026】名额到校计划.pdf,1
2026,071050,上海市怒江中学,交附,上海交通大学附属中学,,委属,0,【普陀】【2026】名额到校计划.pdf,1
2026,071050,上海市怒江中学,上师大,上海师范大学附属中学,,委属,0,【普陀】【2026】名额到校计划.pdf,1
2026,071050,上海市怒江中学,华二普陀,华东师范大学第二附属中学（普陀校区）,,区属,1,【普陀】【2026】名额到校计划.pdf,1
2026,071050,上海市怒江中学,二中,上海市曹杨第二中学,,区属,1,【普陀】【2026】名额到校计划.pdf,1
2026,071050,上海市怒江中学,晋元,上海市晋元高级中学,,区属,1,【普陀】【2026】名额到校计划.pdf,1
2026,071050,上海市怒江中学,宜川,上海市宜川中学,,区属,1,【普陀】【2026】名额到校计划.pdf,1
2026,071051,上海师范大学附属第二实验学校,华二,华东师范大学第二附属中学,,委属,0,【普陀】【2026】名额到校计划.pdf,1
2026,071051,上海师范大学附属第二实验学校,上中,上海市上海中学,,委属,0,【普陀】【2026】名额到校计划.pdf,1
2026,071051,上海师范大学附属第二实验学校,复附,复旦大学附属中学,,委属,0,【普陀】【2026】名额到校计划.pdf,1
2026,071051,上海师范大学附属第二实验学校,交附,上海交通大学附属中学,,委属,1,【普陀】【2026】名额到校计划.pdf,1
2026,071051,上海师范大学附属第二实验学校,上师大,上海师范大学附属中学,,委属,0,【普陀】【2026】名额到校计划.pdf,1
2026,071051,上海师范大学附属第二实验学校,华二普陀,华东师范大学第二附属中学（普陀校区）,,区属,2,【普陀】【2026】名额到校计划.pdf,1
2026,071051,上海师范大学附属第二实验学校,二中,上海市曹杨第二中学,,区属,5,【普陀】【2026】名额到校计划.pdf,1
2026,071051,上海师范大学附属第二实验学校,晋元,上海市晋元高级中学,,区属,5,【普陀】【2026】名额到校计划.pdf,1
2026,071051,上海师范大学附属第二实验学校,宜川,上海市宜川中学,,区属,4,【普陀】【2026】名额到校计划.pdf,1
2026,071053,上海市真北中学,华二,华东师范大学第二附属中学,,委属,0,【普陀】【2026】名额到校计划.pdf,1
2026,071053,上海市真北中学,上中,上海市上海中学,,委属,0,【普陀】【2026】名额到校计划.pdf,1
2026,071053,上海市真北中学,复附,复旦大学附属中学,,委属,0,【普陀】【2026】名额到校计划.pdf,1
2026,071053,上海市真北中学,交附,上海交通大学附属中学,,委属,1,【普陀】【2026】名额到校计划.pdf,1
2026,071053,上海市真北中学,上师大,上海师范大学附属中学,,委属,0,【普陀】【2026】名额到校计划.pdf,1
2026,071053,上海市真北中学,华二普陀,华东师范大学第二附属中学（普陀校区）,,区属,1,【普陀】【2026】名额到校计划.pdf,1
2026,071053,上海市真北中学,二中,上海市曹杨第二中学,,区属,3,【普陀】【2026】名额到校计划.pdf,1
2026,071053,上海市真北中学,晋元,上海市晋元高级中学,,区属,3,【普陀】【2026】名额到校计划.pdf,1
2026,071053,上海市真北中学,宜川,上海市宜川中学,,区属,3,【普陀】【2026】名额到校计划.pdf,1
2026,071054,上海市普陀区教育学院附属中学,华二,华东师范大学第二附属中学,,委属,0,【普陀】【2026】名额到校计划.pdf,1
2026,071054,上海市普陀区教育学院附属中学,上中,上海市上海中学,,委属,0,【普陀】【2026】名额到校计划.pdf,1
2026,071054,上海市普陀区教育学院附属中学,复附,复旦大学附属中学,,委属,0,【普陀】【2026】名额到校计划.pdf,1
2026,071054,上海市普陀区教育学院附属中学,交附,上海交通大学附属中学,,委属,0,【普陀】【2026】名额到校计划.pdf,1
2026,071054,上海市普陀区教育学院附属中学,上师大,上海师范大学附属中学,,委属,0,【普陀】【2026】名额到校计划.pdf,1
2026,071054,上海市普陀区教育学院附属中学,华二普陀,华东师范大学第二附属中学（普陀校区）,,区属,4,【普陀】【2026】名额到校计划.pdf,1
2026,071054,上海市普陀区教育学院附属中学,二中,上海市曹杨第二中学,,区属,6,【普陀】【2026】名额到校计划.pdf,1
2026,071054,上海市普陀区教育学院附属中学,晋元,上海市晋元高级中学,,区属,6,【普陀】【2026】名额到校计划.pdf,1
2026,071054,上海市普陀区教育学院附属中学,宜川,上海市宜川中学,,区属,8,【普陀】【2026】名额到校计划.pdf,1
2026,071056,上海市梅陇中学,华二,华东师范大学第二附属中学,,委属,0,【普陀】【2026】名额到校计划.pdf,1
2026,071056,上海市梅陇中学,上中,上海市上海中学,,委属,0,【普陀】【2026】名额到校计划.pdf,1
2026,071056,上海市梅陇中学,复附,复旦大学附属中学,,委属,0,【普陀】【2026】名额到校计划.pdf,1
2026,071056,上海市梅陇中学,交附,上海交通大学附属中学,,委属,1,【普陀】【2026】名额到校计划.pdf,1
2026,071056,上海市梅陇中学,上师大,上海师范大学附属中学,,委属,0,【普陀】【2026】名额到校计划.pdf,1
2026,071056,上海市梅陇中学,华二普陀,华东师范大学第二附属中学（普陀校区）,,区属,11,【普陀】【2026】名额到校计划.pdf,1
2026,071056,上海市梅陇中学,二中,上海市曹杨第二中学,,区属,17,【普陀】【2026】名额到校计划.pdf,1
2026,071056,上海市梅陇中学,晋元,上海市晋元高级中学,,区属,16,【普陀】【2026】名额到校计划.pdf,1
2026,071056,上海市梅陇中学,宜川,上海市宜川中学,,区属,17,【普陀】【2026】名额到校计划.pdf,1
2026,071060,上海兰田中学,华二,华东师范大学第二附属中学,,委属,1,【普陀】【2026】名额到校计划.pdf,1
2026,071060,上海兰田中学,上中,上海市上海中学,,委属,0,【普陀】【2026】名额到校计划.pdf,1
2026,071060,上海兰田中学,复附,复旦大学附属中学,,委属,0,【普陀】【2026】名额到校计划.pdf,1
2026,071060,上海兰田中学,交附,上海交通大学附属中学,,委属,0,【普陀】【2026】名额到校计划.pdf,1
2026,071060,上海兰田中学,上师大,上海师范大学附属中学,,委属,0,【普陀】【2026】名额到校计划.pdf,1
2026,071060,上海兰田中学,华二普陀,华东师范大学第二附属中学（普陀校区）,,区属,5,【普陀】【2026】名额到校计划.pdf,1
2026,071060,上海兰田中学,二中,上海市曹杨第二中学,,区属,6,【普陀】【2026】名额到校计划.pdf,1
2026,071060,上海兰田中学,晋元,上海市晋元高级中学,,区属,6,【普陀】【2026】名额到校计划.pdf,1
2026,071060,上海兰田中学,宜川,上海市宜川中学,,区属,7,【普陀】【2026】名额到校计划.pdf,1
2026,071085,上海市普陀区梅陇实验中学,华二,华东师范大学第二附属中学,,委属,0,【普陀】【2026】名额到校计划.pdf,1
2026,071085,上海市普陀区梅陇实验中学,上中,上海市上海中学,,委属,0,【普陀】【2026】名额到校计划.pdf,1
2026,071085,上海市普陀区梅陇实验中学,复附,复旦大学附属中学,,委属,1,【普陀】【2026】名额到校计划.pdf,1
2026,071085,上海市普陀区梅陇实验中学,交附,上海交通大学附属中学,,委属,0,【普陀】【2026】名额到校计划.pdf,1
2026,071085,上海市普陀区梅陇实验中学,上师大,上海师范大学附属中学,,委属,0,【普陀】【2026】名额到校计划.pdf,1
2026,071085,上海市普陀区梅陇实验中学,华二普陀,华东师范大学第二附属中学（普陀校区）,,区属,3,【普陀】【2026】名额到校计划.pdf,1
2026,071085,上海市普陀区梅陇实验中学,二中,上海市曹杨第二中学,,区属,7,【普陀】【2026】名额到校计划.pdf,1
2026,071085,上海市普陀区梅陇实验中学,晋元,上海市晋元高级中学,,区属,6,【普陀】【2026】名额到校计划.pdf,1
2026,071085,上海市普陀区梅陇实验中学,宜川,上海市宜川中学,,区属,6,【普陀】【2026】名额到校计划.pdf,1
2026,073004,上海市曹杨中学,华二,华东师范大学第二附属中学,,委属,0,【普陀】【2026】名额到校计划.pdf,1
2026,073004,上海市曹杨中学,上中,上海市上海中学,,委属,0,【普陀】【2026】名额到校计划.pdf,1
2026,073004,上海市曹杨中学,复附,复旦大学附属中学,,委属,0,【普陀】【2026】名额到校计划.pdf,1
2026,073004,上海市曹杨中学,交附,上海交通大学附属中学,,委属,0,【普陀】【2026】名额到校计划.pdf,1
2026,073004,上海市曹杨中学,上师大,上海师范大学附属中学,,委属,0,【普陀】【2026】名额到校计划.pdf,1
2026,073004,上海市曹杨中学,华二普陀,华东师范大学第二附属中学（普陀校区）,,区属,4,【普陀】【2026】名额到校计划.pdf,1
2026,073004,上海市曹杨中学,二中,上海市曹杨第二中学,,区属,7,【普陀】【2026】名额到校计划.pdf,1
2026,073004,上海市曹杨中学,晋元,上海市晋元高级中学,,区属,8,【普陀】【2026】名额到校计划.pdf,1
2026,073004,上海市曹杨中学,宜川,上海市宜川中学,,区属,7,【普陀】【2026】名额到校计划.pdf,1
2026,074005,同济大学第二附属中学,华二,华东师范大学第二附属中学,,委属,0,【普陀】【2026】名额到校计划.pdf,1
2026,074005,同济大学第二附属中学,上中,上海市上海中学,,委属,0,【普陀】【2026】名额到校计划.pdf,1
2026,074005,同济大学第二附属中学,复附,复旦大学附属中学,,委属,0,【普陀】【2026】名额到校计划.pdf,1
2026,074005,同济大学第二附属中学,交附,上海交通大学附属中学,,委属,0,【普陀】【2026】名额到校计划.pdf,1
2026,074005,同济大学第二附属中学,上师大,上海师范大学附属中学,,委属,0,【普陀】【2026】名额到校计划.pdf,1
2026,074005,同济大学第二附属中学,华二普陀,华东师范大学第二附属中学（普陀校区）,,区属,5,【普陀】【2026】名额到校计划.pdf,1
2026,074005,同济大学第二附属中学,二中,上海市曹杨第二中学,,区属,10,【普陀】【2026】名额到校计划.pdf,1
2026,074005,同济大学第二附属中学,晋元,上海市晋元高级中学,,区属,9,【普陀】【2026】名额到校计划.pdf,1
2026,074005,同济大学第二附属中学,宜川,上海市宜川中学,,区属,10,【普陀】【2026】名额到校计划.pdf,1
2026,074007,上海市甘泉外国语中学,华二,华东师范大学第二附属中学,,委属,0,【普陀】【2026】名额到校计划.pdf,1
2026,074007,上海市甘泉外国语中学,上中,上海市上海中学,,委属,0,【普陀】【2026】名额到校计划.pdf,1
2026,074007,上海市甘泉外国语中学,复附,复旦大学附属中学,,委属,0,【普陀】【2026】名额到校计划.pdf,1
2026,074007,上海市甘泉外国语中学,交附,上海交通大学附属中学,,委属,0,【普陀】【2026】名额到校计划.pdf,1
2026,074007,上海市甘泉外国语中学,上师大,上海师范大学附属中学,,委属,0,【普陀】【2026】名额到校计划.pdf,1
2026,074007,上海市甘泉外国语中学,华二普陀,华东师范大学第二附属中学（普陀校区）,,区属,1,【普陀】【2026】名额到校计划.pdf,1
2026,074007,上海市甘泉外国语中学,二中,上海市曹杨第二中学,,区属,1,【普陀】【2026】名额到校计划.pdf,1
2026,074007,上海市甘泉外国语中学,晋元,上海市晋元高级中学,,区属,1,【普陀】【2026】名额到校计划.pdf,1
2026,074007,上海市甘泉外国语中学,宜川,上海市宜川中学,,区属,1,【普陀】【2026】名额到校计划.pdf,1
2026,074009,上海市新杨中学,华二,华东师范大学第二附属中学,,委属,0,【普陀】【2026】名额到校计划.pdf,1
2026,074009,上海市新杨中学,上中,上海市上海中学,,委属,1,【普陀】【2026】名额到校计划.pdf,1
2026,074009,上海市新杨中学,复附,复旦大学附属中学,,委属,0,【普陀】【2026】名额到校计划.pdf,1
2026,074009,上海市新杨中学,交附,上海交通大学附属中学,,委属,0,【普陀】【2026】名额到校计划.pdf,1
2026,074009,上海市新杨中学,上师大,上海师范大学附属中学,,委属,0,【普陀】【2026】名额到校计划.pdf,1
2026,074009,上海市新杨中学,华二普陀,华东师范大学第二附属中学（普陀校区）,,区属,4,【普陀】【2026】名额到校计划.pdf,1
2026,074009,上海市新杨中学,二中,上海市曹杨第二中学,,区属,6,【普陀】【2026】名额到校计划.pdf,1
2026,074009,上海市新杨中学,晋元,上海市晋元高级中学,,区属,7,【普陀】【2026】名额到校计划.pdf,1
2026,074009,上海市新杨中学,宜川,上海市宜川中学,,区属,7,【普陀】【2026】名额到校计划.pdf,1
2026,074010,上海市长征中学,华二,华东师范大学第二附属中学,,委属,0,【普陀】【2026】名额到校计划.pdf,1
2026,074010,上海市长征中学,上中,上海市上海中学,,委属,0,【普陀】【2026】名额到校计划.pdf,1
2026,074010,上海市长征中学,复附,复旦大学附属中学,,委属,0,【普陀】【2026】名额到校计划.pdf,1
2026,074010,上海市长征中学,交附,上海交通大学附属中学,,委属,0,【普陀】【2026】名额到校计划.pdf,1
2026,074010,上海市长征中学,上师大,上海师范大学附属中学,,委属,0,【普陀】【2026】名额到校计划.pdf,1
2026,074010,上海市长征中学,华二普陀,华东师范大学第二附属中学（普陀校区）,,区属,3,【普陀】【2026】名额到校计划.pdf,1
2026,074010,上海市长征中学,二中,上海市曹杨第二中学,,区属,7,【普陀】【2026】名额到校计划.pdf,1
2026,074010,上海市长征中学,晋元,上海市晋元高级中学,,区属,7,【普陀】【2026】名额到校计划.pdf,1
2026,074010,上海市长征中学,宜川,上海市宜川中学,,区属,6,【普陀】【2026】名额到校计划.pdf,1
2026,074011,上海市桃浦中学,华二,华东师范大学第二附属中学,,委属,0,【普陀】【2026】名额到校计划.pdf,1
2026,074011,上海市桃浦中学,上中,上海市上海中学,,委属,0,【普陀】【2026】名额到校计划.pdf,1
2026,074011,上海市桃浦中学,复附,复旦大学附属中学,,委属,0,【普陀】【2026】名额到校计划.pdf,1
2026,074011,上海市桃浦中学,交附,上海交通大学附属中学,,委属,0,【普陀】【2026】名额到校计划.pdf,1
2026,074011,上海市桃浦中学,上师大,上海师范大学附属中学,,委属,0,【普陀】【2026】名额到校计划.pdf,1
2026,074011,上海市桃浦中学,华二普陀,华东师范大学第二附属中学（普陀校区）,,区属,1,【普陀】【2026】名额到校计划.pdf,1
2026,074011,上海市桃浦中学,二中,上海市曹杨第二中学,,区属,3,【普陀】【2026】名额到校计划.pdf,1
2026,074011,上海市桃浦中学,晋元,上海市晋元高级中学,,区属,3,【普陀】【2026】名额到校计划.pdf,1
2026,074011,上海市桃浦中学,宜川,上海市宜川中学,,区属,4,【普陀】【2026】名额到校计划.pdf,1
2026,074012,上海市晋元高级中学附属学校南校,华二,华东师范大学第二附属中学,,委属,1,【普陀】【2026】名额到校计划.pdf,1
2026,074012,上海市晋元高级中学附属学校南校,上中,上海市上海中学,,委属,0,【普陀】【2026】名额到校计划.pdf,1
2026,074012,上海市晋元高级中学附属学校南校,复附,复旦大学附属中学,,委属,0,【普陀】【2026】名额到校计划.pdf,1
2026,074012,上海市晋元高级中学附属学校南校,交附,上海交通大学附属中学,,委属,0,【普陀】【2026】名额到校计划.pdf,1
2026,074012,上海市晋元高级中学附属学校南校,上师大,上海师范大学附属中学,,委属,0,【普陀】【2026】名额到校计划.pdf,1
2026,074012,上海市晋元高级中学附属学校南校,华二普陀,华东师范大学第二附属中学（普陀校区）,,区属,1,【普陀】【2026】名额到校计划.pdf,1
2026,074012,上海市晋元高级中学附属学校南校,二中,上海市曹杨第二中学,,区属,2,【普陀】【2026】名额到校计划.pdf,1
2026,074012,上海市晋元高级中学附属学校南校,晋元,上海市晋元高级中学,,区属,3,【普陀】【2026】名额到校计划.pdf,1
2026,074012,上海市晋元高级中学附属学校南校,宜川,上海市宜川中学,,区属,3,【普陀】【2026】名额到校计划.pdf,1
2026,074016,上海音乐学院附属安师实验中学,华二,华东师范大学第二附属中学,,委属,0,【普陀】【2026】名额到校计划.pdf,1
2026,074016,上海音乐学院附属安师实验中学,上中,上海市上海中学,,委属,0,【普陀】【2026】名额到校计划.pdf,1
2026,074016,上海音乐学院附属安师实验中学,复附,复旦大学附属中学,,委属,0,【普陀】【2026】名额到校计划.pdf,1
2026,074016,上海音乐学院附属安师实验中学,交附,上海交通大学附属中学,,委属,0,【普陀】【2026】名额到校计划.pdf,1
2026,074016,上海音乐学院附属安师实验中学,上师大,上海师范大学附属中学,,委属,0,【普陀】【2026】名额到校计划.pdf,1
2026,074016,上海音乐学院附属安师实验中学,华二普陀,华东师范大学第二附属中学（普陀校区）,,区属,1,【普陀】【2026】名额到校计划.pdf,1
2026,074016,上海音乐学院附属安师实验中学,二中,上海市曹杨第二中学,,区属,1,【普陀】【2026】名额到校计划.pdf,1
2026,074016,上海音乐学院附属安师实验中学,晋元,上海市晋元高级中学,,区属,1,【普陀】【2026】名额到校计划.pdf,1
2026,074016,上海音乐学院附属安师实验中学,宜川,上海市宜川中学,,区属,1,【普陀】【2026】名额到校计划.pdf,1
2026,074018,上海华东师范大学附属进华中学,华二,华东师范大学第二附属中学,,委属,0,【普陀】【2026】名额到校计划.pdf,1
2026,074018,上海华东师范大学附属进华中学,上中,上海市上海中学,,委属,0,【普陀】【2026】名额到校计划.pdf,1
2026,074018,上海华东师范大学附属进华中学,复附,复旦大学附属中学,,委属,1,【普陀】【2026】名额到校计划.pdf,1
2026,074018,上海华东师范大学附属进华中学,交附,上海交通大学附属中学,,委属,0,【普陀】【2026】名额到校计划.pdf,1
2026,074018,上海华东师范大学附属进华中学,上师大,上海师范大学附属中学,,委属,0,【普陀】【2026】名额到校计划.pdf,1
2026,074018,上海华东师范大学附属进华中学,华二普陀,华东师范大学第二附属中学（普陀校区）,,区属,4,【普陀】【2026】名额到校计划.pdf,1
2026,074018,上海华东师范大学附属进华中学,二中,上海市曹杨第二中学,,区属,7,【普陀】【2026】名额到校计划.pdf,1
2026,074018,上海华东师范大学附属进华中学,晋元,上海市晋元高级中学,,区属,8,【普陀】【2026】名额到校计划.pdf,1
2026,074018,上海华东师范大学附属进华中学,宜川,上海市宜川中学,,区属,9,【普陀】【2026】名额到校计划.pdf,1
2026,074081,上海安生学校,华二,华东师范大学第二附属中学,,委属,0,【普陀】【2026】名额到校计划.pdf,1
2026,074081,上海安生学校,上中,上海市上海中学,,委属,0,【普陀】【2026】名额到校计划.pdf,1
2026,074081,上海安生学校,复附,复旦大学附属中学,,委属,0,【普陀】【2026】名额到校计划.pdf,1
2026,074081,上海安生学校,交附,上海交通大学附属中学,,委属,0,【普陀】【2026】名额到校计划.pdf,1
2026,074081,上海安生学校,上师大,上海师范大学附属中学,,委属,0,【普陀】【2026】名额到校计划.pdf,1
2026,074081,上海安生学校,华二普陀,华东师范大学第二附属中学（普陀校区）,,区属,1,【普陀】【2026】名额到校计划.pdf,1
2026,074081,上海安生学校,二中,上海市曹杨第二中学,,区属,1,【普陀】【2026】名额到校计划.pdf,1
2026,074081,上海安生学校,晋元,上海市晋元高级中学,,区属,1,【普陀】【2026】名额到校计划.pdf,1
2026,074081,上海安生学校,宜川,上海市宜川中学,,区属,1,【普陀】【2026】名额到校计划.pdf,1
2026,075013,上海培佳双语学校,华二,华东师范大学第二附属中学,,委属,0,【普陀】【2026】名额到校计划.pdf,1
2026,075013,上海培佳双语学校,上中,上海市上海中学,,委属,1,【普陀】【2026】名额到校计划.pdf,1
2026,075013,上海培佳双语学校,复附,复旦大学附属中学,,委属,0,【普陀】【2026】名额到校计划.pdf,1
2026,075013,上海培佳双语学校,交附,上海交通大学附属中学,,委属,0,【普陀】【2026】名额到校计划.pdf,1
2026,075013,上海培佳双语学校,上师大,上海师范大学附属中学,,委属,0,【普陀】【2026】名额到校计划.pdf,1
2026,075013,上海培佳双语学校,华二普陀,华东师范大学第二附属中学（普陀校区）,,区属,4,【普陀】【2026】名额到校计划.pdf,1
2026,075013,上海培佳双语学校,二中,上海市曹杨第二中学,,区属,5,【普陀】【2026】名额到校计划.pdf,1
2026,075013,上海培佳双语学校,晋元,上海市晋元高级中学,,区属,6,【普陀】【2026】名额到校计划.pdf,1
2026,075013,上海培佳双语学校,宜川,上海市宜川中学,,区属,6,【普陀】【2026】名额到校计划.pdf,1
2026,075061,上海市铜川学校,华二,华东师范大学第二附属中学,,委属,0,【普陀】【2026】名额到校计划.pdf,2
2026,075061,上海市铜川学校,上中,上海市上海中学,,委属,0,【普陀】【2026】名额到校计划.pdf,2
2026,075061,上海市铜川学校,复附,复旦大学附属中学,,委属,0,【普陀】【2026】名额到校计划.pdf,2
2026,075061,上海市铜川学校,交附,上海交通大学附属中学,,委属,0,【普陀】【2026】名额到校计划.pdf,2
2026,075061,上海市铜川学校,上师大,上海师范大学附属中学,,委属,0,【普陀】【2026】名额到校计划.pdf,2
2026,075061,上海市铜川学校,华二普陀,华东师范大学第二附属中学（普陀校区）,,区属,2,【普陀】【2026】名额到校计划.pdf,2
2026,075061,上海市铜川学校,二中,上海市曹杨第二中学,,区属,3,【普陀】【2026】名额到校计划.pdf,2
2026,075061,上海市铜川学校,晋元,上海市晋元高级中学,,区属,3,【普陀】【2026】名额到校计划.pdf,2
2026,075061,上海市铜川学校,宜川,上海市宜川中学,,区属,3,【普陀】【2026】名额到校计划.pdf,2
2026,075062,上海市沙田学校,华二,华东师范大学第二附属中学,,委属,0,【普陀】【2026】名额到校计划.pdf,2
2026,075062,上海市沙田学校,上中,上海市上海中学,,委属,0,【普陀】【2026】名额到校计划.pdf,2
2026,075062,上海市沙田学校,复附,复旦大学附属中学,,委属,0,【普陀】【2026】名额到校计划.pdf,2
2026,075062,上海市沙田学校,交附,上海交通大学附属中学,,委属,0,【普陀】【2026】名额到校计划.pdf,2
2026,075062,上海市沙田学校,上师大,上海师范大学附属中学,,委属,0,【普陀】【2026】名额到校计划.pdf,2
2026,075062,上海市沙田学校,华二普陀,华东师范大学第二附属中学（普陀校区）,,区属,1,【普陀】【2026】名额到校计划.pdf,2
2026,075062,上海市沙田学校,二中,上海市曹杨第二中学,,区属,3,【普陀】【2026】名额到校计划.pdf,2
2026,075062,上海市沙田学校,晋元,上海市晋元高级中学,,区属,3,【普陀】【2026】名额到校计划.pdf,2
2026,075062,上海市沙田学校,宜川,上海市宜川中学,,区属,3,【普陀】【2026】名额到校计划.pdf,2
2026,075063,华东师范大学附属外国语实验学校,华二,华东师范大学第二附属中学,,委属,0,【普陀】【2026】名额到校计划.pdf,2
2026,075063,华东师范大学附属外国语实验学校,上中,上海市上海中学,,委属,0,【普陀】【2026】名额到校计划.pdf,2
2026,075063,华东师范大学附属外国语实验学校,复附,复旦大学附属中学,,委属,0,【普陀】【2026】名额到校计划.pdf,2
2026,075063,华东师范大学附属外国语实验学校,交附,上海交通大学附属中学,,委属,0,【普陀】【2026】名额到校计划.pdf,2
2026,075063,华东师范大学附属外国语实验学校,上师大,上海师范大学附属中学,,委属,0,【普陀】【2026】名额到校计划.pdf,2
2026,075063,华东师范大学附属外国语实验学校,华二普陀,华东师范大学第二附属中学（普陀校区）,,区属,4,【普陀】【2026】名额到校计划.pdf,2
2026,075063,华东师范大学附属外国语实验学校,二中,上海市曹杨第二中学,,区属,5,【普陀】【2026】名额到校计划.pdf,2
2026,075063,华东师范大学附属外国语实验学校,晋元,上海市晋元高级中学,,区属,6,【普陀】【2026】名额到校计划.pdf,2
2026,075063,华东师范大学附属外国语实验学校,宜川,上海市宜川中学,,区属,6,【普陀】【2026】名额到校计划.pdf,2
2026,075064,上海市子长学校,华二,华东师范大学第二附属中学,,委属,0,【普陀】【2026】名额到校计划.pdf,2
2026,075064,上海市子长学校,上中,上海市上海中学,,委属,0,【普陀】【2026】名额到校计划.pdf,2
2026,075064,上海市子长学校,复附,复旦大学附属中学,,委属,0,【普陀】【2026】名额到校计划.pdf,2
2026,075064,上海市子长学校,交附,上海交通大学附属中学,,委属,0,【普陀】【2026】名额到校计划.pdf,2
2026,075064,上海市子长学校,上师大,上海师范大学附属中学,,委属,0,【普陀】【2026】名额到校计划.pdf,2
2026,075064,上海市子长学校,华二普陀,华东师范大学第二附属中学（普陀校区）,,区属,2,【普陀】【2026】名额到校计划.pdf,2
2026,075064,上海市子长学校,二中,上海市曹杨第二中学,,区属,1,【普陀】【2026】名额到校计划.pdf,2
2026,075064,上海市子长学校,晋元,上海市晋元高级中学,,区属,2,【普陀】【2026】名额到校计划.pdf,2
2026,075064,上海市子长学校,宜川,上海市宜川中学,,区属,1,【普陀】【2026】名额到校计划.pdf,2
2026,075065,上海市洛川学校,华二,华东师范大学第二附属中学,,委属,0,【普陀】【2026】名额到校计划.pdf,2
2026,075065,上海市洛川学校,上中,上海市上海中学,,委属,0,【普陀】【2026】名额到校计划.pdf,2
2026,075065,上海市洛川学校,复附,复旦大学附属中学,,委属,0,【普陀】【2026】名额到校计划.pdf,2
2026,075065,上海市洛川学校,交附,上海交通大学附属中学,,委属,0,【普陀】【2026】名额到校计划.pdf,2
2026,075065,上海市洛川学校,上师大,上海师范大学附属中学,,委属,0,【普陀】【2026】名额到校计划.pdf,2
2026,075065,上海市洛川学校,华二普陀,华东师范大学第二附属中学（普陀校区）,,区属,2,【普陀】【2026】名额到校计划.pdf,2
2026,075065,上海市洛川学校,二中,上海市曹杨第二中学,,区属,1,【普陀】【2026】名额到校计划.pdf,2
2026,075065,上海市洛川学校,晋元,上海市晋元高级中学,,区属,1,【普陀】【2026】名额到校计划.pdf,2
2026,075065,上海市洛川学校,宜川,上海市宜川中学,,区属,2,【普陀】【2026】名额到校计划.pdf,2
2026,075066,上海市宜川中学附属学校,华二,华东师范大学第二附属中学,,委属,0,【普陀】【2026】名额到校计划.pdf,2
2026,075066,上海市宜川中学附属学校,上中,上海市上海中学,,委属,0,【普陀】【2026】名额到校计划.pdf,2
2026,075066,上海市宜川中学附属学校,复附,复旦大学附属中学,,委属,0,【普陀】【2026】名额到校计划.pdf,2
2026,075066,上海市宜川中学附属学校,交附,上海交通大学附属中学,,委属,0,【普陀】【2026】名额到校计划.pdf,2
2026,075066,上海市宜川中学附属学校,上师大,上海师范大学附属中学,,委属,0,【普陀】【2026】名额到校计划.pdf,2
2026,075066,上海市宜川中学附属学校,华二普陀,华东师范大学第二附属中学（普陀校区）,,区属,1,【普陀】【2026】名额到校计划.pdf,2
2026,075066,上海市宜川中学附属学校,二中,上海市曹杨第二中学,,区属,3,【普陀】【2026】名额到校计划.pdf,2
2026,075066,上海市宜川中学附属学校,晋元,上海市晋元高级中学,,区属,3,【普陀】【2026】名额到校计划.pdf,2
2026,075066,上海市宜川中学附属学校,宜川,上海市宜川中学,,区属,4,【普陀】【2026】名额到校计划.pdf,2
2026,075067,上海市曹杨中学附属学校,华二,华东师范大学第二附属中学,,委属,0,【普陀】【2026】名额到校计划.pdf,2
2026,075067,上海市曹杨中学附属学校,上中,上海市上海中学,,委属,0,【普陀】【2026】名额到校计划.pdf,2
2026,075067,上海市曹杨中学附属学校,复附,复旦大学附属中学,,委属,0,【普陀】【2026】名额到校计划.pdf,2
2026,075067,上海市曹杨中学附属学校,交附,上海交通大学附属中学,,委属,1,【普陀】【2026】名额到校计划.pdf,2
2026,075067,上海市曹杨中学附属学校,上师大,上海师范大学附属中学,,委属,0,【普陀】【2026】名额到校计划.pdf,2
2026,075067,上海市曹杨中学附属学校,华二普陀,华东师范大学第二附属中学（普陀校区）,,区属,4,【普陀】【2026】名额到校计划.pdf,2
2026,075067,上海市曹杨中学附属学校,二中,上海市曹杨第二中学,,区属,4,【普陀】【2026】名额到校计划.pdf,2
2026,075067,上海市曹杨中学附属学校,晋元,上海市晋元高级中学,,区属,4,【普陀】【2026】名额到校计划.pdf,2
2026,075067,上海市曹杨中学附属学校,宜川,上海市宜川中学,,区属,6,【普陀】【2026】名额到校计划.pdf,2
2026,075068,上海市普陀区教育学院附属学校,华二,华东师范大学第二附属中学,,委属,0,【普陀】【2026】名额到校计划.pdf,2
2026,075068,上海市普陀区教育学院附属学校,上中,上海市上海中学,,委属,0,【普陀】【2026】名额到校计划.pdf,2
2026,075068,上海市普陀区教育学院附属学校,复附,复旦大学附属中学,,委属,0,【普陀】【2026】名额到校计划.pdf,2
2026,075068,上海市普陀区教育学院附属学校,交附,上海交通大学附属中学,,委属,0,【普陀】【2026】名额到校计划.pdf,2
2026,075068,上海市普陀区教育学院附属学校,上师大,上海师范大学附属中学,,委属,0,【普陀】【2026】名额到校计划.pdf,2
2026,075068,上海市普陀区教育学院附属学校,华二普陀,华东师范大学第二附属中学（普陀校区）,,区属,2,【普陀】【2026】名额到校计划.pdf,2
2026,075068,上海市普陀区教育学院附属学校,二中,上海市曹杨第二中学,,区属,2,【普陀】【2026】名额到校计划.pdf,2
2026,075068,上海市普陀区教育学院附属学校,晋元,上海市晋元高级中学,,区属,1,【普陀】【2026】名额到校计划.pdf,2
2026,075068,上海市普陀区教育学院附属学校,宜川,上海市宜川中学,,区属,1,【普陀】【2026】名额到校计划.pdf,2
2026,075069,上海市晋元高级中学附属学校,华二,华东师范大学第二附属中学,,委属,0,【普陀】【2026】名额到校计划.pdf,2
2026,075069,上海市晋元高级中学附属学校,上中,上海市上海中学,,委属,1,【普陀】【2026】名额到校计划.pdf,2
2026,075069,上海市晋元高级中学附属学校,复附,复旦大学附属中学,,委属,0,【普陀】【2026】名额到校计划.pdf,2
2026,075069,上海市晋元高级中学附属学校,交附,上海交通大学附属中学,,委属,0,【普陀】【2026】名额到校计划.pdf,2
2026,075069,上海市晋元高级中学附属学校,上师大,上海师范大学附属中学,,委属,0,【普陀】【2026】名额到校计划.pdf,2
2026,075069,上海市晋元高级中学附属学校,华二普陀,华东师范大学第二附属中学（普陀校区）,,区属,8,【普陀】【2026】名额到校计划.pdf,2
2026,075069,上海市晋元高级中学附属学校,二中,上海市曹杨第二中学,,区属,11,【普陀】【2026】名额到校计划.pdf,2
2026,075069,上海市晋元高级中学附属学校,晋元,上海市晋元高级中学,,区属,12,【普陀】【2026】名额到校计划.pdf,2
2026,075069,上海市晋元高级中学附属学校,宜川,上海市宜川中学,,区属,12,【普陀】【2026】名额到校计划.pdf,2
2026,075070,上海市曹杨第二中学附属学校,华二,华东师范大学第二附属中学,,委属,0,【普陀】【2026】名额到校计划.pdf,2
2026,075070,上海市曹杨第二中学附属学校,上中,上海市上海中学,,委属,0,【普陀】【2026】名额到校计划.pdf,2
2026,075070,上海市曹杨第二中学附属学校,复附,复旦大学附属中学,,委属,0,【普陀】【2026】名额到校计划.pdf,2
2026,075070,上海市曹杨第二中学附属学校,交附,上海交通大学附属中学,,委属,0,【普陀】【2026】名额到校计划.pdf,2
2026,075070,上海市曹杨第二中学附属学校,上师大,上海师范大学附属中学,,委属,0,【普陀】【2026】名额到校计划.pdf,2
2026,075070,上海市曹杨第二中学附属学校,华二普陀,华东师范大学第二附属中学（普陀校区）,,区属,5,【普陀】【2026】名额到校计划.pdf,2
2026,075070,上海市曹杨第二中学附属学校,二中,上海市曹杨第二中学,,区属,8,【普陀】【2026】名额到校计划.pdf,2
2026,075070,上海市曹杨第二中学附属学校,晋元,上海市晋元高级中学,,区属,9,【普陀】【2026】名额到校计划.pdf,2
2026,075070,上海市曹杨第二中学附属学校,宜川,上海市宜川中学,,区属,9,【普陀】【2026】名额到校计划.pdf,2
2026,075071,上海市民办新黄浦实验学校,华二,华东师范大学第二附属中学,,委属,0,【普陀】【2026】名额到校计划.pdf,2
2026,075071,上海市民办新黄浦实验学校,上中,上海市上海中学,,委属,0,【普陀】【2026】名额到校计划.pdf,2
2026,075071,上海市民办新黄浦实验学校,复附,复旦大学附属中学,,委属,0,【普陀】【2026】名额到校计划.pdf,2
2026,075071,上海市民办新黄浦实验学校,交附,上海交通大学附属中学,,委属,0,【普陀】【2026】名额到校计划.pdf,2
2026,075071,上海市民办新黄浦实验学校,上师大,上海师范大学附属中学,,委属,0,【普陀】【2026】名额到校计划.pdf,2
2026,075071,上海市民办新黄浦实验学校,华二普陀,华东师范大学第二附属中学（普陀校区）,,区属,2,【普陀】【2026】名额到校计划.pdf,2
2026,075071,上海市民办新黄浦实验学校,二中,上海市曹杨第二中学,,区属,3,【普陀】【2026】名额到校计划.pdf,2
2026,075071,上海市民办新黄浦实验学校,晋元,上海市晋元高级中学,,区属,4,【普陀】【2026】名额到校计划.pdf,2
2026,075071,上海市民办新黄浦实验学校,宜川,上海市宜川中学,,区属,5,【普陀】【2026】名额到校计划.pdf,2
2026,075072,上海市江宁学校,华二,华东师范大学第二附属中学,,委属,0,【普陀】【2026】名额到校计划.pdf,2
2026,075072,上海市江宁学校,上中,上海市上海中学,,委属,0,【普陀】【2026】名额到校计划.pdf,2
2026,075072,上海市江宁学校,复附,复旦大学附属中学,,委属,1,【普陀】【2026】名额到校计划.pdf,2
2026,075072,上海市江宁学校,交附,上海交通大学附属中学,,委属,0,【普陀】【2026】名额到校计划.pdf,2
2026,075072,上海市江宁学校,上师大,上海师范大学附属中学,,委属,0,【普陀】【2026】名额到校计划.pdf,2
2026,075072,上海市江宁学校,华二普陀,华东师范大学第二附属中学（普陀校区）,,区属,4,【普陀】【2026】名额到校计划.pdf,2
2026,075072,上海市江宁学校,二中,上海市曹杨第二中学,,区属,6,【普陀】【2026】名额到校计划.pdf,2
2026,075072,上海市江宁学校,晋元,上海市晋元高级中学,,区属,7,【普陀】【2026】名额到校计划.pdf,2
2026,075072,上海市江宁学校,宜川,上海市宜川中学,,区属,8,【普陀】【2026】名额到校计划.pdf,2
2026,075073,上海市中远实验学校,华二,华东师范大学第二附属中学,,委属,0,【普陀】【2026】名额到校计划.pdf,2
2026,075073,上海市中远实验学校,上中,上海市上海中学,,委属,0,【普陀】【2026】名额到校计划.pdf,2
2026,075073,上海市中远实验学校,复附,复旦大学附属中学,,委属,0,【普陀】【2026】名额到校计划.pdf,2
2026,075073,上海市中远实验学校,交附,上海交通大学附属中学,,委属,0,【普陀】【2026】名额到校计划.pdf,2
2026,075073,上海市中远实验学校,上师大,上海师范大学附属中学,,委属,0,【普陀】【2026】名额到校计划.pdf,2
2026,075073,上海市中远实验学校,华二普陀,华东师范大学第二附属中学（普陀校区）,,区属,4,【普陀】【2026】名额到校计划.pdf,2
2026,075073,上海市中远实验学校,二中,上海市曹杨第二中学,,区属,6,【普陀】【2026】名额到校计划.pdf,2
2026,075073,上海市中远实验学校,晋元,上海市晋元高级中学,,区属,6,【普陀】【2026】名额到校计划.pdf,2
2026,075073,上海市中远实验学校,宜川,上海市宜川中学,,区属,6,【普陀】【2026】名额到校计划.pdf,2
2026,075077,上海市金鼎学校,华二,华东师范大学第二附属中学,,委属,0,【普陀】【2026】名额到校计划.pdf,2
2026,075077,上海市金鼎学校,上中,上海市上海中学,,委属,0,【普陀】【2026】名额到校计划.pdf,2
2026,075077,上海市金鼎学校,复附,复旦大学附属中学,,委属,0,【普陀】【2026】名额到校计划.pdf,2
2026,075077,上海市金鼎学校,交附,上海交通大学附属中学,,委属,0,【普陀】【2026】名额到校计划.pdf,2
2026,075077,上海市金鼎学校,上师大,上海师范大学附属中学,,委属,0,【普陀】【2026】名额到校计划.pdf,2
2026,075077,上海市金鼎学校,华二普陀,华东师范大学第二附属中学（普陀校区）,,区属,1,【普陀】【2026】名额到校计划.pdf,2
2026,075077,上海市金鼎学校,二中,上海市曹杨第二中学,,区属,1,【普陀】【2026】名额到校计划.pdf,2
2026,075077,上海市金鼎学校,晋元,上海市晋元高级中学,,区属,1,【普陀】【2026】名额到校计划.pdf,2
2026,075077,上海市金鼎学校,宜川,上海市宜川中学,,区属,1,【普陀】【2026】名额到校计划.pdf,2
2026,075078,上海外国语大学尚阳外国语学校,华二,华东师范大学第二附属中学,,委属,0,【普陀】【2026】名额到校计划.pdf,2
2026,075078,上海外国语大学尚阳外国语学校,上中,上海市上海中学,,委属,0,【普陀】【2026】名额到校计划.pdf,2
2026,075078,上海外国语大学尚阳外国语学校,复附,复旦大学附属中学,,委属,0,【普陀】【2026】名额到校计划.pdf,2
2026,075078,上海外国语大学尚阳外国语学校,交附,上海交通大学附属中学,,委属,0,【普陀】【2026】名额到校计划.pdf,2
2026,075078,上海外国语大学尚阳外国语学校,上师大,上海师范大学附属中学,,委属,0,【普陀】【2026】名额到校计划.pdf,2
2026,075078,上海外国语大学尚阳外国语学校,华二普陀,华东师范大学第二附属中学（普陀校区）,,区属,3,【普陀】【2026】名额到校计划.pdf,2
2026,075078,上海外国语大学尚阳外国语学校,二中,上海市曹杨第二中学,,区属,7,【普陀】【2026】名额到校计划.pdf,2
2026,075078,上海外国语大学尚阳外国语学校,晋元,上海市晋元高级中学,,区属,7,【普陀】【2026】名额到校计划.pdf,2
2026,075078,上海外国语大学尚阳外国语学校,宜川,上海市宜川中学,,区属,6,【普陀】【2026】名额到校计划.pdf,2
2026,075079,上海市文达学校,华二,华东师范大学第二附属中学,,委属,0,【普陀】【2026】名额到校计划.pdf,2
2026,075079,上海市文达学校,上中,上海市上海中学,,委属,0,【普陀】【2026】名额到校计划.pdf,2
2026,075079,上海市文达学校,复附,复旦大学附属中学,,委属,0,【普陀】【2026】名额到校计划.pdf,2
2026,075079,上海市文达学校,交附,上海交通大学附属中学,,委属,0,【普陀】【2026】名额到校计划.pdf,2
2026,075079,上海市文达学校,上师大,上海师范大学附属中学,,委属,0,【普陀】【2026】名额到校计划.pdf,2
2026,075079,上海市文达学校,华二普陀,华东师范大学第二附属中学（普陀校区）,,区属,3,【普陀】【2026】名额到校计划.pdf,2
2026,075079,上海市文达学校,二中,上海市曹杨第二中学,,区属,4,【普陀】【2026】名额到校计划.pdf,2
2026,075079,上海市文达学校,晋元,上海市晋元高级中学,,区属,3,【普陀】【2026】名额到校计划.pdf,2
2026,075079,上海市文达学校,宜川,上海市宜川中学,,区属,4,【普陀】【2026】名额到校计划.pdf,2
2026,075080,上海理工大学附属普陀实验学校,华二,华东师范大学第二附属中学,,委属,0,【普陀】【2026】名额到校计划.pdf,2
2026,075080,上海理工大学附属普陀实验学校,上中,上海市上海中学,,委属,0,【普陀】【2026】名额到校计划.pdf,2
2026,075080,上海理工大学附属普陀实验学校,复附,复旦大学附属中学,,委属,0,【普陀】【2026】名额到校计划.pdf,2
2026,075080,上海理工大学附属普陀实验学校,交附,上海交通大学附属中学,,委属,0,【普陀】【2026】名额到校计划.pdf,2
2026,075080,上海理工大学附属普陀实验学校,上师大,上海师范大学附属中学,,委属,0,【普陀】【2026】名额到校计划.pdf,2
2026,075080,上海理工大学附属普陀实验学校,华二普陀,华东师范大学第二附属中学（普陀校区）,,区属,2,【普陀】【2026】名额到校计划.pdf,2
2026,075080,上海理工大学附属普陀实验学校,二中,上海市曹杨第二中学,,区属,1,【普陀】【2026】名额到校计划.pdf,2
2026,075080,上海理工大学附属普陀实验学校,晋元,上海市晋元高级中学,,区属,2,【普陀】【2026】名额到校计划.pdf,2
2026,075080,上海理工大学附属普陀实验学校,宜川,上海市宜川中学,,区属,1,【普陀】【2026】名额到校计划.pdf,2
2026,075113,上海市万里城实验学校,华二,华东师范大学第二附属中学,,委属,0,【普陀】【2026】名额到校计划.pdf,2
2026,075113,上海市万里城实验学校,上中,上海市上海中学,,委属,0,【普陀】【2026】名额到校计划.pdf,2
2026,075113,上海市万里城实验学校,复附,复旦大学附属中学,,委属,0,【普陀】【2026】名额到校计划.pdf,2
2026,075113,上海市万里城实验学校,交附,上海交通大学附属中学,,委属,0,【普陀】【2026】名额到校计划.pdf,2
2026,075113,上海市万里城实验学校,上师大,上海师范大学附属中学,,委属,0,【普陀】【2026】名额到校计划.pdf,2
2026,075113,上海市万里城实验学校,华二普陀,华东师范大学第二附属中学（普陀校区）,,区属,3,【普陀】【2026】名额到校计划.pdf,2
2026,075113,上海市万里城实验学校,二中,上海市曹杨第二中学,,区属,6,【普陀】【2026】名额到校计划.pdf,2
2026,075113,上海市万里城实验学校,晋元,上海市晋元高级中学,,区属,5,【普陀】【2026】名额到校计划.pdf,2
2026,075113,上海市万里城实验学校,宜川,上海市宜川中学,,区属,7,【普陀】【2026】名额到校计划.pdf,2
2023,071045,上海市洵阳中学,华二,华东师范大学第二附属中学,,委属,0,【普陀】【2023】名额到校计划.pdf（人工读图转录，转录文件：名额到校计划-普陀区-2023-人工转录.csv）,
2023,071045,上海市洵阳中学,上中,上海市上海中学,,委属,0,【普陀】【2023】名额到校计划.pdf（人工读图转录，转录文件：名额到校计划-普陀区-2023-人工转录.csv）,
2023,071045,上海市洵阳中学,复附,复旦大学附属中学,,委属,0,【普陀】【2023】名额到校计划.pdf（人工读图转录，转录文件：名额到校计划-普陀区-2023-人工转录.csv）,
2023,071045,上海市洵阳中学,交附,上海交通大学附属中学,,委属,1,【普陀】【2023】名额到校计划.pdf（人工读图转录，转录文件：名额到校计划-普陀区-2023-人工转录.csv）,
2023,071045,上海市洵阳中学,上师大,上海师范大学附属中学,,委属,0,【普陀】【2023】名额到校计划.pdf（人工读图转录，转录文件：名额到校计划-普陀区-2023-人工转录.csv）,
2023,071045,上海市洵阳中学,华二普陀,华东师范大学第二附属中学（普陀校区）,,区属,1,【普陀】【2023】名额到校计划.pdf（人工读图转录，转录文件：名额到校计划-普陀区-2023-人工转录.csv）,
2023,071045,上海市洵阳中学,二中,上海市曹杨第二中学,,区属,2,【普陀】【2023】名额到校计划.pdf（人工读图转录，转录文件：名额到校计划-普陀区-2023-人工转录.csv）,
2023,071045,上海市洵阳中学,晋元,上海市晋元高级中学,,区属,2,【普陀】【2023】名额到校计划.pdf（人工读图转录，转录文件：名额到校计划-普陀区-2023-人工转录.csv）,
2023,071045,上海市洵阳中学,宜川,上海市宜川中学,,区属,3,【普陀】【2023】名额到校计划.pdf（人工读图转录，转录文件：名额到校计划-普陀区-2023-人工转录.csv）,
2023,071046,上海市北海中学,华二,华东师范大学第二附属中学,,委属,0,【普陀】【2023】名额到校计划.pdf（人工读图转录，转录文件：名额到校计划-普陀区-2023-人工转录.csv）,
2023,071046,上海市北海中学,上中,上海市上海中学,,委属,0,【普陀】【2023】名额到校计划.pdf（人工读图转录，转录文件：名额到校计划-普陀区-2023-人工转录.csv）,
2023,071046,上海市北海中学,复附,复旦大学附属中学,,委属,0,【普陀】【2023】名额到校计划.pdf（人工读图转录，转录文件：名额到校计划-普陀区-2023-人工转录.csv）,
2023,071046,上海市北海中学,交附,上海交通大学附属中学,,委属,0,【普陀】【2023】名额到校计划.pdf（人工读图转录，转录文件：名额到校计划-普陀区-2023-人工转录.csv）,
2023,071046,上海市北海中学,上师大,上海师范大学附属中学,,委属,0,【普陀】【2023】名额到校计划.pdf（人工读图转录，转录文件：名额到校计划-普陀区-2023-人工转录.csv）,
2023,071046,上海市北海中学,华二普陀,华东师范大学第二附属中学（普陀校区）,,区属,1,【普陀】【2023】名额到校计划.pdf（人工读图转录，转录文件：名额到校计划-普陀区-2023-人工转录.csv）,
2023,071046,上海市北海中学,二中,上海市曹杨第二中学,,区属,6,【普陀】【2023】名额到校计划.pdf（人工读图转录，转录文件：名额到校计划-普陀区-2023-人工转录.csv）,
2023,071046,上海市北海中学,晋元,上海市晋元高级中学,,区属,6,【普陀】【2023】名额到校计划.pdf（人工读图转录，转录文件：名额到校计划-普陀区-2023-人工转录.csv）,
2023,071046,上海市北海中学,宜川,上海市宜川中学,,区属,6,【普陀】【2023】名额到校计划.pdf（人工读图转录，转录文件：名额到校计划-普陀区-2023-人工转录.csv）,
2023,071047,上海市延河中学,华二,华东师范大学第二附属中学,,委属,0,【普陀】【2023】名额到校计划.pdf（人工读图转录，转录文件：名额到校计划-普陀区-2023-人工转录.csv）,
2023,071047,上海市延河中学,上中,上海市上海中学,,委属,0,【普陀】【2023】名额到校计划.pdf（人工读图转录，转录文件：名额到校计划-普陀区-2023-人工转录.csv）,
2023,071047,上海市延河中学,复附,复旦大学附属中学,,委属,0,【普陀】【2023】名额到校计划.pdf（人工读图转录，转录文件：名额到校计划-普陀区-2023-人工转录.csv）,
2023,071047,上海市延河中学,交附,上海交通大学附属中学,,委属,0,【普陀】【2023】名额到校计划.pdf（人工读图转录，转录文件：名额到校计划-普陀区-2023-人工转录.csv）,
2023,071047,上海市延河中学,上师大,上海师范大学附属中学,,委属,0,【普陀】【2023】名额到校计划.pdf（人工读图转录，转录文件：名额到校计划-普陀区-2023-人工转录.csv）,
2023,071047,上海市延河中学,华二普陀,华东师范大学第二附属中学（普陀校区）,,区属,1,【普陀】【2023】名额到校计划.pdf（人工读图转录，转录文件：名额到校计划-普陀区-2023-人工转录.csv）,
2023,071047,上海市延河中学,二中,上海市曹杨第二中学,,区属,3,【普陀】【2023】名额到校计划.pdf（人工读图转录，转录文件：名额到校计划-普陀区-2023-人工转录.csv）,
2023,071047,上海市延河中学,晋元,上海市晋元高级中学,,区属,5,【普陀】【2023】名额到校计划.pdf（人工读图转录，转录文件：名额到校计划-普陀区-2023-人工转录.csv）,
2023,071047,上海市延河中学,宜川,上海市宜川中学,,区属,4,【普陀】【2023】名额到校计划.pdf（人工读图转录，转录文件：名额到校计划-普陀区-2023-人工转录.csv）,
2023,071048,上海市曹杨第二中学附属实验中学,华二,华东师范大学第二附属中学,,委属,0,【普陀】【2023】名额到校计划.pdf（人工读图转录，转录文件：名额到校计划-普陀区-2023-人工转录.csv）,
2023,071048,上海市曹杨第二中学附属实验中学,上中,上海市上海中学,,委属,0,【普陀】【2023】名额到校计划.pdf（人工读图转录，转录文件：名额到校计划-普陀区-2023-人工转录.csv）,
2023,071048,上海市曹杨第二中学附属实验中学,复附,复旦大学附属中学,,委属,0,【普陀】【2023】名额到校计划.pdf（人工读图转录，转录文件：名额到校计划-普陀区-2023-人工转录.csv）,
2023,071048,上海市曹杨第二中学附属实验中学,交附,上海交通大学附属中学,,委属,0,【普陀】【2023】名额到校计划.pdf（人工读图转录，转录文件：名额到校计划-普陀区-2023-人工转录.csv）,
2023,071048,上海市曹杨第二中学附属实验中学,上师大,上海师范大学附属中学,,委属,0,【普陀】【2023】名额到校计划.pdf（人工读图转录，转录文件：名额到校计划-普陀区-2023-人工转录.csv）,
2023,071048,上海市曹杨第二中学附属实验中学,华二普陀,华东师范大学第二附属中学（普陀校区）,,区属,2,【普陀】【2023】名额到校计划.pdf（人工读图转录，转录文件：名额到校计划-普陀区-2023-人工转录.csv）,
2023,071048,上海市曹杨第二中学附属实验中学,二中,上海市曹杨第二中学,,区属,5,【普陀】【2023】名额到校计划.pdf（人工读图转录，转录文件：名额到校计划-普陀区-2023-人工转录.csv）,
2023,071048,上海市曹杨第二中学附属实验中学,晋元,上海市晋元高级中学,,区属,6,【普陀】【2023】名额到校计划.pdf（人工读图转录，转录文件：名额到校计划-普陀区-2023-人工转录.csv）,
2023,071048,上海市曹杨第二中学附属实验中学,宜川,上海市宜川中学,,区属,6,【普陀】【2023】名额到校计划.pdf（人工读图转录，转录文件：名额到校计划-普陀区-2023-人工转录.csv）,
2023,071049,华东师范大学第四附属中学,华二,华东师范大学第二附属中学,,委属,0,【普陀】【2023】名额到校计划.pdf（人工读图转录，转录文件：名额到校计划-普陀区-2023-人工转录.csv）,
2023,071049,华东师范大学第四附属中学,上中,上海市上海中学,,委属,0,【普陀】【2023】名额到校计划.pdf（人工读图转录，转录文件：名额到校计划-普陀区-2023-人工转录.csv）,
2023,071049,华东师范大学第四附属中学,复附,复旦大学附属中学,,委属,0,【普陀】【2023】名额到校计划.pdf（人工读图转录，转录文件：名额到校计划-普陀区-2023-人工转录.csv）,
2023,071049,华东师范大学第四附属中学,交附,上海交通大学附属中学,,委属,1,【普陀】【2023】名额到校计划.pdf（人工读图转录，转录文件：名额到校计划-普陀区-2023-人工转录.csv）,
2023,071049,华东师范大学第四附属中学,上师大,上海师范大学附属中学,,委属,0,【普陀】【2023】名额到校计划.pdf（人工读图转录，转录文件：名额到校计划-普陀区-2023-人工转录.csv）,
2023,071049,华东师范大学第四附属中学,华二普陀,华东师范大学第二附属中学（普陀校区）,,区属,2,【普陀】【2023】名额到校计划.pdf（人工读图转录，转录文件：名额到校计划-普陀区-2023-人工转录.csv）,
2023,071049,华东师范大学第四附属中学,二中,上海市曹杨第二中学,,区属,7,【普陀】【2023】名额到校计划.pdf（人工读图转录，转录文件：名额到校计划-普陀区-2023-人工转录.csv）,
2023,071049,华东师范大学第四附属中学,晋元,上海市晋元高级中学,,区属,7,【普陀】【2023】名额到校计划.pdf（人工读图转录，转录文件：名额到校计划-普陀区-2023-人工转录.csv）,
2023,071049,华东师范大学第四附属中学,宜川,上海市宜川中学,,区属,7,【普陀】【2023】名额到校计划.pdf（人工读图转录，转录文件：名额到校计划-普陀区-2023-人工转录.csv）,
2023,071050,上海市怒江中学,华二,华东师范大学第二附属中学,,委属,0,【普陀】【2023】名额到校计划.pdf（人工读图转录，转录文件：名额到校计划-普陀区-2023-人工转录.csv）,
2023,071050,上海市怒江中学,上中,上海市上海中学,,委属,0,【普陀】【2023】名额到校计划.pdf（人工读图转录，转录文件：名额到校计划-普陀区-2023-人工转录.csv）,
2023,071050,上海市怒江中学,复附,复旦大学附属中学,,委属,0,【普陀】【2023】名额到校计划.pdf（人工读图转录，转录文件：名额到校计划-普陀区-2023-人工转录.csv）,
2023,071050,上海市怒江中学,交附,上海交通大学附属中学,,委属,0,【普陀】【2023】名额到校计划.pdf（人工读图转录，转录文件：名额到校计划-普陀区-2023-人工转录.csv）,
2023,071050,上海市怒江中学,上师大,上海师范大学附属中学,,委属,0,【普陀】【2023】名额到校计划.pdf（人工读图转录，转录文件：名额到校计划-普陀区-2023-人工转录.csv）,
2023,071050,上海市怒江中学,华二普陀,华东师范大学第二附属中学（普陀校区）,,区属,1,【普陀】【2023】名额到校计划.pdf（人工读图转录，转录文件：名额到校计划-普陀区-2023-人工转录.csv）,
2023,071050,上海市怒江中学,二中,上海市曹杨第二中学,,区属,1,【普陀】【2023】名额到校计划.pdf（人工读图转录，转录文件：名额到校计划-普陀区-2023-人工转录.csv）,
2023,071050,上海市怒江中学,晋元,上海市晋元高级中学,,区属,1,【普陀】【2023】名额到校计划.pdf（人工读图转录，转录文件：名额到校计划-普陀区-2023-人工转录.csv）,
2023,071050,上海市怒江中学,宜川,上海市宜川中学,,区属,1,【普陀】【2023】名额到校计划.pdf（人工读图转录，转录文件：名额到校计划-普陀区-2023-人工转录.csv）,
2023,071051,上海师范大学附属第二实验学校,华二,华东师范大学第二附属中学,,委属,0,【普陀】【2023】名额到校计划.pdf（人工读图转录，转录文件：名额到校计划-普陀区-2023-人工转录.csv）,
2023,071051,上海师范大学附属第二实验学校,上中,上海市上海中学,,委属,0,【普陀】【2023】名额到校计划.pdf（人工读图转录，转录文件：名额到校计划-普陀区-2023-人工转录.csv）,
2023,071051,上海师范大学附属第二实验学校,复附,复旦大学附属中学,,委属,0,【普陀】【2023】名额到校计划.pdf（人工读图转录，转录文件：名额到校计划-普陀区-2023-人工转录.csv）,
2023,071051,上海师范大学附属第二实验学校,交附,上海交通大学附属中学,,委属,0,【普陀】【2023】名额到校计划.pdf（人工读图转录，转录文件：名额到校计划-普陀区-2023-人工转录.csv）,
2023,071051,上海师范大学附属第二实验学校,上师大,上海师范大学附属中学,,委属,0,【普陀】【2023】名额到校计划.pdf（人工读图转录，转录文件：名额到校计划-普陀区-2023-人工转录.csv）,
2023,071051,上海师范大学附属第二实验学校,华二普陀,华东师范大学第二附属中学（普陀校区）,,区属,2,【普陀】【2023】名额到校计划.pdf（人工读图转录，转录文件：名额到校计划-普陀区-2023-人工转录.csv）,
2023,071051,上海师范大学附属第二实验学校,二中,上海市曹杨第二中学,,区属,6,【普陀】【2023】名额到校计划.pdf（人工读图转录，转录文件：名额到校计划-普陀区-2023-人工转录.csv）,
2023,071051,上海师范大学附属第二实验学校,晋元,上海市晋元高级中学,,区属,5,【普陀】【2023】名额到校计划.pdf（人工读图转录，转录文件：名额到校计划-普陀区-2023-人工转录.csv）,
2023,071051,上海师范大学附属第二实验学校,宜川,上海市宜川中学,,区属,5,【普陀】【2023】名额到校计划.pdf（人工读图转录，转录文件：名额到校计划-普陀区-2023-人工转录.csv）,
2023,071053,上海市真北中学,华二,华东师范大学第二附属中学,,委属,0,【普陀】【2023】名额到校计划.pdf（人工读图转录，转录文件：名额到校计划-普陀区-2023-人工转录.csv）,
2023,071053,上海市真北中学,上中,上海市上海中学,,委属,0,【普陀】【2023】名额到校计划.pdf（人工读图转录，转录文件：名额到校计划-普陀区-2023-人工转录.csv）,
2023,071053,上海市真北中学,复附,复旦大学附属中学,,委属,0,【普陀】【2023】名额到校计划.pdf（人工读图转录，转录文件：名额到校计划-普陀区-2023-人工转录.csv）,
2023,071053,上海市真北中学,交附,上海交通大学附属中学,,委属,0,【普陀】【2023】名额到校计划.pdf（人工读图转录，转录文件：名额到校计划-普陀区-2023-人工转录.csv）,
2023,071053,上海市真北中学,上师大,上海师范大学附属中学,,委属,0,【普陀】【2023】名额到校计划.pdf（人工读图转录，转录文件：名额到校计划-普陀区-2023-人工转录.csv）,
2023,071053,上海市真北中学,华二普陀,华东师范大学第二附属中学（普陀校区）,,区属,2,【普陀】【2023】名额到校计划.pdf（人工读图转录，转录文件：名额到校计划-普陀区-2023-人工转录.csv）,
2023,071053,上海市真北中学,二中,上海市曹杨第二中学,,区属,4,【普陀】【2023】名额到校计划.pdf（人工读图转录，转录文件：名额到校计划-普陀区-2023-人工转录.csv）,
2023,071053,上海市真北中学,晋元,上海市晋元高级中学,,区属,4,【普陀】【2023】名额到校计划.pdf（人工读图转录，转录文件：名额到校计划-普陀区-2023-人工转录.csv）,
2023,071053,上海市真北中学,宜川,上海市宜川中学,,区属,5,【普陀】【2023】名额到校计划.pdf（人工读图转录，转录文件：名额到校计划-普陀区-2023-人工转录.csv）,
2023,071054,上海市普陀区教育学院附属中学,华二,华东师范大学第二附属中学,,委属,1,【普陀】【2023】名额到校计划.pdf（人工读图转录，转录文件：名额到校计划-普陀区-2023-人工转录.csv）,
2023,071054,上海市普陀区教育学院附属中学,上中,上海市上海中学,,委属,0,【普陀】【2023】名额到校计划.pdf（人工读图转录，转录文件：名额到校计划-普陀区-2023-人工转录.csv）,
2023,071054,上海市普陀区教育学院附属中学,复附,复旦大学附属中学,,委属,0,【普陀】【2023】名额到校计划.pdf（人工读图转录，转录文件：名额到校计划-普陀区-2023-人工转录.csv）,
2023,071054,上海市普陀区教育学院附属中学,交附,上海交通大学附属中学,,委属,0,【普陀】【2023】名额到校计划.pdf（人工读图转录，转录文件：名额到校计划-普陀区-2023-人工转录.csv）,
2023,071054,上海市普陀区教育学院附属中学,上师大,上海师范大学附属中学,,委属,0,【普陀】【2023】名额到校计划.pdf（人工读图转录，转录文件：名额到校计划-普陀区-2023-人工转录.csv）,
2023,071054,上海市普陀区教育学院附属中学,华二普陀,华东师范大学第二附属中学（普陀校区）,,区属,3,【普陀】【2023】名额到校计划.pdf（人工读图转录，转录文件：名额到校计划-普陀区-2023-人工转录.csv）,
2023,071054,上海市普陀区教育学院附属中学,二中,上海市曹杨第二中学,,区属,10,【普陀】【2023】名额到校计划.pdf（人工读图转录，转录文件：名额到校计划-普陀区-2023-人工转录.csv）,
2023,071054,上海市普陀区教育学院附属中学,晋元,上海市晋元高级中学,,区属,10,【普陀】【2023】名额到校计划.pdf（人工读图转录，转录文件：名额到校计划-普陀区-2023-人工转录.csv）,
2023,071054,上海市普陀区教育学院附属中学,宜川,上海市宜川中学,,区属,10,【普陀】【2023】名额到校计划.pdf（人工读图转录，转录文件：名额到校计划-普陀区-2023-人工转录.csv）,
2023,071056,上海市梅陇中学,华二,华东师范大学第二附属中学,,委属,0,【普陀】【2023】名额到校计划.pdf（人工读图转录，转录文件：名额到校计划-普陀区-2023-人工转录.csv）,
2023,071056,上海市梅陇中学,上中,上海市上海中学,,委属,1,【普陀】【2023】名额到校计划.pdf（人工读图转录，转录文件：名额到校计划-普陀区-2023-人工转录.csv）,
2023,071056,上海市梅陇中学,复附,复旦大学附属中学,,委属,0,【普陀】【2023】名额到校计划.pdf（人工读图转录，转录文件：名额到校计划-普陀区-2023-人工转录.csv）,
2023,071056,上海市梅陇中学,交附,上海交通大学附属中学,,委属,0,【普陀】【2023】名额到校计划.pdf（人工读图转录，转录文件：名额到校计划-普陀区-2023-人工转录.csv）,
2023,071056,上海市梅陇中学,上师大,上海师范大学附属中学,,委属,0,【普陀】【2023】名额到校计划.pdf（人工读图转录，转录文件：名额到校计划-普陀区-2023-人工转录.csv）,
2023,071056,上海市梅陇中学,华二普陀,华东师范大学第二附属中学（普陀校区）,,区属,6,【普陀】【2023】名额到校计划.pdf（人工读图转录，转录文件：名额到校计划-普陀区-2023-人工转录.csv）,
2023,071056,上海市梅陇中学,二中,上海市曹杨第二中学,,区属,21,【普陀】【2023】名额到校计划.pdf（人工读图转录，转录文件：名额到校计划-普陀区-2023-人工转录.csv）,
2023,071056,上海市梅陇中学,晋元,上海市晋元高级中学,,区属,21,【普陀】【2023】名额到校计划.pdf（人工读图转录，转录文件：名额到校计划-普陀区-2023-人工转录.csv）,
2023,071056,上海市梅陇中学,宜川,上海市宜川中学,,区属,20,【普陀】【2023】名额到校计划.pdf（人工读图转录，转录文件：名额到校计划-普陀区-2023-人工转录.csv）,
2023,073004,上海市曹杨中学,华二,华东师范大学第二附属中学,,委属,0,【普陀】【2023】名额到校计划.pdf（人工读图转录，转录文件：名额到校计划-普陀区-2023-人工转录.csv）,
2023,073004,上海市曹杨中学,上中,上海市上海中学,,委属,0,【普陀】【2023】名额到校计划.pdf（人工读图转录，转录文件：名额到校计划-普陀区-2023-人工转录.csv）,
2023,073004,上海市曹杨中学,复附,复旦大学附属中学,,委属,1,【普陀】【2023】名额到校计划.pdf（人工读图转录，转录文件：名额到校计划-普陀区-2023-人工转录.csv）,
2023,073004,上海市曹杨中学,交附,上海交通大学附属中学,,委属,0,【普陀】【2023】名额到校计划.pdf（人工读图转录，转录文件：名额到校计划-普陀区-2023-人工转录.csv）,
2023,073004,上海市曹杨中学,上师大,上海师范大学附属中学,,委属,0,【普陀】【2023】名额到校计划.pdf（人工读图转录，转录文件：名额到校计划-普陀区-2023-人工转录.csv）,
2023,073004,上海市曹杨中学,华二普陀,华东师范大学第二附属中学（普陀校区）,,区属,3,【普陀】【2023】名额到校计划.pdf（人工读图转录，转录文件：名额到校计划-普陀区-2023-人工转录.csv）,
2023,073004,上海市曹杨中学,二中,上海市曹杨第二中学,,区属,7,【普陀】【2023】名额到校计划.pdf（人工读图转录，转录文件：名额到校计划-普陀区-2023-人工转录.csv）,
2023,073004,上海市曹杨中学,晋元,上海市晋元高级中学,,区属,8,【普陀】【2023】名额到校计划.pdf（人工读图转录，转录文件：名额到校计划-普陀区-2023-人工转录.csv）,
2023,073004,上海市曹杨中学,宜川,上海市宜川中学,,区属,8,【普陀】【2023】名额到校计划.pdf（人工读图转录，转录文件：名额到校计划-普陀区-2023-人工转录.csv）,
2023,074005,同济大学第二附属中学,华二,华东师范大学第二附属中学,,委属,0,【普陀】【2023】名额到校计划.pdf（人工读图转录，转录文件：名额到校计划-普陀区-2023-人工转录.csv）,
2023,074005,同济大学第二附属中学,上中,上海市上海中学,,委属,1,【普陀】【2023】名额到校计划.pdf（人工读图转录，转录文件：名额到校计划-普陀区-2023-人工转录.csv）,
2023,074005,同济大学第二附属中学,复附,复旦大学附属中学,,委属,0,【普陀】【2023】名额到校计划.pdf（人工读图转录，转录文件：名额到校计划-普陀区-2023-人工转录.csv）,
2023,074005,同济大学第二附属中学,交附,上海交通大学附属中学,,委属,0,【普陀】【2023】名额到校计划.pdf（人工读图转录，转录文件：名额到校计划-普陀区-2023-人工转录.csv）,
2023,074005,同济大学第二附属中学,上师大,上海师范大学附属中学,,委属,0,【普陀】【2023】名额到校计划.pdf（人工读图转录，转录文件：名额到校计划-普陀区-2023-人工转录.csv）,
2023,074005,同济大学第二附属中学,华二普陀,华东师范大学第二附属中学（普陀校区）,,区属,2,【普陀】【2023】名额到校计划.pdf（人工读图转录，转录文件：名额到校计划-普陀区-2023-人工转录.csv）,
2023,074005,同济大学第二附属中学,二中,上海市曹杨第二中学,,区属,9,【普陀】【2023】名额到校计划.pdf（人工读图转录，转录文件：名额到校计划-普陀区-2023-人工转录.csv）,
2023,074005,同济大学第二附属中学,晋元,上海市晋元高级中学,,区属,9,【普陀】【2023】名额到校计划.pdf（人工读图转录，转录文件：名额到校计划-普陀区-2023-人工转录.csv）,
2023,074005,同济大学第二附属中学,宜川,上海市宜川中学,,区属,8,【普陀】【2023】名额到校计划.pdf（人工读图转录，转录文件：名额到校计划-普陀区-2023-人工转录.csv）,
2023,074009,上海市新杨中学,华二,华东师范大学第二附属中学,,委属,0,【普陀】【2023】名额到校计划.pdf（人工读图转录，转录文件：名额到校计划-普陀区-2023-人工转录.csv）,
2023,074009,上海市新杨中学,上中,上海市上海中学,,委属,1,【普陀】【2023】名额到校计划.pdf（人工读图转录，转录文件：名额到校计划-普陀区-2023-人工转录.csv）,
2023,074009,上海市新杨中学,复附,复旦大学附属中学,,委属,0,【普陀】【2023】名额到校计划.pdf（人工读图转录，转录文件：名额到校计划-普陀区-2023-人工转录.csv）,
2023,074009,上海市新杨中学,交附,上海交通大学附属中学,,委属,0,【普陀】【2023】名额到校计划.pdf（人工读图转录，转录文件：名额到校计划-普陀区-2023-人工转录.csv）,
2023,074009,上海市新杨中学,上师大,上海师范大学附属中学,,委属,0,【普陀】【2023】名额到校计划.pdf（人工读图转录，转录文件：名额到校计划-普陀区-2023-人工转录.csv）,
2023,074009,上海市新杨中学,华二普陀,华东师范大学第二附属中学（普陀校区）,,区属,3,【普陀】【2023】名额到校计划.pdf（人工读图转录，转录文件：名额到校计划-普陀区-2023-人工转录.csv）,
2023,074009,上海市新杨中学,二中,上海市曹杨第二中学,,区属,7,【普陀】【2023】名额到校计划.pdf（人工读图转录，转录文件：名额到校计划-普陀区-2023-人工转录.csv）,
2023,074009,上海市新杨中学,晋元,上海市晋元高级中学,,区属,8,【普陀】【2023】名额到校计划.pdf（人工读图转录，转录文件：名额到校计划-普陀区-2023-人工转录.csv）,
2023,074009,上海市新杨中学,宜川,上海市宜川中学,,区属,8,【普陀】【2023】名额到校计划.pdf（人工读图转录，转录文件：名额到校计划-普陀区-2023-人工转录.csv）,
2023,074010,上海市长征中学,华二,华东师范大学第二附属中学,,委属,0,【普陀】【2023】名额到校计划.pdf（人工读图转录，转录文件：名额到校计划-普陀区-2023-人工转录.csv）,
2023,074010,上海市长征中学,上中,上海市上海中学,,委属,0,【普陀】【2023】名额到校计划.pdf（人工读图转录，转录文件：名额到校计划-普陀区-2023-人工转录.csv）,
2023,074010,上海市长征中学,复附,复旦大学附属中学,,委属,0,【普陀】【2023】名额到校计划.pdf（人工读图转录，转录文件：名额到校计划-普陀区-2023-人工转录.csv）,
2023,074010,上海市长征中学,交附,上海交通大学附属中学,,委属,0,【普陀】【2023】名额到校计划.pdf（人工读图转录，转录文件：名额到校计划-普陀区-2023-人工转录.csv）,
2023,074010,上海市长征中学,上师大,上海师范大学附属中学,,委属,0,【普陀】【2023】名额到校计划.pdf（人工读图转录，转录文件：名额到校计划-普陀区-2023-人工转录.csv）,
2023,074010,上海市长征中学,华二普陀,华东师范大学第二附属中学（普陀校区）,,区属,2,【普陀】【2023】名额到校计划.pdf（人工读图转录，转录文件：名额到校计划-普陀区-2023-人工转录.csv）,
2023,074010,上海市长征中学,二中,上海市曹杨第二中学,,区属,7,【普陀】【2023】名额到校计划.pdf（人工读图转录，转录文件：名额到校计划-普陀区-2023-人工转录.csv）,
2023,074010,上海市长征中学,晋元,上海市晋元高级中学,,区属,7,【普陀】【2023】名额到校计划.pdf（人工读图转录，转录文件：名额到校计划-普陀区-2023-人工转录.csv）,
2023,074010,上海市长征中学,宜川,上海市宜川中学,,区属,6,【普陀】【2023】名额到校计划.pdf（人工读图转录，转录文件：名额到校计划-普陀区-2023-人工转录.csv）,
2023,074011,上海市桃浦中学,华二,华东师范大学第二附属中学,,委属,0,【普陀】【2023】名额到校计划.pdf（人工读图转录，转录文件：名额到校计划-普陀区-2023-人工转录.csv）,
2023,074011,上海市桃浦中学,上中,上海市上海中学,,委属,0,【普陀】【2023】名额到校计划.pdf（人工读图转录，转录文件：名额到校计划-普陀区-2023-人工转录.csv）,
2023,074011,上海市桃浦中学,复附,复旦大学附属中学,,委属,1,【普陀】【2023】名额到校计划.pdf（人工读图转录，转录文件：名额到校计划-普陀区-2023-人工转录.csv）,
2023,074011,上海市桃浦中学,交附,上海交通大学附属中学,,委属,0,【普陀】【2023】名额到校计划.pdf（人工读图转录，转录文件：名额到校计划-普陀区-2023-人工转录.csv）,
2023,074011,上海市桃浦中学,上师大,上海师范大学附属中学,,委属,0,【普陀】【2023】名额到校计划.pdf（人工读图转录，转录文件：名额到校计划-普陀区-2023-人工转录.csv）,
2023,074011,上海市桃浦中学,华二普陀,华东师范大学第二附属中学（普陀校区）,,区属,2,【普陀】【2023】名额到校计划.pdf（人工读图转录，转录文件：名额到校计划-普陀区-2023-人工转录.csv）,
2023,074011,上海市桃浦中学,二中,上海市曹杨第二中学,,区属,4,【普陀】【2023】名额到校计划.pdf（人工读图转录，转录文件：名额到校计划-普陀区-2023-人工转录.csv）,
2023,074011,上海市桃浦中学,晋元,上海市晋元高级中学,,区属,3,【普陀】【2023】名额到校计划.pdf（人工读图转录，转录文件：名额到校计划-普陀区-2023-人工转录.csv）,
2023,074011,上海市桃浦中学,宜川,上海市宜川中学,,区属,3,【普陀】【2023】名额到校计划.pdf（人工读图转录，转录文件：名额到校计划-普陀区-2023-人工转录.csv）,
2023,074012,上海市晋元高级中学附属学校南校,华二,华东师范大学第二附属中学,,委属,0,【普陀】【2023】名额到校计划.pdf（人工读图转录，转录文件：名额到校计划-普陀区-2023-人工转录.csv）,
2023,074012,上海市晋元高级中学附属学校南校,上中,上海市上海中学,,委属,0,【普陀】【2023】名额到校计划.pdf（人工读图转录，转录文件：名额到校计划-普陀区-2023-人工转录.csv）,
2023,074012,上海市晋元高级中学附属学校南校,复附,复旦大学附属中学,,委属,0,【普陀】【2023】名额到校计划.pdf（人工读图转录，转录文件：名额到校计划-普陀区-2023-人工转录.csv）,
2023,074012,上海市晋元高级中学附属学校南校,交附,上海交通大学附属中学,,委属,1,【普陀】【2023】名额到校计划.pdf（人工读图转录，转录文件：名额到校计划-普陀区-2023-人工转录.csv）,
2023,074012,上海市晋元高级中学附属学校南校,上师大,上海师范大学附属中学,,委属,0,【普陀】【2023】名额到校计划.pdf（人工读图转录，转录文件：名额到校计划-普陀区-2023-人工转录.csv）,
2023,074012,上海市晋元高级中学附属学校南校,华二普陀,华东师范大学第二附属中学（普陀校区）,,区属,1,【普陀】【2023】名额到校计划.pdf（人工读图转录，转录文件：名额到校计划-普陀区-2023-人工转录.csv）,
2023,074012,上海市晋元高级中学附属学校南校,二中,上海市曹杨第二中学,,区属,1,【普陀】【2023】名额到校计划.pdf（人工读图转录，转录文件：名额到校计划-普陀区-2023-人工转录.csv）,
2023,074012,上海市晋元高级中学附属学校南校,晋元,上海市晋元高级中学,,区属,2,【普陀】【2023】名额到校计划.pdf（人工读图转录，转录文件：名额到校计划-普陀区-2023-人工转录.csv）,
2023,074012,上海市晋元高级中学附属学校南校,宜川,上海市宜川中学,,区属,2,【普陀】【2023】名额到校计划.pdf（人工读图转录，转录文件：名额到校计划-普陀区-2023-人工转录.csv）,
2023,075044,上海市光新学校,华二,华东师范大学第二附属中学,,委属,0,【普陀】【2023】名额到校计划.pdf（人工读图转录，转录文件：名额到校计划-普陀区-2023-人工转录.csv）,
2023,075044,上海市光新学校,上中,上海市上海中学,,委属,0,【普陀】【2023】名额到校计划.pdf（人工读图转录，转录文件：名额到校计划-普陀区-2023-人工转录.csv）,
2023,075044,上海市光新学校,复附,复旦大学附属中学,,委属,0,【普陀】【2023】名额到校计划.pdf（人工读图转录，转录文件：名额到校计划-普陀区-2023-人工转录.csv）,
2023,075044,上海市光新学校,交附,上海交通大学附属中学,,委属,0,【普陀】【2023】名额到校计划.pdf（人工读图转录，转录文件：名额到校计划-普陀区-2023-人工转录.csv）,
2023,075044,上海市光新学校,上师大,上海师范大学附属中学,,委属,0,【普陀】【2023】名额到校计划.pdf（人工读图转录，转录文件：名额到校计划-普陀区-2023-人工转录.csv）,
2023,075044,上海市光新学校,华二普陀,华东师范大学第二附属中学（普陀校区）,,区属,1,【普陀】【2023】名额到校计划.pdf（人工读图转录，转录文件：名额到校计划-普陀区-2023-人工转录.csv）,
2023,075044,上海市光新学校,二中,上海市曹杨第二中学,,区属,1,【普陀】【2023】名额到校计划.pdf（人工读图转录，转录文件：名额到校计划-普陀区-2023-人工转录.csv）,
2023,075044,上海市光新学校,晋元,上海市晋元高级中学,,区属,1,【普陀】【2023】名额到校计划.pdf（人工读图转录，转录文件：名额到校计划-普陀区-2023-人工转录.csv）,
2023,075044,上海市光新学校,宜川,上海市宜川中学,,区属,1,【普陀】【2023】名额到校计划.pdf（人工读图转录，转录文件：名额到校计划-普陀区-2023-人工转录.csv）,
2023,075061,上海市铜川学校,华二,华东师范大学第二附属中学,,委属,0,【普陀】【2023】名额到校计划.pdf（人工读图转录，转录文件：名额到校计划-普陀区-2023-人工转录.csv）,
2023,075061,上海市铜川学校,上中,上海市上海中学,,委属,0,【普陀】【2023】名额到校计划.pdf（人工读图转录，转录文件：名额到校计划-普陀区-2023-人工转录.csv）,
2023,075061,上海市铜川学校,复附,复旦大学附属中学,,委属,0,【普陀】【2023】名额到校计划.pdf（人工读图转录，转录文件：名额到校计划-普陀区-2023-人工转录.csv）,
2023,075061,上海市铜川学校,交附,上海交通大学附属中学,,委属,0,【普陀】【2023】名额到校计划.pdf（人工读图转录，转录文件：名额到校计划-普陀区-2023-人工转录.csv）,
2023,075061,上海市铜川学校,上师大,上海师范大学附属中学,,委属,0,【普陀】【2023】名额到校计划.pdf（人工读图转录，转录文件：名额到校计划-普陀区-2023-人工转录.csv）,
2023,075061,上海市铜川学校,华二普陀,华东师范大学第二附属中学（普陀校区）,,区属,1,【普陀】【2023】名额到校计划.pdf（人工读图转录，转录文件：名额到校计划-普陀区-2023-人工转录.csv）,
2023,075061,上海市铜川学校,二中,上海市曹杨第二中学,,区属,3,【普陀】【2023】名额到校计划.pdf（人工读图转录，转录文件：名额到校计划-普陀区-2023-人工转录.csv）,
2023,075061,上海市铜川学校,晋元,上海市晋元高级中学,,区属,3,【普陀】【2023】名额到校计划.pdf（人工读图转录，转录文件：名额到校计划-普陀区-2023-人工转录.csv）,
2023,075061,上海市铜川学校,宜川,上海市宜川中学,,区属,4,【普陀】【2023】名额到校计划.pdf（人工读图转录，转录文件：名额到校计划-普陀区-2023-人工转录.csv）,
2023,075062,上海市沙田学校,华二,华东师范大学第二附属中学,,委属,0,【普陀】【2023】名额到校计划.pdf（人工读图转录，转录文件：名额到校计划-普陀区-2023-人工转录.csv）,
2023,075062,上海市沙田学校,上中,上海市上海中学,,委属,0,【普陀】【2023】名额到校计划.pdf（人工读图转录，转录文件：名额到校计划-普陀区-2023-人工转录.csv）,
2023,075062,上海市沙田学校,复附,复旦大学附属中学,,委属,0,【普陀】【2023】名额到校计划.pdf（人工读图转录，转录文件：名额到校计划-普陀区-2023-人工转录.csv）,
2023,075062,上海市沙田学校,交附,上海交通大学附属中学,,委属,0,【普陀】【2023】名额到校计划.pdf（人工读图转录，转录文件：名额到校计划-普陀区-2023-人工转录.csv）,
2023,075062,上海市沙田学校,上师大,上海师范大学附属中学,,委属,0,【普陀】【2023】名额到校计划.pdf（人工读图转录，转录文件：名额到校计划-普陀区-2023-人工转录.csv）,
2023,075062,上海市沙田学校,华二普陀,华东师范大学第二附属中学（普陀校区）,,区属,1,【普陀】【2023】名额到校计划.pdf（人工读图转录，转录文件：名额到校计划-普陀区-2023-人工转录.csv）,
2023,075062,上海市沙田学校,二中,上海市曹杨第二中学,,区属,3,【普陀】【2023】名额到校计划.pdf（人工读图转录，转录文件：名额到校计划-普陀区-2023-人工转录.csv）,
2023,075062,上海市沙田学校,晋元,上海市晋元高级中学,,区属,3,【普陀】【2023】名额到校计划.pdf（人工读图转录，转录文件：名额到校计划-普陀区-2023-人工转录.csv）,
2023,075062,上海市沙田学校,宜川,上海市宜川中学,,区属,3,【普陀】【2023】名额到校计划.pdf（人工读图转录，转录文件：名额到校计划-普陀区-2023-人工转录.csv）,
2023,075063,华东师范大学附属外国语实验学校,华二,华东师范大学第二附属中学,,委属,0,【普陀】【2023】名额到校计划.pdf（人工读图转录，转录文件：名额到校计划-普陀区-2023-人工转录.csv）,
2023,075063,华东师范大学附属外国语实验学校,上中,上海市上海中学,,委属,0,【普陀】【2023】名额到校计划.pdf（人工读图转录，转录文件：名额到校计划-普陀区-2023-人工转录.csv）,
2023,075063,华东师范大学附属外国语实验学校,复附,复旦大学附属中学,,委属,0,【普陀】【2023】名额到校计划.pdf（人工读图转录，转录文件：名额到校计划-普陀区-2023-人工转录.csv）,
2023,075063,华东师范大学附属外国语实验学校,交附,上海交通大学附属中学,,委属,0,【普陀】【2023】名额到校计划.pdf（人工读图转录，转录文件：名额到校计划-普陀区-2023-人工转录.csv）,
2023,075063,华东师范大学附属外国语实验学校,上师大,上海师范大学附属中学,,委属,0,【普陀】【2023】名额到校计划.pdf（人工读图转录，转录文件：名额到校计划-普陀区-2023-人工转录.csv）,
2023,075063,华东师范大学附属外国语实验学校,华二普陀,华东师范大学第二附属中学（普陀校区）,,区属,1,【普陀】【2023】名额到校计划.pdf（人工读图转录，转录文件：名额到校计划-普陀区-2023-人工转录.csv）,
2023,075063,华东师范大学附属外国语实验学校,二中,上海市曹杨第二中学,,区属,5,【普陀】【2023】名额到校计划.pdf（人工读图转录，转录文件：名额到校计划-普陀区-2023-人工转录.csv）,
2023,075063,华东师范大学附属外国语实验学校,晋元,上海市晋元高级中学,,区属,4,【普陀】【2023】名额到校计划.pdf（人工读图转录，转录文件：名额到校计划-普陀区-2023-人工转录.csv）,
2023,075063,华东师范大学附属外国语实验学校,宜川,上海市宜川中学,,区属,5,【普陀】【2023】名额到校计划.pdf（人工读图转录，转录文件：名额到校计划-普陀区-2023-人工转录.csv）,
2023,075064,上海市子长学校,华二,华东师范大学第二附属中学,,委属,0,【普陀】【2023】名额到校计划.pdf（人工读图转录，转录文件：名额到校计划-普陀区-2023-人工转录.csv）,
2023,075064,上海市子长学校,上中,上海市上海中学,,委属,0,【普陀】【2023】名额到校计划.pdf（人工读图转录，转录文件：名额到校计划-普陀区-2023-人工转录.csv）,
2023,075064,上海市子长学校,复附,复旦大学附属中学,,委属,0,【普陀】【2023】名额到校计划.pdf（人工读图转录，转录文件：名额到校计划-普陀区-2023-人工转录.csv）,
2023,075064,上海市子长学校,交附,上海交通大学附属中学,,委属,0,【普陀】【2023】名额到校计划.pdf（人工读图转录，转录文件：名额到校计划-普陀区-2023-人工转录.csv）,
2023,075064,上海市子长学校,上师大,上海师范大学附属中学,,委属,0,【普陀】【2023】名额到校计划.pdf（人工读图转录，转录文件：名额到校计划-普陀区-2023-人工转录.csv）,
2023,075064,上海市子长学校,华二普陀,华东师范大学第二附属中学（普陀校区）,,区属,1,【普陀】【2023】名额到校计划.pdf（人工读图转录，转录文件：名额到校计划-普陀区-2023-人工转录.csv）,
2023,075064,上海市子长学校,二中,上海市曹杨第二中学,,区属,1,【普陀】【2023】名额到校计划.pdf（人工读图转录，转录文件：名额到校计划-普陀区-2023-人工转录.csv）,
2023,075064,上海市子长学校,晋元,上海市晋元高级中学,,区属,2,【普陀】【2023】名额到校计划.pdf（人工读图转录，转录文件：名额到校计划-普陀区-2023-人工转录.csv）,
2023,075064,上海市子长学校,宜川,上海市宜川中学,,区属,2,【普陀】【2023】名额到校计划.pdf（人工读图转录，转录文件：名额到校计划-普陀区-2023-人工转录.csv）,
2023,075065,上海市洛川学校,华二,华东师范大学第二附属中学,,委属,0,【普陀】【2023】名额到校计划.pdf（人工读图转录，转录文件：名额到校计划-普陀区-2023-人工转录.csv）,
2023,075065,上海市洛川学校,上中,上海市上海中学,,委属,0,【普陀】【2023】名额到校计划.pdf（人工读图转录，转录文件：名额到校计划-普陀区-2023-人工转录.csv）,
2023,075065,上海市洛川学校,复附,复旦大学附属中学,,委属,0,【普陀】【2023】名额到校计划.pdf（人工读图转录，转录文件：名额到校计划-普陀区-2023-人工转录.csv）,
2023,075065,上海市洛川学校,交附,上海交通大学附属中学,,委属,0,【普陀】【2023】名额到校计划.pdf（人工读图转录，转录文件：名额到校计划-普陀区-2023-人工转录.csv）,
2023,075065,上海市洛川学校,上师大,上海师范大学附属中学,,委属,0,【普陀】【2023】名额到校计划.pdf（人工读图转录，转录文件：名额到校计划-普陀区-2023-人工转录.csv）,
2023,075065,上海市洛川学校,华二普陀,华东师范大学第二附属中学（普陀校区）,,区属,1,【普陀】【2023】名额到校计划.pdf（人工读图转录，转录文件：名额到校计划-普陀区-2023-人工转录.csv）,
2023,075065,上海市洛川学校,二中,上海市曹杨第二中学,,区属,4,【普陀】【2023】名额到校计划.pdf（人工读图转录，转录文件：名额到校计划-普陀区-2023-人工转录.csv）,
2023,075065,上海市洛川学校,晋元,上海市晋元高级中学,,区属,3,【普陀】【2023】名额到校计划.pdf（人工读图转录，转录文件：名额到校计划-普陀区-2023-人工转录.csv）,
2023,075065,上海市洛川学校,宜川,上海市宜川中学,,区属,3,【普陀】【2023】名额到校计划.pdf（人工读图转录，转录文件：名额到校计划-普陀区-2023-人工转录.csv）,
2023,075066,上海市宜川中学附属学校,华二,华东师范大学第二附属中学,,委属,0,【普陀】【2023】名额到校计划.pdf（人工读图转录，转录文件：名额到校计划-普陀区-2023-人工转录.csv）,
2023,075066,上海市宜川中学附属学校,上中,上海市上海中学,,委属,0,【普陀】【2023】名额到校计划.pdf（人工读图转录，转录文件：名额到校计划-普陀区-2023-人工转录.csv）,
2023,075066,上海市宜川中学附属学校,复附,复旦大学附属中学,,委属,0,【普陀】【2023】名额到校计划.pdf（人工读图转录，转录文件：名额到校计划-普陀区-2023-人工转录.csv）,
2023,075066,上海市宜川中学附属学校,交附,上海交通大学附属中学,,委属,0,【普陀】【2023】名额到校计划.pdf（人工读图转录，转录文件：名额到校计划-普陀区-2023-人工转录.csv）,
2023,075066,上海市宜川中学附属学校,上师大,上海师范大学附属中学,,委属,0,【普陀】【2023】名额到校计划.pdf（人工读图转录，转录文件：名额到校计划-普陀区-2023-人工转录.csv）,
2023,075066,上海市宜川中学附属学校,华二普陀,华东师范大学第二附属中学（普陀校区）,,区属,2,【普陀】【2023】名额到校计划.pdf（人工读图转录，转录文件：名额到校计划-普陀区-2023-人工转录.csv）,
2023,075066,上海市宜川中学附属学校,二中,上海市曹杨第二中学,,区属,4,【普陀】【2023】名额到校计划.pdf（人工读图转录，转录文件：名额到校计划-普陀区-2023-人工转录.csv）,
2023,075066,上海市宜川中学附属学校,晋元,上海市晋元高级中学,,区属,3,【普陀】【2023】名额到校计划.pdf（人工读图转录，转录文件：名额到校计划-普陀区-2023-人工转录.csv）,
2023,075066,上海市宜川中学附属学校,宜川,上海市宜川中学,,区属,3,【普陀】【2023】名额到校计划.pdf（人工读图转录，转录文件：名额到校计划-普陀区-2023-人工转录.csv）,
2023,075067,上海市曹杨中学附属学校,华二,华东师范大学第二附属中学,,委属,0,【普陀】【2023】名额到校计划.pdf（人工读图转录，转录文件：名额到校计划-普陀区-2023-人工转录.csv）,
2023,075067,上海市曹杨中学附属学校,上中,上海市上海中学,,委属,0,【普陀】【2023】名额到校计划.pdf（人工读图转录，转录文件：名额到校计划-普陀区-2023-人工转录.csv）,
2023,075067,上海市曹杨中学附属学校,复附,复旦大学附属中学,,委属,0,【普陀】【2023】名额到校计划.pdf（人工读图转录，转录文件：名额到校计划-普陀区-2023-人工转录.csv）,
2023,075067,上海市曹杨中学附属学校,交附,上海交通大学附属中学,,委属,0,【普陀】【2023】名额到校计划.pdf（人工读图转录，转录文件：名额到校计划-普陀区-2023-人工转录.csv）,
2023,075067,上海市曹杨中学附属学校,上师大,上海师范大学附属中学,,委属,0,【普陀】【2023】名额到校计划.pdf（人工读图转录，转录文件：名额到校计划-普陀区-2023-人工转录.csv）,
2023,075067,上海市曹杨中学附属学校,华二普陀,华东师范大学第二附属中学（普陀校区）,,区属,1,【普陀】【2023】名额到校计划.pdf（人工读图转录，转录文件：名额到校计划-普陀区-2023-人工转录.csv）,
2023,075067,上海市曹杨中学附属学校,二中,上海市曹杨第二中学,,区属,4,【普陀】【2023】名额到校计划.pdf（人工读图转录，转录文件：名额到校计划-普陀区-2023-人工转录.csv）,
2023,075067,上海市曹杨中学附属学校,晋元,上海市晋元高级中学,,区属,4,【普陀】【2023】名额到校计划.pdf（人工读图转录，转录文件：名额到校计划-普陀区-2023-人工转录.csv）,
2023,075067,上海市曹杨中学附属学校,宜川,上海市宜川中学,,区属,4,【普陀】【2023】名额到校计划.pdf（人工读图转录，转录文件：名额到校计划-普陀区-2023-人工转录.csv）,
2023,075068,上海市普陀区教育学院附属学校,华二,华东师范大学第二附属中学,,委属,0,【普陀】【2023】名额到校计划.pdf（人工读图转录，转录文件：名额到校计划-普陀区-2023-人工转录.csv）,
2023,075068,上海市普陀区教育学院附属学校,上中,上海市上海中学,,委属,0,【普陀】【2023】名额到校计划.pdf（人工读图转录，转录文件：名额到校计划-普陀区-2023-人工转录.csv）,
2023,075068,上海市普陀区教育学院附属学校,复附,复旦大学附属中学,,委属,0,【普陀】【2023】名额到校计划.pdf（人工读图转录，转录文件：名额到校计划-普陀区-2023-人工转录.csv）,
2023,075068,上海市普陀区教育学院附属学校,交附,上海交通大学附属中学,,委属,0,【普陀】【2023】名额到校计划.pdf（人工读图转录，转录文件：名额到校计划-普陀区-2023-人工转录.csv）,
2023,075068,上海市普陀区教育学院附属学校,上师大,上海师范大学附属中学,,委属,0,【普陀】【2023】名额到校计划.pdf（人工读图转录，转录文件：名额到校计划-普陀区-2023-人工转录.csv）,
2023,075068,上海市普陀区教育学院附属学校,华二普陀,华东师范大学第二附属中学（普陀校区）,,区属,1,【普陀】【2023】名额到校计划.pdf（人工读图转录，转录文件：名额到校计划-普陀区-2023-人工转录.csv）,
2023,075068,上海市普陀区教育学院附属学校,二中,上海市曹杨第二中学,,区属,1,【普陀】【2023】名额到校计划.pdf（人工读图转录，转录文件：名额到校计划-普陀区-2023-人工转录.csv）,
2023,075068,上海市普陀区教育学院附属学校,晋元,上海市晋元高级中学,,区属,1,【普陀】【2023】名额到校计划.pdf（人工读图转录，转录文件：名额到校计划-普陀区-2023-人工转录.csv）,
2023,075068,上海市普陀区教育学院附属学校,宜川,上海市宜川中学,,区属,1,【普陀】【2023】名额到校计划.pdf（人工读图转录，转录文件：名额到校计划-普陀区-2023-人工转录.csv）,
2023,075069,上海市晋元高级中学附属学校,华二,华东师范大学第二附属中学,,委属,0,【普陀】【2023】名额到校计划.pdf（人工读图转录，转录文件：名额到校计划-普陀区-2023-人工转录.csv）,
2023,075069,上海市晋元高级中学附属学校,上中,上海市上海中学,,委属,0,【普陀】【2023】名额到校计划.pdf（人工读图转录，转录文件：名额到校计划-普陀区-2023-人工转录.csv）,
2023,075069,上海市晋元高级中学附属学校,复附,复旦大学附属中学,,委属,0,【普陀】【2023】名额到校计划.pdf（人工读图转录，转录文件：名额到校计划-普陀区-2023-人工转录.csv）,
2023,075069,上海市晋元高级中学附属学校,交附,上海交通大学附属中学,,委属,0,【普陀】【2023】名额到校计划.pdf（人工读图转录，转录文件：名额到校计划-普陀区-2023-人工转录.csv）,
2023,075069,上海市晋元高级中学附属学校,上师大,上海师范大学附属中学,,委属,1,【普陀】【2023】名额到校计划.pdf（人工读图转录，转录文件：名额到校计划-普陀区-2023-人工转录.csv）,
2023,075069,上海市晋元高级中学附属学校,华二普陀,华东师范大学第二附属中学（普陀校区）,,区属,4,【普陀】【2023】名额到校计划.pdf（人工读图转录，转录文件：名额到校计划-普陀区-2023-人工转录.csv）,
2023,075069,上海市晋元高级中学附属学校,二中,上海市曹杨第二中学,,区属,14,【普陀】【2023】名额到校计划.pdf（人工读图转录，转录文件：名额到校计划-普陀区-2023-人工转录.csv）,
2023,075069,上海市晋元高级中学附属学校,晋元,上海市晋元高级中学,,区属,16,【普陀】【2023】名额到校计划.pdf（人工读图转录，转录文件：名额到校计划-普陀区-2023-人工转录.csv）,
2023,075069,上海市晋元高级中学附属学校,宜川,上海市宜川中学,,区属,16,【普陀】【2023】名额到校计划.pdf（人工读图转录，转录文件：名额到校计划-普陀区-2023-人工转录.csv）,
2023,075070,上海市曹杨第二中学附属学校,华二,华东师范大学第二附属中学,,委属,0,【普陀】【2023】名额到校计划.pdf（人工读图转录，转录文件：名额到校计划-普陀区-2023-人工转录.csv）,
2023,075070,上海市曹杨第二中学附属学校,上中,上海市上海中学,,委属,0,【普陀】【2023】名额到校计划.pdf（人工读图转录，转录文件：名额到校计划-普陀区-2023-人工转录.csv）,
2023,075070,上海市曹杨第二中学附属学校,复附,复旦大学附属中学,,委属,0,【普陀】【2023】名额到校计划.pdf（人工读图转录，转录文件：名额到校计划-普陀区-2023-人工转录.csv）,
2023,075070,上海市曹杨第二中学附属学校,交附,上海交通大学附属中学,,委属,1,【普陀】【2023】名额到校计划.pdf（人工读图转录，转录文件：名额到校计划-普陀区-2023-人工转录.csv）,
2023,075070,上海市曹杨第二中学附属学校,上师大,上海师范大学附属中学,,委属,0,【普陀】【2023】名额到校计划.pdf（人工读图转录，转录文件：名额到校计划-普陀区-2023-人工转录.csv）,
2023,075070,上海市曹杨第二中学附属学校,华二普陀,华东师范大学第二附属中学（普陀校区）,,区属,3,【普陀】【2023】名额到校计划.pdf（人工读图转录，转录文件：名额到校计划-普陀区-2023-人工转录.csv）,
2023,075070,上海市曹杨第二中学附属学校,二中,上海市曹杨第二中学,,区属,12,【普陀】【2023】名额到校计划.pdf（人工读图转录，转录文件：名额到校计划-普陀区-2023-人工转录.csv）,
2023,075070,上海市曹杨第二中学附属学校,晋元,上海市晋元高级中学,,区属,11,【普陀】【2023】名额到校计划.pdf（人工读图转录，转录文件：名额到校计划-普陀区-2023-人工转录.csv）,
2023,075070,上海市曹杨第二中学附属学校,宜川,上海市宜川中学,,区属,11,【普陀】【2023】名额到校计划.pdf（人工读图转录，转录文件：名额到校计划-普陀区-2023-人工转录.csv）,
2023,075072,上海市江宁学校,华二,华东师范大学第二附属中学,,委属,1,【普陀】【2023】名额到校计划.pdf（人工读图转录，转录文件：名额到校计划-普陀区-2023-人工转录.csv）,
2023,075072,上海市江宁学校,上中,上海市上海中学,,委属,0,【普陀】【2023】名额到校计划.pdf（人工读图转录，转录文件：名额到校计划-普陀区-2023-人工转录.csv）,
2023,075072,上海市江宁学校,复附,复旦大学附属中学,,委属,0,【普陀】【2023】名额到校计划.pdf（人工读图转录，转录文件：名额到校计划-普陀区-2023-人工转录.csv）,
2023,075072,上海市江宁学校,交附,上海交通大学附属中学,,委属,0,【普陀】【2023】名额到校计划.pdf（人工读图转录，转录文件：名额到校计划-普陀区-2023-人工转录.csv）,
2023,075072,上海市江宁学校,上师大,上海师范大学附属中学,,委属,0,【普陀】【2023】名额到校计划.pdf（人工读图转录，转录文件：名额到校计划-普陀区-2023-人工转录.csv）,
2023,075072,上海市江宁学校,华二普陀,华东师范大学第二附属中学（普陀校区）,,区属,1,【普陀】【2023】名额到校计划.pdf（人工读图转录，转录文件：名额到校计划-普陀区-2023-人工转录.csv）,
2023,075072,上海市江宁学校,二中,上海市曹杨第二中学,,区属,5,【普陀】【2023】名额到校计划.pdf（人工读图转录，转录文件：名额到校计划-普陀区-2023-人工转录.csv）,
2023,075072,上海市江宁学校,晋元,上海市晋元高级中学,,区属,5,【普陀】【2023】名额到校计划.pdf（人工读图转录，转录文件：名额到校计划-普陀区-2023-人工转录.csv）,
2023,075072,上海市江宁学校,宜川,上海市宜川中学,,区属,6,【普陀】【2023】名额到校计划.pdf（人工读图转录，转录文件：名额到校计划-普陀区-2023-人工转录.csv）,
2023,075073,上海市中远实验学校,华二,华东师范大学第二附属中学,,委属,0,【普陀】【2023】名额到校计划.pdf（人工读图转录，转录文件：名额到校计划-普陀区-2023-人工转录.csv）,
2023,075073,上海市中远实验学校,上中,上海市上海中学,,委属,0,【普陀】【2023】名额到校计划.pdf（人工读图转录，转录文件：名额到校计划-普陀区-2023-人工转录.csv）,
2023,075073,上海市中远实验学校,复附,复旦大学附属中学,,委属,0,【普陀】【2023】名额到校计划.pdf（人工读图转录，转录文件：名额到校计划-普陀区-2023-人工转录.csv）,
2023,075073,上海市中远实验学校,交附,上海交通大学附属中学,,委属,0,【普陀】【2023】名额到校计划.pdf（人工读图转录，转录文件：名额到校计划-普陀区-2023-人工转录.csv）,
2023,075073,上海市中远实验学校,上师大,上海师范大学附属中学,,委属,0,【普陀】【2023】名额到校计划.pdf（人工读图转录，转录文件：名额到校计划-普陀区-2023-人工转录.csv）,
2023,075073,上海市中远实验学校,华二普陀,华东师范大学第二附属中学（普陀校区）,,区属,1,【普陀】【2023】名额到校计划.pdf（人工读图转录，转录文件：名额到校计划-普陀区-2023-人工转录.csv）,
2023,075073,上海市中远实验学校,二中,上海市曹杨第二中学,,区属,6,【普陀】【2023】名额到校计划.pdf（人工读图转录，转录文件：名额到校计划-普陀区-2023-人工转录.csv）,
2023,075073,上海市中远实验学校,晋元,上海市晋元高级中学,,区属,5,【普陀】【2023】名额到校计划.pdf（人工读图转录，转录文件：名额到校计划-普陀区-2023-人工转录.csv）,
2023,075073,上海市中远实验学校,宜川,上海市宜川中学,,区属,5,【普陀】【2023】名额到校计划.pdf（人工读图转录，转录文件：名额到校计划-普陀区-2023-人工转录.csv）,
2023,075077,上海市金鼎学校,华二,华东师范大学第二附属中学,,委属,0,【普陀】【2023】名额到校计划.pdf（人工读图转录，转录文件：名额到校计划-普陀区-2023-人工转录.csv）,
2023,075077,上海市金鼎学校,上中,上海市上海中学,,委属,0,【普陀】【2023】名额到校计划.pdf（人工读图转录，转录文件：名额到校计划-普陀区-2023-人工转录.csv）,
2023,075077,上海市金鼎学校,复附,复旦大学附属中学,,委属,0,【普陀】【2023】名额到校计划.pdf（人工读图转录，转录文件：名额到校计划-普陀区-2023-人工转录.csv）,
2023,075077,上海市金鼎学校,交附,上海交通大学附属中学,,委属,0,【普陀】【2023】名额到校计划.pdf（人工读图转录，转录文件：名额到校计划-普陀区-2023-人工转录.csv）,
2023,075077,上海市金鼎学校,上师大,上海师范大学附属中学,,委属,0,【普陀】【2023】名额到校计划.pdf（人工读图转录，转录文件：名额到校计划-普陀区-2023-人工转录.csv）,
2023,075077,上海市金鼎学校,华二普陀,华东师范大学第二附属中学（普陀校区）,,区属,1,【普陀】【2023】名额到校计划.pdf（人工读图转录，转录文件：名额到校计划-普陀区-2023-人工转录.csv）,
2023,075077,上海市金鼎学校,二中,上海市曹杨第二中学,,区属,1,【普陀】【2023】名额到校计划.pdf（人工读图转录，转录文件：名额到校计划-普陀区-2023-人工转录.csv）,
2023,075077,上海市金鼎学校,晋元,上海市晋元高级中学,,区属,1,【普陀】【2023】名额到校计划.pdf（人工读图转录，转录文件：名额到校计划-普陀区-2023-人工转录.csv）,
2023,075077,上海市金鼎学校,宜川,上海市宜川中学,,区属,1,【普陀】【2023】名额到校计划.pdf（人工读图转录，转录文件：名额到校计划-普陀区-2023-人工转录.csv）,
2023,075078,上海外国语大学尚阳外国语学校,华二,华东师范大学第二附属中学,,委属,0,【普陀】【2023】名额到校计划.pdf（人工读图转录，转录文件：名额到校计划-普陀区-2023-人工转录.csv）,
2023,075078,上海外国语大学尚阳外国语学校,上中,上海市上海中学,,委属,0,【普陀】【2023】名额到校计划.pdf（人工读图转录，转录文件：名额到校计划-普陀区-2023-人工转录.csv）,
2023,075078,上海外国语大学尚阳外国语学校,复附,复旦大学附属中学,,委属,0,【普陀】【2023】名额到校计划.pdf（人工读图转录，转录文件：名额到校计划-普陀区-2023-人工转录.csv）,
2023,075078,上海外国语大学尚阳外国语学校,交附,上海交通大学附属中学,,委属,0,【普陀】【2023】名额到校计划.pdf（人工读图转录，转录文件：名额到校计划-普陀区-2023-人工转录.csv）,
2023,075078,上海外国语大学尚阳外国语学校,上师大,上海师范大学附属中学,,委属,0,【普陀】【2023】名额到校计划.pdf（人工读图转录，转录文件：名额到校计划-普陀区-2023-人工转录.csv）,
2023,075078,上海外国语大学尚阳外国语学校,华二普陀,华东师范大学第二附属中学（普陀校区）,,区属,1,【普陀】【2023】名额到校计划.pdf（人工读图转录，转录文件：名额到校计划-普陀区-2023-人工转录.csv）,
2023,075078,上海外国语大学尚阳外国语学校,二中,上海市曹杨第二中学,,区属,5,【普陀】【2023】名额到校计划.pdf（人工读图转录，转录文件：名额到校计划-普陀区-2023-人工转录.csv）,
2023,075078,上海外国语大学尚阳外国语学校,晋元,上海市晋元高级中学,,区属,5,【普陀】【2023】名额到校计划.pdf（人工读图转录，转录文件：名额到校计划-普陀区-2023-人工转录.csv）,
2023,075078,上海外国语大学尚阳外国语学校,宜川,上海市宜川中学,,区属,5,【普陀】【2023】名额到校计划.pdf（人工读图转录，转录文件：名额到校计划-普陀区-2023-人工转录.csv）,
2023,075079,上海市文达学校,华二,华东师范大学第二附属中学,,委属,0,【普陀】【2023】名额到校计划.pdf（人工读图转录，转录文件：名额到校计划-普陀区-2023-人工转录.csv）,
2023,075079,上海市文达学校,上中,上海市上海中学,,委属,0,【普陀】【2023】名额到校计划.pdf（人工读图转录，转录文件：名额到校计划-普陀区-2023-人工转录.csv）,
2023,075079,上海市文达学校,复附,复旦大学附属中学,,委属,1,【普陀】【2023】名额到校计划.pdf（人工读图转录，转录文件：名额到校计划-普陀区-2023-人工转录.csv）,
2023,075079,上海市文达学校,交附,上海交通大学附属中学,,委属,0,【普陀】【2023】名额到校计划.pdf（人工读图转录，转录文件：名额到校计划-普陀区-2023-人工转录.csv）,
2023,075079,上海市文达学校,上师大,上海师范大学附属中学,,委属,0,【普陀】【2023】名额到校计划.pdf（人工读图转录，转录文件：名额到校计划-普陀区-2023-人工转录.csv）,
2023,075079,上海市文达学校,华二普陀,华东师范大学第二附属中学（普陀校区）,,区属,1,【普陀】【2023】名额到校计划.pdf（人工读图转录，转录文件：名额到校计划-普陀区-2023-人工转录.csv）,
2023,075079,上海市文达学校,二中,上海市曹杨第二中学,,区属,3,【普陀】【2023】名额到校计划.pdf（人工读图转录，转录文件：名额到校计划-普陀区-2023-人工转录.csv）,
2023,075079,上海市文达学校,晋元,上海市晋元高级中学,,区属,4,【普陀】【2023】名额到校计划.pdf（人工读图转录，转录文件：名额到校计划-普陀区-2023-人工转录.csv）,
2023,075079,上海市文达学校,宜川,上海市宜川中学,,区属,3,【普陀】【2023】名额到校计划.pdf（人工读图转录，转录文件：名额到校计划-普陀区-2023-人工转录.csv）,
2023,075080,上海理工大学附属普陀实验学校,华二,华东师范大学第二附属中学,,委属,0,【普陀】【2023】名额到校计划.pdf（人工读图转录，转录文件：名额到校计划-普陀区-2023-人工转录.csv）,
2023,075080,上海理工大学附属普陀实验学校,上中,上海市上海中学,,委属,0,【普陀】【2023】名额到校计划.pdf（人工读图转录，转录文件：名额到校计划-普陀区-2023-人工转录.csv）,
2023,075080,上海理工大学附属普陀实验学校,复附,复旦大学附属中学,,委属,0,【普陀】【2023】名额到校计划.pdf（人工读图转录，转录文件：名额到校计划-普陀区-2023-人工转录.csv）,
2023,075080,上海理工大学附属普陀实验学校,交附,上海交通大学附属中学,,委属,0,【普陀】【2023】名额到校计划.pdf（人工读图转录，转录文件：名额到校计划-普陀区-2023-人工转录.csv）,
2023,075080,上海理工大学附属普陀实验学校,上师大,上海师范大学附属中学,,委属,0,【普陀】【2023】名额到校计划.pdf（人工读图转录，转录文件：名额到校计划-普陀区-2023-人工转录.csv）,
2023,075080,上海理工大学附属普陀实验学校,华二普陀,华东师范大学第二附属中学（普陀校区）,,区属,1,【普陀】【2023】名额到校计划.pdf（人工读图转录，转录文件：名额到校计划-普陀区-2023-人工转录.csv）,
2023,075080,上海理工大学附属普陀实验学校,二中,上海市曹杨第二中学,,区属,1,【普陀】【2023】名额到校计划.pdf（人工读图转录，转录文件：名额到校计划-普陀区-2023-人工转录.csv）,
2023,075080,上海理工大学附属普陀实验学校,晋元,上海市晋元高级中学,,区属,1,【普陀】【2023】名额到校计划.pdf（人工读图转录，转录文件：名额到校计划-普陀区-2023-人工转录.csv）,
2023,075080,上海理工大学附属普陀实验学校,宜川,上海市宜川中学,,区属,1,【普陀】【2023】名额到校计划.pdf（人工读图转录，转录文件：名额到校计划-普陀区-2023-人工转录.csv）,
2023,075113,上海市万里城实验学校,华二,华东师范大学第二附属中学,,委属,0,【普陀】【2023】名额到校计划.pdf（人工读图转录，转录文件：名额到校计划-普陀区-2023-人工转录.csv）,
2023,075113,上海市万里城实验学校,上中,上海市上海中学,,委属,0,【普陀】【2023】名额到校计划.pdf（人工读图转录，转录文件：名额到校计划-普陀区-2023-人工转录.csv）,
2023,075113,上海市万里城实验学校,复附,复旦大学附属中学,,委属,0,【普陀】【2023】名额到校计划.pdf（人工读图转录，转录文件：名额到校计划-普陀区-2023-人工转录.csv）,
2023,075113,上海市万里城实验学校,交附,上海交通大学附属中学,,委属,0,【普陀】【2023】名额到校计划.pdf（人工读图转录，转录文件：名额到校计划-普陀区-2023-人工转录.csv）,
2023,075113,上海市万里城实验学校,上师大,上海师范大学附属中学,,委属,0,【普陀】【2023】名额到校计划.pdf（人工读图转录，转录文件：名额到校计划-普陀区-2023-人工转录.csv）,
2023,075113,上海市万里城实验学校,华二普陀,华东师范大学第二附属中学（普陀校区）,,区属,2,【普陀】【2023】名额到校计划.pdf（人工读图转录，转录文件：名额到校计划-普陀区-2023-人工转录.csv）,
2023,075113,上海市万里城实验学校,二中,上海市曹杨第二中学,,区属,4,【普陀】【2023】名额到校计划.pdf（人工读图转录，转录文件：名额到校计划-普陀区-2023-人工转录.csv）,
2023,075113,上海市万里城实验学校,晋元,上海市晋元高级中学,,区属,5,【普陀】【2023】名额到校计划.pdf（人工读图转录，转录文件：名额到校计划-普陀区-2023-人工转录.csv）,
2023,075113,上海市万里城实验学校,宜川,上海市宜川中学,,区属,5,【普陀】【2023】名额到校计划.pdf（人工读图转录，转录文件：名额到校计划-普陀区-2023-人工转录.csv）,
